v1_chunk_id,v2_chunk_ids,mapping_status,policy_source,policy_action,document_id,page_number_1_based
5448a7db05d4e4d08f71323f28c012e4e8d8791c127c5836ee2fff06c04c5674,5448a7db05d4e4d08f71323f28c012e4e8d8791c127c5836ee2fff06c04c5674,UNCHANGED_RETAINED,AUTOMATED_FULL_CORPUS_AUDIT,AUTO_QUALITY_PASS,1-DDURuPzYKBSvWKlcjunftgVwT9U0-N3,1
de9158bb37e1342799a68aeaecb3e4689decf0a7514e246d4e87ee132216e897,de9158bb37e1342799a68aeaecb3e4689decf0a7514e246d4e87ee132216e897,UNCHANGED_RETAINED,AUTOMATED_FULL_CORPUS_AUDIT,AUTO_QUALITY_PASS,1-DDURuPzYKBSvWKlcjunftgVwT9U0-N3,1
b935fcd542bb94335802f53d4bb99b73d6a21e1a05ec434405bc8b5b9b84b02a,b935fcd542bb94335802f53d4bb99b73d6a21e1a05ec434405bc8b5b9b84b02a,UNCHANGED_RETAINED,AUTOMATED_FULL_CORPUS_AUDIT,AUTO_QUALITY_PASS,1-EPCCQXoigDEi3OslrycbcTLuhM9E7r5,1
b77f93fff0f50f09f86280532f6cc7b1f7434d95156e4c3a4b73ea9001173fef,b77f93fff0f50f09f86280532f6cc7b1f7434d95156e4c3a4b73ea9001173fef,UNCHANGED_RETAINED,AUTOMATED_FULL_CORPUS_AUDIT,AUTO_QUALITY_PASS,1-EPCCQXoigDEi3OslrycbcTLuhM9E7r5,1
be0e896e501b9aec9895d7d8fbb0faeb52c679b32e1afdf637bc684acf97c0f0,be0e896e501b9aec9895d7d8fbb0faeb52c679b32e1afdf637bc684acf97c0f0,UNCHANGED_RETAINED,AUTOMATED_FULL_CORPUS_AUDIT,AUTO_QUALITY_PASS,1-EPCCQXoigDEi3OslrycbcTLuhM9E7r5,1
1ad893bb4a06a69989e14803d22bb5720d57ade10089a8c83154901f8c4f5ab8,,HUMAN_CONFIRMATION_QUARANTINE,HUMAN_REVIEW_FINAL,HUMAN_CONFIRMATION_REQUIRED,1-EPCCQXoigDEi3OslrycbcTLuhM9E7r5,1
826a7bc0d843dda01771688f9d657edd3f563c0f8fd2d6f2c8e0acd09f8b708b,826a7bc0d843dda01771688f9d657edd3f563c0f8fd2d6f2c8e0acd09f8b708b,UNCHANGED_RETAINED,HUMAN_REVIEW_FINAL,KEEP_RETRIEVAL_AND_DISPLAY,1-EPCCQXoigDEi3OslrycbcTLuhM9E7r5,2
c9620ab8ebe8a6c0aed4b6b2300ffe2d0ab49f0f76131632830aa97a5971092b,c9620ab8ebe8a6c0aed4b6b2300ffe2d0ab49f0f76131632830aa97a5971092b,UNCHANGED_RETAINED,AUTOMATED_FULL_CORPUS_AUDIT,AUTO_QUALITY_PASS,1-EPCCQXoigDEi3OslrycbcTLuhM9E7r5,2
cad6f1d7475dcaed7cf18a716d84cd5d858d20beb1cbc5fe4b078b2dcf4cdca9,cad6f1d7475dcaed7cf18a716d84cd5d858d20beb1cbc5fe4b078b2dcf4cdca9,UNCHANGED_RETAINED,AUTOMATED_FULL_CORPUS_AUDIT,AUTO_QUALITY_PASS,1-EPCCQXoigDEi3OslrycbcTLuhM9E7r5,2
1085f6d21695b2a8409dc4d4d6d417f5d0bfa3307c256cf21065bb01d896cedf,1085f6d21695b2a8409dc4d4d6d417f5d0bfa3307c256cf21065bb01d896cedf,RETRIEVAL_ONLY,HUMAN_REVIEW_FINAL,KEEP_RETRIEVAL_ONLY,1-EPCCQXoigDEi3OslrycbcTLuhM9E7r5,2
09f17504a5f6bcc2dfcef177b33bdaed88d4ddd52f325deca282dba88367bab9,09f17504a5f6bcc2dfcef177b33bdaed88d4ddd52f325deca282dba88367bab9,UNCHANGED_RETAINED,AUTOMATED_FULL_CORPUS_AUDIT,AUTO_QUALITY_PASS,1-EPCCQXoigDEi3OslrycbcTLuhM9E7r5,3
fde206ef424e4f3fe9b86c2200e0571e90535015fd7c744d0df8cc5d7ff3cbb7,fde206ef424e4f3fe9b86c2200e0571e90535015fd7c744d0df8cc5d7ff3cbb7,UNCHANGED_RETAINED,AUTOMATED_FULL_CORPUS_AUDIT,AUTO_QUALITY_PASS,1-EPCCQXoigDEi3OslrycbcTLuhM9E7r5,3
4541dbeaadf9629271bdfae62d5deca3f54ea00014e38da95231a0d65c2fae7f,4541dbeaadf9629271bdfae62d5deca3f54ea00014e38da95231a0d65c2fae7f,UNCHANGED_RETAINED,AUTOMATED_FULL_CORPUS_AUDIT,AUTO_QUALITY_PASS,1-EPCCQXoigDEi3OslrycbcTLuhM9E7r5,3
16e7755f47137bdbe4ed8f4f2674cc86f77c759af266ce72bd7b002f88b036df,16e7755f47137bdbe4ed8f4f2674cc86f77c759af266ce72bd7b002f88b036df,UNCHANGED_RETAINED,AUTOMATED_FULL_CORPUS_AUDIT,AUTO_QUALITY_PASS,1-EPCCQXoigDEi3OslrycbcTLuhM9E7r5,4
529c64c12d8d7e8c3a4c3721699e063c60f351ea087ceaa5875f0b60a09f1cd2,529c64c12d8d7e8c3a4c3721699e063c60f351ea087ceaa5875f0b60a09f1cd2,UNCHANGED_RETAINED,AUTOMATED_FULL_CORPUS_AUDIT,AUTO_QUALITY_PASS,1-EPCCQXoigDEi3OslrycbcTLuhM9E7r5,4
18a9a8424234fab2c18b6e4e1361be3f0d1c75350402d9d6c385f38f28337cd6,18a9a8424234fab2c18b6e4e1361be3f0d1c75350402d9d6c385f38f28337cd6,UNCHANGED_RETAINED,AUTOMATED_FULL_CORPUS_AUDIT,AUTO_QUALITY_PASS,1-EPCCQXoigDEi3OslrycbcTLuhM9E7r5,4
8e036596b4f659ec513221445b9149b238742e97af889aa23c04f7dedfe59854,8e036596b4f659ec513221445b9149b238742e97af889aa23c04f7dedfe59854,UNCHANGED_RETAINED,HUMAN_REVIEW_FINAL,KEEP_RETRIEVAL_AND_DISPLAY,1-EPCCQXoigDEi3OslrycbcTLuhM9E7r5,5
3d0304a9961fb36f6c5bff361e202981b59bc5b7c2ded870a8015c56736d3439,3d0304a9961fb36f6c5bff361e202981b59bc5b7c2ded870a8015c56736d3439,UNCHANGED_RETAINED,AUTOMATED_FULL_CORPUS_AUDIT,AUTO_QUALITY_PASS,1-EPCCQXoigDEi3OslrycbcTLuhM9E7r5,6
6f49bae20716d64337db9aab3684cf85090c880d9e71f2e6d125e007c0350b12,6f49bae20716d64337db9aab3684cf85090c880d9e71f2e6d125e007c0350b12,UNCHANGED_RETAINED,AUTOMATED_FULL_CORPUS_AUDIT,AUTO_QUALITY_PASS,1-EPCCQXoigDEi3OslrycbcTLuhM9E7r5,6
25b59828dc7df6a109bd134d0d3d6e8aafcb2d3bc5429fc435997f89b3e0f771,25b59828dc7df6a109bd134d0d3d6e8aafcb2d3bc5429fc435997f89b3e0f771,UNCHANGED_RETAINED,AUTOMATED_FULL_CORPUS_AUDIT,AUTO_QUALITY_PASS,1-EPCCQXoigDEi3OslrycbcTLuhM9E7r5,6
d89a981a5eefb281476096cba67583b842eca34b23e3cf9172552ce0272d05b3,d89a981a5eefb281476096cba67583b842eca34b23e3cf9172552ce0272d05b3,UNCHANGED_RETAINED,AUTOMATED_FULL_CORPUS_AUDIT,AUTO_QUALITY_PASS,1-EPCCQXoigDEi3OslrycbcTLuhM9E7r5,6
b0a2bf395372c2e01e7e0ba22107fe83d37b6c0a7450ae79ef64ca6eb6bb9537,b0a2bf395372c2e01e7e0ba22107fe83d37b6c0a7450ae79ef64ca6eb6bb9537,UNCHANGED_RETAINED,AUTOMATED_FULL_CORPUS_AUDIT,AUTO_QUALITY_PASS,1-EPCCQXoigDEi3OslrycbcTLuhM9E7r5,7
d0d0f9c17597c61c92faec52c6ae85f60c54fafae427fe96ff84937180ae2cc6,d0d0f9c17597c61c92faec52c6ae85f60c54fafae427fe96ff84937180ae2cc6,UNCHANGED_RETAINED,AUTOMATED_FULL_CORPUS_AUDIT,AUTO_QUALITY_PASS,1-EPCCQXoigDEi3OslrycbcTLuhM9E7r5,8
0d72628bd6ceb0d4fd1efb9e9361baa91514eba77df54ded3c67c55f41a71340,0d72628bd6ceb0d4fd1efb9e9361baa91514eba77df54ded3c67c55f41a71340,UNCHANGED_RETAINED,AUTOMATED_FULL_CORPUS_AUDIT,AUTO_QUALITY_PASS,1-EPCCQXoigDEi3OslrycbcTLuhM9E7r5,8
7091a0f79b8deedf8f7db0dd75a802cebb59115ed1e9b40cae5308d2425db94b,7091a0f79b8deedf8f7db0dd75a802cebb59115ed1e9b40cae5308d2425db94b,UNCHANGED_RETAINED,AUTOMATED_FULL_CORPUS_AUDIT,AUTO_QUALITY_PASS,1-EPCCQXoigDEi3OslrycbcTLuhM9E7r5,8
35e3c2f8a45ba26973f931dc8ec42b055fcc600cf8e9291632d19e3bb9b13c9a,35e3c2f8a45ba26973f931dc8ec42b055fcc600cf8e9291632d19e3bb9b13c9a,UNCHANGED_RETAINED,AUTOMATED_FULL_CORPUS_AUDIT,AUTO_QUALITY_PASS,1-EPCCQXoigDEi3OslrycbcTLuhM9E7r5,9
9b99a267b687958535890a3d785542b1491b2395839c28338550d6980cbbd234,eb13758f582ed91857fe7eec5bc05825c83a29ce2cea1e330dc50ce781b385e5;269281336e935055ec59d7f2083e4703035f1a558505d4d301b978084d906817,REPLACED,TARGETED_PAGE_REPAIR,REPLACED_BY_REPAIRED_PAGE,1-mlwDmE3-y5lr7V6_wqfinIM-Zx1Rifr,1
8e18b0f0bf8867fc8cadefb5d99f36c7bc88eb150333d076d33c072c0d1335bd,eb13758f582ed91857fe7eec5bc05825c83a29ce2cea1e330dc50ce781b385e5;269281336e935055ec59d7f2083e4703035f1a558505d4d301b978084d906817,REPLACED,TARGETED_PAGE_REPAIR,REPLACED_BY_REPAIRED_PAGE,1-mlwDmE3-y5lr7V6_wqfinIM-Zx1Rifr,1
07ed772656d8ffecf51cc2a85dc26157a287a586f835f134f2d52eb7d1086369,07ed772656d8ffecf51cc2a85dc26157a287a586f835f134f2d52eb7d1086369,UNCHANGED_RETAINED,AUTOMATED_FULL_CORPUS_AUDIT,AUTO_QUALITY_PASS,10WnmAa4MX1Zjggd7E5iFX16YrOSWplEW,1
3bff6925cccebe873909c03ed6e90a24a059a3096c3316f8313ff224c7b23748,3bff6925cccebe873909c03ed6e90a24a059a3096c3316f8313ff224c7b23748,UNCHANGED_RETAINED,AUTOMATED_FULL_CORPUS_AUDIT,AUTO_QUALITY_PASS,10WnmAa4MX1Zjggd7E5iFX16YrOSWplEW,1
0c306aa08c6a81306427703436098343311ebc8fb69f5e01ff3bbdd6b1843b8e,,HUMAN_CONFIRMATION_QUARANTINE,HUMAN_REVIEW_FINAL,HUMAN_CONFIRMATION_REQUIRED,10WnmAa4MX1Zjggd7E5iFX16YrOSWplEW,1
bb2b4e7c694a81348112bdc1437e832a11b87899bf11c6ff562f36fce13e7f91,bb2b4e7c694a81348112bdc1437e832a11b87899bf11c6ff562f36fce13e7f91,UNCHANGED_RETAINED,HUMAN_REVIEW_FINAL,KEEP_RETRIEVAL_AND_DISPLAY,118qz5uyLtGsBdKcmxjWJk_9C4Hm4zkIc,1
313c553d5eb9aa107d003135069c15a26a4b07fdc7164df69e752d88e3f3072e,,HUMAN_CONFIRMATION_QUARANTINE,HUMAN_REVIEW_FINAL,HUMAN_CONFIRMATION_REQUIRED,118qz5uyLtGsBdKcmxjWJk_9C4Hm4zkIc,1
9b6ec923b86561d0a27ee2447475559c91867c9b340672706b0e56c2f6843e06,067687fc4cc6be5e5e4f03c96f3fba0ced596125dd04f7fdfc631f6f6883cbec,REPLACED,TARGETED_PAGE_REPAIR,REPLACED_BY_REPAIRED_PAGE,12Z0Rux2KvL9GX-cQYHXvru8g1nF4MsC2,1
466da991a78e7bdc32da3cd5c3f5be7ff8c99f0383dea9e4f6bdf564fb9c7413,067687fc4cc6be5e5e4f03c96f3fba0ced596125dd04f7fdfc631f6f6883cbec,REPLACED,TARGETED_PAGE_REPAIR,REPLACED_BY_REPAIRED_PAGE,12Z0Rux2KvL9GX-cQYHXvru8g1nF4MsC2,1
e90840891dfc1668242d2cc47a6206e02c8d467a0e400129c28bc929930c178f,e90840891dfc1668242d2cc47a6206e02c8d467a0e400129c28bc929930c178f,UNCHANGED_RETAINED,AUTOMATED_FULL_CORPUS_AUDIT,AUTO_QUALITY_PASS,12xBl7SAd34OSBG2Amc627Oh3MVCxTZhX,1
bc828b36d9d8496b324f14d3dad1297a969792125386cf8beabc457eecbe3bfe,bc828b36d9d8496b324f14d3dad1297a969792125386cf8beabc457eecbe3bfe,UNCHANGED_RETAINED,AUTOMATED_FULL_CORPUS_AUDIT,AUTO_QUALITY_PASS,12xBl7SAd34OSBG2Amc627Oh3MVCxTZhX,1
3331131bc1d0a72b0cc085894d8973c07753bfb8591cc509d50b21a7f41e0d89,3331131bc1d0a72b0cc085894d8973c07753bfb8591cc509d50b21a7f41e0d89,UNCHANGED_RETAINED,AUTOMATED_FULL_CORPUS_AUDIT,AUTO_QUALITY_PASS,12xBl7SAd34OSBG2Amc627Oh3MVCxTZhX,1
9378b3f5b06da7c0d854f420dd794311dcf5f81e8eb5160cdadbb99f20fd8583,9378b3f5b06da7c0d854f420dd794311dcf5f81e8eb5160cdadbb99f20fd8583,UNCHANGED_RETAINED,AUTOMATED_FULL_CORPUS_AUDIT,AUTO_QUALITY_PASS,12xBl7SAd34OSBG2Amc627Oh3MVCxTZhX,2
02b40a9c1727cc98682ab1507bc30fe686abf0ffb13eaff51ba36416bd0847cd,,REMOVED_GENERIC,HUMAN_REVIEW_FINAL,EXCLUDE_GENERIC_OR_NON_EVIDENTIARY_TEXT,12xBl7SAd34OSBG2Amc627Oh3MVCxTZhX,2
67f06fdc2d274892fb6aff2aad4c91fdfdec2c02cea92b607dd7843ce12a5fd5,67f06fdc2d274892fb6aff2aad4c91fdfdec2c02cea92b607dd7843ce12a5fd5,UNCHANGED_RETAINED,AUTOMATED_FULL_CORPUS_AUDIT,AUTO_QUALITY_PASS,12xBl7SAd34OSBG2Amc627Oh3MVCxTZhX,2
e9430a43dd48b9f804a9fbbff91c7f7e6d040f7f7ca35f06c700e64c3844b3c5,e9430a43dd48b9f804a9fbbff91c7f7e6d040f7f7ca35f06c700e64c3844b3c5,UNCHANGED_RETAINED,AUTOMATED_FULL_CORPUS_AUDIT,AUTO_QUALITY_PASS,12xBl7SAd34OSBG2Amc627Oh3MVCxTZhX,3
f295a6a3f4d8b7ad7081d710053c1d6d046dfc97cad2ce7d87c1ba481d42434b,f295a6a3f4d8b7ad7081d710053c1d6d046dfc97cad2ce7d87c1ba481d42434b,UNCHANGED_RETAINED,AUTOMATED_FULL_CORPUS_AUDIT,AUTO_QUALITY_PASS,12xBl7SAd34OSBG2Amc627Oh3MVCxTZhX,3
feb7f91077cc4d4fe4a18755d67d37c4067c5d3ff4eda97d458ecc55aa68a4ee,feb7f91077cc4d4fe4a18755d67d37c4067c5d3ff4eda97d458ecc55aa68a4ee,UNCHANGED_RETAINED,AUTOMATED_FULL_CORPUS_AUDIT,AUTO_QUALITY_PASS,12xBl7SAd34OSBG2Amc627Oh3MVCxTZhX,3
814440d3eead0259a9a5b2ad8b9c4d898ab1409e499f36dd74234fd77edd5312,814440d3eead0259a9a5b2ad8b9c4d898ab1409e499f36dd74234fd77edd5312,UNCHANGED_RETAINED,AUTOMATED_FULL_CORPUS_AUDIT,AUTO_QUALITY_PASS,132exarJlBhEK5NU9vjbqFdHguFVl6-Kb,1
62133fa403ecd28e7cf5605de890f57d49f4bf65209c404d3d89574013abc62d,62133fa403ecd28e7cf5605de890f57d49f4bf65209c404d3d89574013abc62d,UNCHANGED_RETAINED,HUMAN_REVIEW_FINAL,KEEP_RETRIEVAL_AND_DISPLAY,13ZHyQe7ST_y9jq-GO44uPpGuZkRoyoSk,1
caa0005ee81ca8708dc8d2b7674486aa216691d01c53a2fd0b357648a6aa0997,caa0005ee81ca8708dc8d2b7674486aa216691d01c53a2fd0b357648a6aa0997,UNCHANGED_RETAINED,AUTOMATED_FULL_CORPUS_AUDIT,AUTO_QUALITY_PASS,13ZHyQe7ST_y9jq-GO44uPpGuZkRoyoSk,1
e36d634770cacf20c3de86f7a1b550a97942d9406eb42d044086159ac3cd1403,e36d634770cacf20c3de86f7a1b550a97942d9406eb42d044086159ac3cd1403,UNCHANGED_RETAINED,AUTOMATED_FULL_CORPUS_AUDIT,AUTO_QUALITY_PASS,13ZHyQe7ST_y9jq-GO44uPpGuZkRoyoSk,1
b3cc59a3bedf014253d56efd826c0f8e34dc9f22fef7ec349accecb172ee5e48,b3cc59a3bedf014253d56efd826c0f8e34dc9f22fef7ec349accecb172ee5e48,UNCHANGED_RETAINED,AUTOMATED_FULL_CORPUS_AUDIT,AUTO_QUALITY_PASS,13ZHyQe7ST_y9jq-GO44uPpGuZkRoyoSk,2
8298662f192f7a24fe81e67aaa4f82578b18c02165307f5ef1e0c6a4d1d995d0,8298662f192f7a24fe81e67aaa4f82578b18c02165307f5ef1e0c6a4d1d995d0,UNCHANGED_RETAINED,AUTOMATED_FULL_CORPUS_AUDIT,AUTO_QUALITY_PASS,13ZHyQe7ST_y9jq-GO44uPpGuZkRoyoSk,2
cae1e7f0e7c104dc69cb3f571ad058dadd94f813224221c021de23092521a2cd,cae1e7f0e7c104dc69cb3f571ad058dadd94f813224221c021de23092521a2cd,UNCHANGED_RETAINED,AUTOMATED_FULL_CORPUS_AUDIT,AUTO_QUALITY_PASS,13ZHyQe7ST_y9jq-GO44uPpGuZkRoyoSk,2
7659bf7bda313b98df5d386c42da66807b034f8d153ca25de2f8e5106aa3bb9e,7659bf7bda313b98df5d386c42da66807b034f8d153ca25de2f8e5106aa3bb9e,UNCHANGED_RETAINED,AUTOMATED_FULL_CORPUS_AUDIT,AUTO_QUALITY_PASS,13ZHyQe7ST_y9jq-GO44uPpGuZkRoyoSk,2
7edbb63a0c6f90e8fe8ca4cf6c8c76464d08bebd2e8656663d26ab21d0ad4edb,,HUMAN_CONFIRMATION_QUARANTINE,HUMAN_REVIEW_FINAL,HUMAN_CONFIRMATION_REQUIRED,13ZHyQe7ST_y9jq-GO44uPpGuZkRoyoSk,2
639daf48e3d3aa810e75e989aefd7783b3a8e4eb2f65470a6491d5c4981a36b0,639daf48e3d3aa810e75e989aefd7783b3a8e4eb2f65470a6491d5c4981a36b0,UNCHANGED_RETAINED,AUTOMATED_FULL_CORPUS_AUDIT,AUTO_QUALITY_PASS,13ZHyQe7ST_y9jq-GO44uPpGuZkRoyoSk,3
3b6b579e380f1a4e8c6bac838f1eb037317eed4f91e3672a305d30cd0bdd7332,3b6b579e380f1a4e8c6bac838f1eb037317eed4f91e3672a305d30cd0bdd7332,UNCHANGED_RETAINED,HUMAN_REVIEW_FINAL,KEEP_RETRIEVAL_AND_DISPLAY,13ZHyQe7ST_y9jq-GO44uPpGuZkRoyoSk,3
27fc6e9fb69476803e18ffd8bd2f558df04d08c0bb375945cedbe7dee7dc301b,27fc6e9fb69476803e18ffd8bd2f558df04d08c0bb375945cedbe7dee7dc301b,UNCHANGED_RETAINED,AUTOMATED_FULL_CORPUS_AUDIT,AUTO_QUALITY_PASS,13ZHyQe7ST_y9jq-GO44uPpGuZkRoyoSk,4
a641761817076a6da0f11574ec5af9fc8444d4a3c952c5b5e4b6c63143e04a60,a641761817076a6da0f11574ec5af9fc8444d4a3c952c5b5e4b6c63143e04a60,UNCHANGED_RETAINED,AUTOMATED_FULL_CORPUS_AUDIT,AUTO_QUALITY_PASS,13ZHyQe7ST_y9jq-GO44uPpGuZkRoyoSk,4
23c012c5e90e0749054d0ba7d1696647f65369483e699b46bd98d16eb35a6889,23c012c5e90e0749054d0ba7d1696647f65369483e699b46bd98d16eb35a6889,UNCHANGED_RETAINED,AUTOMATED_FULL_CORPUS_AUDIT,AUTO_QUALITY_PASS,13ZHyQe7ST_y9jq-GO44uPpGuZkRoyoSk,4
b5fcccc3314f618c940e987b87040da6817e61ac223fa1146c0b0223e409fd23,b5fcccc3314f618c940e987b87040da6817e61ac223fa1146c0b0223e409fd23,UNCHANGED_RETAINED,AUTOMATED_FULL_CORPUS_AUDIT,AUTO_QUALITY_PASS,13ZHyQe7ST_y9jq-GO44uPpGuZkRoyoSk,4
17809c63182ab85d1c0d26794953a52625c35c90b0cc1657f22c34e5bc72f9d6,17809c63182ab85d1c0d26794953a52625c35c90b0cc1657f22c34e5bc72f9d6,UNCHANGED_RETAINED,AUTOMATED_FULL_CORPUS_AUDIT,AUTO_QUALITY_PASS,13ZHyQe7ST_y9jq-GO44uPpGuZkRoyoSk,4
983e01ca72b8744166bb7efd06de8bd3f3600a11bc9f3946d671107d34719878,983e01ca72b8744166bb7efd06de8bd3f3600a11bc9f3946d671107d34719878,UNCHANGED_RETAINED,AUTOMATED_FULL_CORPUS_AUDIT,AUTO_QUALITY_PASS,13ZHyQe7ST_y9jq-GO44uPpGuZkRoyoSk,4
7f99877b400965f03370dbb4cd2a3887f4a2cab032ed0152540503f07cbde2d4,7f99877b400965f03370dbb4cd2a3887f4a2cab032ed0152540503f07cbde2d4,UNCHANGED_RETAINED,AUTOMATED_FULL_CORPUS_AUDIT,AUTO_QUALITY_PASS,13ZHyQe7ST_y9jq-GO44uPpGuZkRoyoSk,5
bbc5cc494f42ea9a4d42938c5296c99aebffc166256cc94e904e9a5e7f39cf1e,bbc5cc494f42ea9a4d42938c5296c99aebffc166256cc94e904e9a5e7f39cf1e,UNCHANGED_RETAINED,AUTOMATED_FULL_CORPUS_AUDIT,AUTO_QUALITY_PASS,13ZHyQe7ST_y9jq-GO44uPpGuZkRoyoSk,5
e35af771522e7ed8b3b188cf6930ce6dc3cf964d73ba7483bacc4a02c48f4635,e35af771522e7ed8b3b188cf6930ce6dc3cf964d73ba7483bacc4a02c48f4635,UNCHANGED_RETAINED,AUTOMATED_FULL_CORPUS_AUDIT,AUTO_QUALITY_PASS,13ZHyQe7ST_y9jq-GO44uPpGuZkRoyoSk,5
771d6cd603be1337cb318c6d293bec673e0f0f043874c27924588292abb27cd0,771d6cd603be1337cb318c6d293bec673e0f0f043874c27924588292abb27cd0,UNCHANGED_RETAINED,AUTOMATED_FULL_CORPUS_AUDIT,AUTO_QUALITY_PASS,13ZHyQe7ST_y9jq-GO44uPpGuZkRoyoSk,5
889c488930fab6c606cc0918a79f44724e8fd5b45c8c7444214882dfde3eec1c,889c488930fab6c606cc0918a79f44724e8fd5b45c8c7444214882dfde3eec1c,UNCHANGED_RETAINED,AUTOMATED_FULL_CORPUS_AUDIT,AUTO_QUALITY_PASS,13ZHyQe7ST_y9jq-GO44uPpGuZkRoyoSk,5
151c8324ff81283f0376ab55094f2a251029a18ba7d764b275c0328d73c1abd3,151c8324ff81283f0376ab55094f2a251029a18ba7d764b275c0328d73c1abd3,UNCHANGED_RETAINED,AUTOMATED_FULL_CORPUS_AUDIT,AUTO_QUALITY_PASS,13ZHyQe7ST_y9jq-GO44uPpGuZkRoyoSk,5
10c21b0d6a407abdba379e3dc878e88209488162928085eaf1c6c53c7fbaf037,10c21b0d6a407abdba379e3dc878e88209488162928085eaf1c6c53c7fbaf037,UNCHANGED_RETAINED,AUTOMATED_FULL_CORPUS_AUDIT,AUTO_QUALITY_PASS,13ZHyQe7ST_y9jq-GO44uPpGuZkRoyoSk,6
0c288470f3a305bbc95e4952ac1638f81cab60bb7a7e50b30d5b049c842156a1,0c288470f3a305bbc95e4952ac1638f81cab60bb7a7e50b30d5b049c842156a1,UNCHANGED_RETAINED,AUTOMATED_FULL_CORPUS_AUDIT,AUTO_QUALITY_PASS,13ZHyQe7ST_y9jq-GO44uPpGuZkRoyoSk,6
ce60fc7b1145ade4407c78c0fdbdb2561e7ec56469ef903421d23e91891a5195,ce60fc7b1145ade4407c78c0fdbdb2561e7ec56469ef903421d23e91891a5195,UNCHANGED_RETAINED,AUTOMATED_FULL_CORPUS_AUDIT,AUTO_QUALITY_PASS,13ZHyQe7ST_y9jq-GO44uPpGuZkRoyoSk,6
d883e2d3dd7e702fe528460152af8cbe0289d7a226108873c78e85ccadf60645,d883e2d3dd7e702fe528460152af8cbe0289d7a226108873c78e85ccadf60645,UNCHANGED_RETAINED,AUTOMATED_FULL_CORPUS_AUDIT,AUTO_QUALITY_PASS,13ZHyQe7ST_y9jq-GO44uPpGuZkRoyoSk,6
f92e8f099891780b311f37436eeb9d4083c23627ae0f8c43351e57b8d5454396,f92e8f099891780b311f37436eeb9d4083c23627ae0f8c43351e57b8d5454396,UNCHANGED_RETAINED,AUTOMATED_FULL_CORPUS_AUDIT,AUTO_QUALITY_PASS,13ZHyQe7ST_y9jq-GO44uPpGuZkRoyoSk,6
7d82ca899368585cae27adb4939146804c90e1f8d13e5d32d447485742e908e8,7d82ca899368585cae27adb4939146804c90e1f8d13e5d32d447485742e908e8,UNCHANGED_RETAINED,AUTOMATED_FULL_CORPUS_AUDIT,AUTO_QUALITY_PASS,13ZHyQe7ST_y9jq-GO44uPpGuZkRoyoSk,6
da880e8c591a25b5f093bbeb9861b5719e246261a278620706b31a728000794d,da880e8c591a25b5f093bbeb9861b5719e246261a278620706b31a728000794d,UNCHANGED_RETAINED,AUTOMATED_FULL_CORPUS_AUDIT,AUTO_QUALITY_PASS,13ZHyQe7ST_y9jq-GO44uPpGuZkRoyoSk,6
eda69e35f4cbd13e4a9cf650e130a7f998c070227831eb7435911271f0f96cbe,eda69e35f4cbd13e4a9cf650e130a7f998c070227831eb7435911271f0f96cbe,UNCHANGED_RETAINED,AUTOMATED_FULL_CORPUS_AUDIT,AUTO_QUALITY_PASS,13ZHyQe7ST_y9jq-GO44uPpGuZkRoyoSk,7
29b27911179ec21bc8c2b0e95ab6b0334bce237b68cdee662741b7385f7e3fd5,29b27911179ec21bc8c2b0e95ab6b0334bce237b68cdee662741b7385f7e3fd5,UNCHANGED_RETAINED,AUTOMATED_FULL_CORPUS_AUDIT,AUTO_QUALITY_PASS,13ZHyQe7ST_y9jq-GO44uPpGuZkRoyoSk,7
8f01b747a9fff51cae863d1f29732e0b9887d95ff5ff8f5e5e0fe868b3adf66a,8f01b747a9fff51cae863d1f29732e0b9887d95ff5ff8f5e5e0fe868b3adf66a,UNCHANGED_RETAINED,AUTOMATED_FULL_CORPUS_AUDIT,AUTO_QUALITY_PASS,13ZHyQe7ST_y9jq-GO44uPpGuZkRoyoSk,7
d17fd09ee850cbe1422721d1b4dbff8231024a5e88c59eb77d1f30ab9b3a9ac4,d17fd09ee850cbe1422721d1b4dbff8231024a5e88c59eb77d1f30ab9b3a9ac4,UNCHANGED_RETAINED,AUTOMATED_FULL_CORPUS_AUDIT,AUTO_QUALITY_PASS,13ZHyQe7ST_y9jq-GO44uPpGuZkRoyoSk,7
0a7f4fa7fda85406355a049edc0023103c434623a1defffe89c34fef05d5a8e2,0a7f4fa7fda85406355a049edc0023103c434623a1defffe89c34fef05d5a8e2,UNCHANGED_RETAINED,AUTOMATED_FULL_CORPUS_AUDIT,AUTO_QUALITY_PASS,13ZHyQe7ST_y9jq-GO44uPpGuZkRoyoSk,7
0c10b7fefe22bef72e838bf6bafc138e40048981687407e0815935f129565276,0c10b7fefe22bef72e838bf6bafc138e40048981687407e0815935f129565276,UNCHANGED_RETAINED,AUTOMATED_FULL_CORPUS_AUDIT,AUTO_QUALITY_PASS,13ZHyQe7ST_y9jq-GO44uPpGuZkRoyoSk,7
9de0882cd216f76c26b58d70e3d82311f50a6633bbd3658e91f0a94e120ef572,9de0882cd216f76c26b58d70e3d82311f50a6633bbd3658e91f0a94e120ef572,UNCHANGED_RETAINED,AUTOMATED_FULL_CORPUS_AUDIT,AUTO_QUALITY_PASS,13ZHyQe7ST_y9jq-GO44uPpGuZkRoyoSk,7
ab9aade96c4cd0575e7b03ffb00abff60223c68140c11311c5de60f0eac7cca5,ab9aade96c4cd0575e7b03ffb00abff60223c68140c11311c5de60f0eac7cca5,UNCHANGED_RETAINED,AUTOMATED_FULL_CORPUS_AUDIT,AUTO_QUALITY_PASS,13ZHyQe7ST_y9jq-GO44uPpGuZkRoyoSk,8
bd24ab048f1e8632c85fe26a434a4a52e091e0259191fa9263b370a54b9d3a5e,bd24ab048f1e8632c85fe26a434a4a52e091e0259191fa9263b370a54b9d3a5e,UNCHANGED_RETAINED,AUTOMATED_FULL_CORPUS_AUDIT,AUTO_QUALITY_PASS,13ZHyQe7ST_y9jq-GO44uPpGuZkRoyoSk,8
739b5e8112e92024e2908d74c8cbbbc529fb63884c8988e9050b823fd7f17d33,739b5e8112e92024e2908d74c8cbbbc529fb63884c8988e9050b823fd7f17d33,UNCHANGED_RETAINED,AUTOMATED_FULL_CORPUS_AUDIT,AUTO_QUALITY_PASS,13ZHyQe7ST_y9jq-GO44uPpGuZkRoyoSk,8
7748c894514622a718dc2d955402c49f4beaf982383fffd6dc4238278ab5452e,7748c894514622a718dc2d955402c49f4beaf982383fffd6dc4238278ab5452e,UNCHANGED_RETAINED,AUTOMATED_FULL_CORPUS_AUDIT,AUTO_QUALITY_PASS,13ZHyQe7ST_y9jq-GO44uPpGuZkRoyoSk,8
a163ba0dca508416eb6d4a3adc093beae07765973a98216cc6e4f8203e203736,a163ba0dca508416eb6d4a3adc093beae07765973a98216cc6e4f8203e203736,UNCHANGED_RETAINED,AUTOMATED_FULL_CORPUS_AUDIT,AUTO_QUALITY_PASS,13ZHyQe7ST_y9jq-GO44uPpGuZkRoyoSk,8
5a840d70fd41dd44552fab550cd2c102177d86c210c70edc499ec4e797a7d6f6,5a840d70fd41dd44552fab550cd2c102177d86c210c70edc499ec4e797a7d6f6,UNCHANGED_RETAINED,AUTOMATED_FULL_CORPUS_AUDIT,AUTO_QUALITY_PASS,13ZHyQe7ST_y9jq-GO44uPpGuZkRoyoSk,8
0238cd49958a9de310e90946276ba0698fbe05be0633693b4a844cffb8d55005,0238cd49958a9de310e90946276ba0698fbe05be0633693b4a844cffb8d55005,UNCHANGED_RETAINED,AUTOMATED_FULL_CORPUS_AUDIT,AUTO_QUALITY_PASS,13ZHyQe7ST_y9jq-GO44uPpGuZkRoyoSk,9
278f43387e678f71628d516a2f94a9b024970a255d639007486e83a5d80f5052,278f43387e678f71628d516a2f94a9b024970a255d639007486e83a5d80f5052,UNCHANGED_RETAINED,AUTOMATED_FULL_CORPUS_AUDIT,AUTO_QUALITY_PASS,13ZHyQe7ST_y9jq-GO44uPpGuZkRoyoSk,9
a07829c270104250e59ec636f98bc3c838f945d80c8c8595ae8f4fab4819382f,a07829c270104250e59ec636f98bc3c838f945d80c8c8595ae8f4fab4819382f,UNCHANGED_RETAINED,AUTOMATED_FULL_CORPUS_AUDIT,AUTO_QUALITY_PASS,13ZHyQe7ST_y9jq-GO44uPpGuZkRoyoSk,9
32b842df4de29c64736f8d1ad65c38343f6c5e9ac876061cbcca5d1bb88cd26e,32b842df4de29c64736f8d1ad65c38343f6c5e9ac876061cbcca5d1bb88cd26e,UNCHANGED_RETAINED,AUTOMATED_FULL_CORPUS_AUDIT,AUTO_QUALITY_PASS,13ZHyQe7ST_y9jq-GO44uPpGuZkRoyoSk,9
a01a7b1c16748d88c9f79ba2f2a226300fec039bddba7adcac9eaaef6e91c118,a01a7b1c16748d88c9f79ba2f2a226300fec039bddba7adcac9eaaef6e91c118,UNCHANGED_RETAINED,AUTOMATED_FULL_CORPUS_AUDIT,AUTO_QUALITY_PASS,13ZHyQe7ST_y9jq-GO44uPpGuZkRoyoSk,9
0589491552ed25ba3fc1b3881daecdab22c1902c341400835f67691dfe29cfbf,0589491552ed25ba3fc1b3881daecdab22c1902c341400835f67691dfe29cfbf,UNCHANGED_RETAINED,AUTOMATED_FULL_CORPUS_AUDIT,AUTO_QUALITY_PASS,13ZHyQe7ST_y9jq-GO44uPpGuZkRoyoSk,9
f7d2dce782c6870e6a95b4d00411c62d5c397306b02b52a7d7d7fb60360efcc9,f7d2dce782c6870e6a95b4d00411c62d5c397306b02b52a7d7d7fb60360efcc9,UNCHANGED_RETAINED,AUTOMATED_FULL_CORPUS_AUDIT,AUTO_QUALITY_PASS,13ZHyQe7ST_y9jq-GO44uPpGuZkRoyoSk,10
c5940b6e7a7516fe884c63bc998c3036b82506b65d3d37f8a0045bd30a6a6d37,c5940b6e7a7516fe884c63bc998c3036b82506b65d3d37f8a0045bd30a6a6d37,UNCHANGED_RETAINED,AUTOMATED_FULL_CORPUS_AUDIT,AUTO_QUALITY_PASS,13ZHyQe7ST_y9jq-GO44uPpGuZkRoyoSk,10
2fe0e1fa1d71bd1809b6566fed37189b5595b5bc0b2eb6f1aac8e36a3b5a803b,2fe0e1fa1d71bd1809b6566fed37189b5595b5bc0b2eb6f1aac8e36a3b5a803b,UNCHANGED_RETAINED,AUTOMATED_FULL_CORPUS_AUDIT,AUTO_QUALITY_PASS,13ZHyQe7ST_y9jq-GO44uPpGuZkRoyoSk,10
0acf620fcffb791c494e4ada78ea88741ff9755fc49332d77dfbb670a13cf5f1,0acf620fcffb791c494e4ada78ea88741ff9755fc49332d77dfbb670a13cf5f1,UNCHANGED_RETAINED,AUTOMATED_FULL_CORPUS_AUDIT,AUTO_QUALITY_PASS,13ZHyQe7ST_y9jq-GO44uPpGuZkRoyoSk,11
76f746edf2eab6635cbf89d7fdbdeb1ad9dcafb5d5363644eb42ea3f10461a65,76f746edf2eab6635cbf89d7fdbdeb1ad9dcafb5d5363644eb42ea3f10461a65,UNCHANGED_RETAINED,AUTOMATED_FULL_CORPUS_AUDIT,AUTO_QUALITY_PASS,13ZHyQe7ST_y9jq-GO44uPpGuZkRoyoSk,11
f6a7437a8e3db60f3ebeb9c20e2a597503ce358cc33416d67b18aa0aad50fc15,f6a7437a8e3db60f3ebeb9c20e2a597503ce358cc33416d67b18aa0aad50fc15,UNCHANGED_RETAINED,AUTOMATED_FULL_CORPUS_AUDIT,AUTO_QUALITY_PASS,13ZHyQe7ST_y9jq-GO44uPpGuZkRoyoSk,11
c34b5d3e8353702fbf3dc62cfa2eb98337e29736e34f329296faa810ea9c5cd0,c34b5d3e8353702fbf3dc62cfa2eb98337e29736e34f329296faa810ea9c5cd0,UNCHANGED_RETAINED,AUTOMATED_FULL_CORPUS_AUDIT,AUTO_QUALITY_PASS,13ZHyQe7ST_y9jq-GO44uPpGuZkRoyoSk,11
93555f94359827d82b0c508c76d1185ab8fef138089af89df3a08e2501966e4d,93555f94359827d82b0c508c76d1185ab8fef138089af89df3a08e2501966e4d,UNCHANGED_RETAINED,AUTOMATED_FULL_CORPUS_AUDIT,AUTO_QUALITY_PASS,13ZHyQe7ST_y9jq-GO44uPpGuZkRoyoSk,11
b0385d73963eaf2b66b86f42b43dcfd13218953d47a451df822c738ac4fda73b,b0385d73963eaf2b66b86f42b43dcfd13218953d47a451df822c738ac4fda73b,UNCHANGED_RETAINED,AUTOMATED_FULL_CORPUS_AUDIT,AUTO_QUALITY_PASS,13ZHyQe7ST_y9jq-GO44uPpGuZkRoyoSk,12
3223a94246f1b5cbe4cbda3c9494a403a314dc80592a585648d9ea2bb76de4a6,3223a94246f1b5cbe4cbda3c9494a403a314dc80592a585648d9ea2bb76de4a6,UNCHANGED_RETAINED,AUTOMATED_FULL_CORPUS_AUDIT,AUTO_QUALITY_PASS,13ZHyQe7ST_y9jq-GO44uPpGuZkRoyoSk,12
deae2a1b9de1a7ae88e494da3cf3d03a75e29d271fb6ce25853f09818c078727,deae2a1b9de1a7ae88e494da3cf3d03a75e29d271fb6ce25853f09818c078727,UNCHANGED_RETAINED,AUTOMATED_FULL_CORPUS_AUDIT,AUTO_QUALITY_PASS,13ZHyQe7ST_y9jq-GO44uPpGuZkRoyoSk,12
0693ba58b87d5b8228567c75e49ec00ed167188748810255df3ac0922ba1c95e,0693ba58b87d5b8228567c75e49ec00ed167188748810255df3ac0922ba1c95e,UNCHANGED_RETAINED,AUTOMATED_FULL_CORPUS_AUDIT,AUTO_QUALITY_PASS,13ZHyQe7ST_y9jq-GO44uPpGuZkRoyoSk,12
37096d31ea661e3837b1abd75eed3ad231f070c127c6c16b8ff46e32f32b6266,37096d31ea661e3837b1abd75eed3ad231f070c127c6c16b8ff46e32f32b6266,UNCHANGED_RETAINED,AUTOMATED_FULL_CORPUS_AUDIT,AUTO_QUALITY_PASS,13ZHyQe7ST_y9jq-GO44uPpGuZkRoyoSk,12
5d2a3965c187e2d398e7955b22d5271fc4c0b66449751fcc9ab68095881077fa,5d2a3965c187e2d398e7955b22d5271fc4c0b66449751fcc9ab68095881077fa,UNCHANGED_RETAINED,AUTOMATED_FULL_CORPUS_AUDIT,AUTO_QUALITY_PASS,13ZHyQe7ST_y9jq-GO44uPpGuZkRoyoSk,12
ea0a7ee83ffc95d7e7c176540001d27d01a1c8c3ad1e02d8bde8b0044ee4fec0,ea0a7ee83ffc95d7e7c176540001d27d01a1c8c3ad1e02d8bde8b0044ee4fec0,UNCHANGED_RETAINED,HUMAN_REVIEW_FINAL,KEEP_RETRIEVAL_AND_DISPLAY,13ZHyQe7ST_y9jq-GO44uPpGuZkRoyoSk,13
5ce59edcda9e08cb700ac29e6c897b09346f1836d6c16c8804a765f26b83e35d,5ce59edcda9e08cb700ac29e6c897b09346f1836d6c16c8804a765f26b83e35d,UNCHANGED_RETAINED,AUTOMATED_FULL_CORPUS_AUDIT,AUTO_QUALITY_PASS,13ZHyQe7ST_y9jq-GO44uPpGuZkRoyoSk,14
05990a0a7ca7524cfddccadbbd3b69c3d9e75971f759c0bdd6db48329f99435b,05990a0a7ca7524cfddccadbbd3b69c3d9e75971f759c0bdd6db48329f99435b,UNCHANGED_RETAINED,AUTOMATED_FULL_CORPUS_AUDIT,AUTO_QUALITY_PASS,13ZHyQe7ST_y9jq-GO44uPpGuZkRoyoSk,14
f715b77bc5545f3c595ae518dd69cb7823d61d053afbfd37b422d172f8dd354d,f715b77bc5545f3c595ae518dd69cb7823d61d053afbfd37b422d172f8dd354d,UNCHANGED_RETAINED,AUTOMATED_FULL_CORPUS_AUDIT,AUTO_QUALITY_PASS,13ZHyQe7ST_y9jq-GO44uPpGuZkRoyoSk,15
0bbf26148d067815172792b367264b41e906e61e31a8d50ad0779944ea0124d9,0bbf26148d067815172792b367264b41e906e61e31a8d50ad0779944ea0124d9,UNCHANGED_RETAINED,AUTOMATED_FULL_CORPUS_AUDIT,AUTO_QUALITY_PASS,13ZHyQe7ST_y9jq-GO44uPpGuZkRoyoSk,15
7b4bdd0fa7a785da258d78e786797d9a31450c8fc284c68ec1e0a89c8ead0491,7b4bdd0fa7a785da258d78e786797d9a31450c8fc284c68ec1e0a89c8ead0491,UNCHANGED_RETAINED,AUTOMATED_FULL_CORPUS_AUDIT,AUTO_QUALITY_PASS,13ZHyQe7ST_y9jq-GO44uPpGuZkRoyoSk,15
4ed53220c074946e3c6cc244fdd1479d874ee2875598d2f7719b4e96a02becb7,4ed53220c074946e3c6cc244fdd1479d874ee2875598d2f7719b4e96a02becb7,UNCHANGED_RETAINED,AUTOMATED_FULL_CORPUS_AUDIT,AUTO_QUALITY_PASS,13ZHyQe7ST_y9jq-GO44uPpGuZkRoyoSk,15
8c8256f94b55cda477c5b5352665cee2e6076667502229c57ec50886a8125041,8c8256f94b55cda477c5b5352665cee2e6076667502229c57ec50886a8125041,UNCHANGED_RETAINED,AUTOMATED_FULL_CORPUS_AUDIT,AUTO_QUALITY_PASS,13ZHyQe7ST_y9jq-GO44uPpGuZkRoyoSk,15
6cefbf218b5c0fb1a3cc7fcb26171abc94a8497c7c00e9e675e6c75d42f8bd48,6cefbf218b5c0fb1a3cc7fcb26171abc94a8497c7c00e9e675e6c75d42f8bd48,UNCHANGED_RETAINED,AUTOMATED_FULL_CORPUS_AUDIT,AUTO_QUALITY_PASS,13ZHyQe7ST_y9jq-GO44uPpGuZkRoyoSk,15
1ef670ae7988d277fa1111b17727809d4d6b91097db742dc2112ec79e2d46921,1ef670ae7988d277fa1111b17727809d4d6b91097db742dc2112ec79e2d46921,UNCHANGED_RETAINED,AUTOMATED_FULL_CORPUS_AUDIT,AUTO_QUALITY_PASS,13ZHyQe7ST_y9jq-GO44uPpGuZkRoyoSk,15
7b9335e76f7c06f9e94ae672296e56d8f45c98abb0cf59368c16780ba92c3b17,7b9335e76f7c06f9e94ae672296e56d8f45c98abb0cf59368c16780ba92c3b17,UNCHANGED_RETAINED,AUTOMATED_FULL_CORPUS_AUDIT,AUTO_QUALITY_PASS,13ZHyQe7ST_y9jq-GO44uPpGuZkRoyoSk,15
a9fe2c6ccb8920ae4debd50d54fd2f6f913902708d054fc6928a07e81570445b,a9fe2c6ccb8920ae4debd50d54fd2f6f913902708d054fc6928a07e81570445b,UNCHANGED_RETAINED,AUTOMATED_FULL_CORPUS_AUDIT,AUTO_QUALITY_PASS,13ZHyQe7ST_y9jq-GO44uPpGuZkRoyoSk,16
8b7e29bdf93acde44636dbb1385ee18fc8c1b672d2b940333de9be64110ea429,8b7e29bdf93acde44636dbb1385ee18fc8c1b672d2b940333de9be64110ea429,UNCHANGED_RETAINED,AUTOMATED_FULL_CORPUS_AUDIT,AUTO_QUALITY_PASS,13ZHyQe7ST_y9jq-GO44uPpGuZkRoyoSk,16
6b0d41539d2b6b07c4440097b50e878da5cc879f4afa29728d63923b976a0df8,6b0d41539d2b6b07c4440097b50e878da5cc879f4afa29728d63923b976a0df8,UNCHANGED_RETAINED,AUTOMATED_FULL_CORPUS_AUDIT,AUTO_QUALITY_PASS,13ZHyQe7ST_y9jq-GO44uPpGuZkRoyoSk,16
8c42f701dc2bdbc3c248a2ae3c25277697b57f1f64d532b247bdc98c83edde13,8c42f701dc2bdbc3c248a2ae3c25277697b57f1f64d532b247bdc98c83edde13,UNCHANGED_RETAINED,AUTOMATED_FULL_CORPUS_AUDIT,AUTO_QUALITY_PASS,13ZHyQe7ST_y9jq-GO44uPpGuZkRoyoSk,16
e277adc552cc9039a22fa7f8bf457cd48c6bd370db48bebe37a46f0af5c65d95,e277adc552cc9039a22fa7f8bf457cd48c6bd370db48bebe37a46f0af5c65d95,UNCHANGED_RETAINED,AUTOMATED_FULL_CORPUS_AUDIT,AUTO_QUALITY_PASS,13ZHyQe7ST_y9jq-GO44uPpGuZkRoyoSk,16
48e60f456191c5504675b2985ed466dd8a40ff63a73839c07737c92580607a0f,48e60f456191c5504675b2985ed466dd8a40ff63a73839c07737c92580607a0f,UNCHANGED_RETAINED,AUTOMATED_FULL_CORPUS_AUDIT,AUTO_QUALITY_PASS,13ZHyQe7ST_y9jq-GO44uPpGuZkRoyoSk,16
b6d5ed7bada94c7e55a8d6fb92e59e76f27cf1125f4894700cb8b214728aacbe,b6d5ed7bada94c7e55a8d6fb92e59e76f27cf1125f4894700cb8b214728aacbe,UNCHANGED_RETAINED,AUTOMATED_FULL_CORPUS_AUDIT,AUTO_QUALITY_PASS,13ZHyQe7ST_y9jq-GO44uPpGuZkRoyoSk,16
2b1fcca46613d76361b40fd7c99babcd1987f5e97c33176488324bc4d1650e41,2b1fcca46613d76361b40fd7c99babcd1987f5e97c33176488324bc4d1650e41,UNCHANGED_RETAINED,AUTOMATED_FULL_CORPUS_AUDIT,AUTO_QUALITY_PASS,13ZHyQe7ST_y9jq-GO44uPpGuZkRoyoSk,16
38e124aeb3906ad9bdfee42d0e4ad954c3a33944434419d991f87551d2919a29,38e124aeb3906ad9bdfee42d0e4ad954c3a33944434419d991f87551d2919a29,UNCHANGED_RETAINED,AUTOMATED_FULL_CORPUS_AUDIT,AUTO_QUALITY_PASS,13ZHyQe7ST_y9jq-GO44uPpGuZkRoyoSk,17
e36c562bcbdf132b26dfad12da016e0a4531e486a6de4a99cc12308bbaaa27bc,e36c562bcbdf132b26dfad12da016e0a4531e486a6de4a99cc12308bbaaa27bc,UNCHANGED_RETAINED,AUTOMATED_FULL_CORPUS_AUDIT,AUTO_QUALITY_PASS,13ZHyQe7ST_y9jq-GO44uPpGuZkRoyoSk,17
e391ac69ce7391d8ece022d6cbaf2e0bd206fcac01d1c26ab45d97046e03ff1e,e391ac69ce7391d8ece022d6cbaf2e0bd206fcac01d1c26ab45d97046e03ff1e,UNCHANGED_RETAINED,AUTOMATED_FULL_CORPUS_AUDIT,AUTO_QUALITY_PASS,13ZHyQe7ST_y9jq-GO44uPpGuZkRoyoSk,17
18d4deb565b35c9a05a3da5345b0256b94f80ef505aa7f872d090b7f6c94b2ef,18d4deb565b35c9a05a3da5345b0256b94f80ef505aa7f872d090b7f6c94b2ef,UNCHANGED_RETAINED,AUTOMATED_FULL_CORPUS_AUDIT,AUTO_QUALITY_PASS,13ZHyQe7ST_y9jq-GO44uPpGuZkRoyoSk,17
f5eca4cbeba718162fec42e2543d81d24f41cbe55469ecc1992f8ec28eaf6c20,f5eca4cbeba718162fec42e2543d81d24f41cbe55469ecc1992f8ec28eaf6c20,UNCHANGED_RETAINED,AUTOMATED_FULL_CORPUS_AUDIT,AUTO_QUALITY_PASS,13ZHyQe7ST_y9jq-GO44uPpGuZkRoyoSk,17
4d118be8a2775ab5b9338012dd7f62bb66f565443e2280c43bdb844a18430373,4d118be8a2775ab5b9338012dd7f62bb66f565443e2280c43bdb844a18430373,UNCHANGED_RETAINED,AUTOMATED_FULL_CORPUS_AUDIT,AUTO_QUALITY_PASS,13ZHyQe7ST_y9jq-GO44uPpGuZkRoyoSk,17
af8994c367d05ab78f803bec0b18c45a694d386f70220dc798fc0e00745c0449,af8994c367d05ab78f803bec0b18c45a694d386f70220dc798fc0e00745c0449,UNCHANGED_RETAINED,AUTOMATED_FULL_CORPUS_AUDIT,AUTO_QUALITY_PASS,13ZHyQe7ST_y9jq-GO44uPpGuZkRoyoSk,17
4e5cfd8b070e8f53f245861b1e2644fbba0b4acc2858ae7d6bf3553fa63075d9,4e5cfd8b070e8f53f245861b1e2644fbba0b4acc2858ae7d6bf3553fa63075d9,UNCHANGED_RETAINED,AUTOMATED_FULL_CORPUS_AUDIT,AUTO_QUALITY_PASS,13ZHyQe7ST_y9jq-GO44uPpGuZkRoyoSk,18
e807d8189ddb60cbbbfa23876aa3c82768001baaecc5a04a4d028c3fb1751f33,e807d8189ddb60cbbbfa23876aa3c82768001baaecc5a04a4d028c3fb1751f33,UNCHANGED_RETAINED,AUTOMATED_FULL_CORPUS_AUDIT,AUTO_QUALITY_PASS,13ZHyQe7ST_y9jq-GO44uPpGuZkRoyoSk,18
5a4147648b3ce3ad137834de47403118c31dc64a026a3271534a70fc32eef384,5a4147648b3ce3ad137834de47403118c31dc64a026a3271534a70fc32eef384,UNCHANGED_RETAINED,AUTOMATED_FULL_CORPUS_AUDIT,AUTO_QUALITY_PASS,13ZHyQe7ST_y9jq-GO44uPpGuZkRoyoSk,18
9f5a638712112ec826d85bf9e474b4b00b59891b94c2ceadd5ea9dbb007c50a7,9f5a638712112ec826d85bf9e474b4b00b59891b94c2ceadd5ea9dbb007c50a7,UNCHANGED_RETAINED,AUTOMATED_FULL_CORPUS_AUDIT,AUTO_QUALITY_PASS,13ZHyQe7ST_y9jq-GO44uPpGuZkRoyoSk,18
2ea3c264283435f63914c0e59db64725958c71fbb341f26990c7e24fe4ee1be8,2ea3c264283435f63914c0e59db64725958c71fbb341f26990c7e24fe4ee1be8,UNCHANGED_RETAINED,AUTOMATED_FULL_CORPUS_AUDIT,AUTO_QUALITY_PASS,13ZHyQe7ST_y9jq-GO44uPpGuZkRoyoSk,18
277371fc853dbbc1f927bc6a9bda65ba40f43661015987733b473051e9287e1e,277371fc853dbbc1f927bc6a9bda65ba40f43661015987733b473051e9287e1e,UNCHANGED_RETAINED,AUTOMATED_FULL_CORPUS_AUDIT,AUTO_QUALITY_PASS,13ZHyQe7ST_y9jq-GO44uPpGuZkRoyoSk,18
f1fa0662ed1de3f9f24dcf756bd8116ca610db130d7824d5a18e7a5a7d50ed9c,f1fa0662ed1de3f9f24dcf756bd8116ca610db130d7824d5a18e7a5a7d50ed9c,UNCHANGED_RETAINED,AUTOMATED_FULL_CORPUS_AUDIT,AUTO_QUALITY_PASS,13ZHyQe7ST_y9jq-GO44uPpGuZkRoyoSk,18
7680dd3027490670e657032a55ea89a50c29905de3ae37141dd032821a79a5fe,7680dd3027490670e657032a55ea89a50c29905de3ae37141dd032821a79a5fe,UNCHANGED_RETAINED,AUTOMATED_FULL_CORPUS_AUDIT,AUTO_QUALITY_PASS,13ZHyQe7ST_y9jq-GO44uPpGuZkRoyoSk,19
7e9f696a499b49e635045053548bb827c9fd730af77d07de20009521d1837beb,7e9f696a499b49e635045053548bb827c9fd730af77d07de20009521d1837beb,UNCHANGED_RETAINED,AUTOMATED_FULL_CORPUS_AUDIT,AUTO_QUALITY_PASS,13ZHyQe7ST_y9jq-GO44uPpGuZkRoyoSk,19
b76a22b266ce2c1dca8a1cec3dc4f4d9a67c20d20d834e2152065ff226f70179,b76a22b266ce2c1dca8a1cec3dc4f4d9a67c20d20d834e2152065ff226f70179,UNCHANGED_RETAINED,AUTOMATED_FULL_CORPUS_AUDIT,AUTO_QUALITY_PASS,13ZHyQe7ST_y9jq-GO44uPpGuZkRoyoSk,19
20b395fbb07387ff1df81ec003ad26641c3214a78c40f85d08109f152e2905ce,20b395fbb07387ff1df81ec003ad26641c3214a78c40f85d08109f152e2905ce,UNCHANGED_RETAINED,AUTOMATED_FULL_CORPUS_AUDIT,AUTO_QUALITY_PASS,13ZHyQe7ST_y9jq-GO44uPpGuZkRoyoSk,19
957e9b84f501a17e178152d7ffc810de0f104be47ea52cdf34ff08fa4e71f01d,957e9b84f501a17e178152d7ffc810de0f104be47ea52cdf34ff08fa4e71f01d,UNCHANGED_RETAINED,AUTOMATED_FULL_CORPUS_AUDIT,AUTO_QUALITY_PASS,13ZHyQe7ST_y9jq-GO44uPpGuZkRoyoSk,19
c9e65510eb68222325672b663bc185a84742f7114177f73720fb1c27921b9d9d,c9e65510eb68222325672b663bc185a84742f7114177f73720fb1c27921b9d9d,UNCHANGED_RETAINED,AUTOMATED_FULL_CORPUS_AUDIT,AUTO_QUALITY_PASS,13ZHyQe7ST_y9jq-GO44uPpGuZkRoyoSk,19
67e815854a30fd8527f9a9742668eb5fdbe9b29094f4cd561967e67ab36dc225,67e815854a30fd8527f9a9742668eb5fdbe9b29094f4cd561967e67ab36dc225,UNCHANGED_RETAINED,AUTOMATED_FULL_CORPUS_AUDIT,AUTO_QUALITY_PASS,13ZHyQe7ST_y9jq-GO44uPpGuZkRoyoSk,19
dad9a3cb36fe4f2ddcf6c48dfae8cef53c8171b6cb5d905a213ccb6a37c0d195,dad9a3cb36fe4f2ddcf6c48dfae8cef53c8171b6cb5d905a213ccb6a37c0d195,UNCHANGED_RETAINED,AUTOMATED_FULL_CORPUS_AUDIT,AUTO_QUALITY_PASS,13ZHyQe7ST_y9jq-GO44uPpGuZkRoyoSk,19
367fb6c527b64db31a1540a185ed96bdd3d3840d344d7567a7d09373acf09e5a,367fb6c527b64db31a1540a185ed96bdd3d3840d344d7567a7d09373acf09e5a,UNCHANGED_RETAINED,AUTOMATED_FULL_CORPUS_AUDIT,AUTO_QUALITY_PASS,13ZHyQe7ST_y9jq-GO44uPpGuZkRoyoSk,20
5fc6d9c26b6e07ef5abaf597dc69817012acefc02b73b445d21c45eff1174f92,5fc6d9c26b6e07ef5abaf597dc69817012acefc02b73b445d21c45eff1174f92,UNCHANGED_RETAINED,AUTOMATED_FULL_CORPUS_AUDIT,AUTO_QUALITY_PASS,13ZHyQe7ST_y9jq-GO44uPpGuZkRoyoSk,20
d9564bf3c7ca65364cdb1ea5d8fc3027e225fed9cc0bf165b1a03daa7daee7bc,d9564bf3c7ca65364cdb1ea5d8fc3027e225fed9cc0bf165b1a03daa7daee7bc,UNCHANGED_RETAINED,AUTOMATED_FULL_CORPUS_AUDIT,AUTO_QUALITY_PASS,13ZHyQe7ST_y9jq-GO44uPpGuZkRoyoSk,20
edb32d584d9e557c9e3655d0051e60b6bdf9e1f9242d9dd935837dc89a84b469,edb32d584d9e557c9e3655d0051e60b6bdf9e1f9242d9dd935837dc89a84b469,UNCHANGED_RETAINED,AUTOMATED_FULL_CORPUS_AUDIT,AUTO_QUALITY_PASS,13ZHyQe7ST_y9jq-GO44uPpGuZkRoyoSk,20
71bfc572d2a119ba4163c2aa8b06f3b78c9938bb59ef8f24f5c4e1e28531382d,71bfc572d2a119ba4163c2aa8b06f3b78c9938bb59ef8f24f5c4e1e28531382d,UNCHANGED_RETAINED,AUTOMATED_FULL_CORPUS_AUDIT,AUTO_QUALITY_PASS,13ZHyQe7ST_y9jq-GO44uPpGuZkRoyoSk,20
af2978ce2028e305d73cc4e30e3dc7056b1df27690d87fbd255e9e787af6c8cd,af2978ce2028e305d73cc4e30e3dc7056b1df27690d87fbd255e9e787af6c8cd,UNCHANGED_RETAINED,AUTOMATED_FULL_CORPUS_AUDIT,AUTO_QUALITY_PASS,13ZHyQe7ST_y9jq-GO44uPpGuZkRoyoSk,20
da487f93958c424cd6d825ccff60aa1a85115db0838a0b1841c2fa36384aca3b,da487f93958c424cd6d825ccff60aa1a85115db0838a0b1841c2fa36384aca3b,UNCHANGED_RETAINED,AUTOMATED_FULL_CORPUS_AUDIT,AUTO_QUALITY_PASS,13ZHyQe7ST_y9jq-GO44uPpGuZkRoyoSk,20
b649dc6b0efa6dd647e43dd91262cfc890816bd0a5d3754eafe900c61f92c605,b649dc6b0efa6dd647e43dd91262cfc890816bd0a5d3754eafe900c61f92c605,UNCHANGED_RETAINED,AUTOMATED_FULL_CORPUS_AUDIT,AUTO_QUALITY_PASS,13ZHyQe7ST_y9jq-GO44uPpGuZkRoyoSk,21
e77d1d4122d9a50974a49a7c422ab7a890546b03a93e1c8f3ddc0cc3d97cd50d,e77d1d4122d9a50974a49a7c422ab7a890546b03a93e1c8f3ddc0cc3d97cd50d,UNCHANGED_RETAINED,AUTOMATED_FULL_CORPUS_AUDIT,AUTO_QUALITY_PASS,13ZHyQe7ST_y9jq-GO44uPpGuZkRoyoSk,21
30812daee306493ee11f65f0c24bac08d551fb2552c4ad22c7bdfe5b56947d67,30812daee306493ee11f65f0c24bac08d551fb2552c4ad22c7bdfe5b56947d67,UNCHANGED_RETAINED,AUTOMATED_FULL_CORPUS_AUDIT,AUTO_QUALITY_PASS,13ZHyQe7ST_y9jq-GO44uPpGuZkRoyoSk,21
2c91201ec25eec5d1f87ce8df238918f6da099843fcc74330300b01921763269,2c91201ec25eec5d1f87ce8df238918f6da099843fcc74330300b01921763269,UNCHANGED_RETAINED,AUTOMATED_FULL_CORPUS_AUDIT,AUTO_QUALITY_PASS,13ZHyQe7ST_y9jq-GO44uPpGuZkRoyoSk,21
191b697f8139ff9e333dda7decac3e23377cb354ba3113e0090191766b946ae5,191b697f8139ff9e333dda7decac3e23377cb354ba3113e0090191766b946ae5,UNCHANGED_RETAINED,AUTOMATED_FULL_CORPUS_AUDIT,AUTO_QUALITY_PASS,13ZHyQe7ST_y9jq-GO44uPpGuZkRoyoSk,21
460dbf32082c64efb1b05e28b3b403cafa793d7a17c6756cd6a31c7eafa3f01a,460dbf32082c64efb1b05e28b3b403cafa793d7a17c6756cd6a31c7eafa3f01a,UNCHANGED_RETAINED,AUTOMATED_FULL_CORPUS_AUDIT,AUTO_QUALITY_PASS,13ZHyQe7ST_y9jq-GO44uPpGuZkRoyoSk,21
6e4cdeed21d10dffb7037c20b69dc3e7bcb545480ce0d2030381b0a11c7d2034,6e4cdeed21d10dffb7037c20b69dc3e7bcb545480ce0d2030381b0a11c7d2034,UNCHANGED_RETAINED,AUTOMATED_FULL_CORPUS_AUDIT,AUTO_QUALITY_PASS,13ZHyQe7ST_y9jq-GO44uPpGuZkRoyoSk,22
e8d5f335d19c84642005428d4e00dbe1c67252c5888a0ac105e62491f37d5b83,e8d5f335d19c84642005428d4e00dbe1c67252c5888a0ac105e62491f37d5b83,UNCHANGED_RETAINED,AUTOMATED_FULL_CORPUS_AUDIT,AUTO_QUALITY_PASS,13ZHyQe7ST_y9jq-GO44uPpGuZkRoyoSk,22
5a10a45e6520b1646c06172ac16d2dac5e186ea66e1f664ef3da66cae43c5141,5a10a45e6520b1646c06172ac16d2dac5e186ea66e1f664ef3da66cae43c5141,UNCHANGED_RETAINED,AUTOMATED_FULL_CORPUS_AUDIT,AUTO_QUALITY_PASS,13ZHyQe7ST_y9jq-GO44uPpGuZkRoyoSk,22
60d2a36dc23182a878d2a27cb135f4f202d00e8e9000b84feaa16d386532c05a,60d2a36dc23182a878d2a27cb135f4f202d00e8e9000b84feaa16d386532c05a,UNCHANGED_RETAINED,AUTOMATED_FULL_CORPUS_AUDIT,AUTO_QUALITY_PASS,13ZHyQe7ST_y9jq-GO44uPpGuZkRoyoSk,22
342da87650253955303004096cb4792a3372bb3b1c0de3943453b6cafd16dff7,342da87650253955303004096cb4792a3372bb3b1c0de3943453b6cafd16dff7,UNCHANGED_RETAINED,AUTOMATED_FULL_CORPUS_AUDIT,AUTO_QUALITY_PASS,13ZHyQe7ST_y9jq-GO44uPpGuZkRoyoSk,22
2ce6bb2bb6bdf6638eec742d88ed37b5be03134fe006071a44806b86febbe8d2,2ce6bb2bb6bdf6638eec742d88ed37b5be03134fe006071a44806b86febbe8d2,UNCHANGED_RETAINED,AUTOMATED_FULL_CORPUS_AUDIT,AUTO_QUALITY_PASS,13ZHyQe7ST_y9jq-GO44uPpGuZkRoyoSk,23
77908597299c96a4e5ca682e821debe1f5201ab1177d17e1cce82f26af65f03a,77908597299c96a4e5ca682e821debe1f5201ab1177d17e1cce82f26af65f03a,UNCHANGED_RETAINED,AUTOMATED_FULL_CORPUS_AUDIT,AUTO_QUALITY_PASS,13ZHyQe7ST_y9jq-GO44uPpGuZkRoyoSk,23
14ab6b973703c1d2e930293bfd61d7465ffa6b0009586249d23d0213a41e319e,14ab6b973703c1d2e930293bfd61d7465ffa6b0009586249d23d0213a41e319e,UNCHANGED_RETAINED,AUTOMATED_FULL_CORPUS_AUDIT,AUTO_QUALITY_PASS,13ZHyQe7ST_y9jq-GO44uPpGuZkRoyoSk,23
3abd8239b77ec74cd94b0f4a6b3ce2976d547e1561a503bdd0ac76684bfd5699,3abd8239b77ec74cd94b0f4a6b3ce2976d547e1561a503bdd0ac76684bfd5699,UNCHANGED_RETAINED,AUTOMATED_FULL_CORPUS_AUDIT,AUTO_QUALITY_PASS,13ZHyQe7ST_y9jq-GO44uPpGuZkRoyoSk,23
0af016be86d19e97a8f2d0e2d7950c2896a61663d96cd373315bc0025173f526,0af016be86d19e97a8f2d0e2d7950c2896a61663d96cd373315bc0025173f526,UNCHANGED_RETAINED,AUTOMATED_FULL_CORPUS_AUDIT,AUTO_QUALITY_PASS,13ZHyQe7ST_y9jq-GO44uPpGuZkRoyoSk,23
d34afd537efacf9cf0b7bd27e5b867adf648f3c8835665f6bb9e3839ce2890fe,d34afd537efacf9cf0b7bd27e5b867adf648f3c8835665f6bb9e3839ce2890fe,UNCHANGED_RETAINED,AUTOMATED_FULL_CORPUS_AUDIT,AUTO_QUALITY_PASS,13ZHyQe7ST_y9jq-GO44uPpGuZkRoyoSk,23
c9b957d44197d8385b210980784fdccc55a6ab8c3b2a5a4ad1fe766574b12862,c9b957d44197d8385b210980784fdccc55a6ab8c3b2a5a4ad1fe766574b12862,UNCHANGED_RETAINED,AUTOMATED_FULL_CORPUS_AUDIT,AUTO_QUALITY_PASS,13ZHyQe7ST_y9jq-GO44uPpGuZkRoyoSk,23
f7a2514c3e367d8a957f0e876addfdfcb1cfe278f812c8f97612507e4d124864,f7a2514c3e367d8a957f0e876addfdfcb1cfe278f812c8f97612507e4d124864,UNCHANGED_RETAINED,AUTOMATED_FULL_CORPUS_AUDIT,AUTO_QUALITY_PASS,13ZHyQe7ST_y9jq-GO44uPpGuZkRoyoSk,24
469e27efc93d50fd0b384f410be345bf99219656e48c1ef44e50528cb9b36239,469e27efc93d50fd0b384f410be345bf99219656e48c1ef44e50528cb9b36239,UNCHANGED_RETAINED,AUTOMATED_FULL_CORPUS_AUDIT,AUTO_QUALITY_PASS,13ZHyQe7ST_y9jq-GO44uPpGuZkRoyoSk,24
2b3758231a366a77bd25fea81b458ad8fdf68345f8a8b617cf28c307d1bc0087,2b3758231a366a77bd25fea81b458ad8fdf68345f8a8b617cf28c307d1bc0087,UNCHANGED_RETAINED,AUTOMATED_FULL_CORPUS_AUDIT,AUTO_QUALITY_PASS,13ZHyQe7ST_y9jq-GO44uPpGuZkRoyoSk,24
809d409fee46e8e1e3a5973822d8734547700e9af3bd699e638cc8905fe53265,809d409fee46e8e1e3a5973822d8734547700e9af3bd699e638cc8905fe53265,UNCHANGED_RETAINED,AUTOMATED_FULL_CORPUS_AUDIT,AUTO_QUALITY_PASS,13ZHyQe7ST_y9jq-GO44uPpGuZkRoyoSk,24
94e9291df8ce0ac0004ef9c84cb3bc6e45c673c34f6049694920228de721ba13,94e9291df8ce0ac0004ef9c84cb3bc6e45c673c34f6049694920228de721ba13,UNCHANGED_RETAINED,AUTOMATED_FULL_CORPUS_AUDIT,AUTO_QUALITY_PASS,13ZHyQe7ST_y9jq-GO44uPpGuZkRoyoSk,24
b8a5e3be4658c9b64838261fd04ae221f68d0bb3801b2d526c4af4a1d28a5180,b8a5e3be4658c9b64838261fd04ae221f68d0bb3801b2d526c4af4a1d28a5180,UNCHANGED_RETAINED,AUTOMATED_FULL_CORPUS_AUDIT,AUTO_QUALITY_PASS,13ZHyQe7ST_y9jq-GO44uPpGuZkRoyoSk,24
630847a387dce0fa5e5c3d171bc60852d50272985d98917f5b3a9ec9b2564975,630847a387dce0fa5e5c3d171bc60852d50272985d98917f5b3a9ec9b2564975,UNCHANGED_RETAINED,AUTOMATED_FULL_CORPUS_AUDIT,AUTO_QUALITY_PASS,13ZHyQe7ST_y9jq-GO44uPpGuZkRoyoSk,24
eeb66d0808707cbffdb6250fe7f8a7086109a8fd442bb6662fe2203ce925efa9,eeb66d0808707cbffdb6250fe7f8a7086109a8fd442bb6662fe2203ce925efa9,UNCHANGED_RETAINED,AUTOMATED_FULL_CORPUS_AUDIT,AUTO_QUALITY_PASS,13ZHyQe7ST_y9jq-GO44uPpGuZkRoyoSk,25
790676ed0ff4bf780e73b4e0155a4de5abdb54dcd57f8e997f6b3a7950f731c1,790676ed0ff4bf780e73b4e0155a4de5abdb54dcd57f8e997f6b3a7950f731c1,UNCHANGED_RETAINED,HUMAN_REVIEW_FINAL,KEEP_RETRIEVAL_AND_DISPLAY,13ZHyQe7ST_y9jq-GO44uPpGuZkRoyoSk,25
03f1c2a9bf160dbe92dd84a383cc9cc6291e5b7cc581985fa2ebd3673782cec1,03f1c2a9bf160dbe92dd84a383cc9cc6291e5b7cc581985fa2ebd3673782cec1,UNCHANGED_RETAINED,AUTOMATED_FULL_CORPUS_AUDIT,AUTO_QUALITY_PASS,13ZHyQe7ST_y9jq-GO44uPpGuZkRoyoSk,25
763fd3ca7f4c58464e08c2249257010eb3207004df9fa00fa8c3e222234c650b,763fd3ca7f4c58464e08c2249257010eb3207004df9fa00fa8c3e222234c650b,UNCHANGED_RETAINED,AUTOMATED_FULL_CORPUS_AUDIT,AUTO_QUALITY_PASS,13ZHyQe7ST_y9jq-GO44uPpGuZkRoyoSk,25
7a2a61e02a2d19a7b3c731927f7ce67c822d18991e1e1aa9eec14fbbcd13ed17,7a2a61e02a2d19a7b3c731927f7ce67c822d18991e1e1aa9eec14fbbcd13ed17,UNCHANGED_RETAINED,AUTOMATED_FULL_CORPUS_AUDIT,AUTO_QUALITY_PASS,13ZHyQe7ST_y9jq-GO44uPpGuZkRoyoSk,25
e41222d74cc38c9b00a59ba463ccb78d0ec652e2666b932aaedb995c7c12b1fd,e41222d74cc38c9b00a59ba463ccb78d0ec652e2666b932aaedb995c7c12b1fd,UNCHANGED_RETAINED,AUTOMATED_FULL_CORPUS_AUDIT,AUTO_QUALITY_PASS,13ZHyQe7ST_y9jq-GO44uPpGuZkRoyoSk,25
bde690cf1e9926acb2c3bc0fcdeb992bbd809a50aceb2a205896a0ac07d5b03e,bde690cf1e9926acb2c3bc0fcdeb992bbd809a50aceb2a205896a0ac07d5b03e,UNCHANGED_RETAINED,AUTOMATED_FULL_CORPUS_AUDIT,AUTO_QUALITY_PASS,13ZHyQe7ST_y9jq-GO44uPpGuZkRoyoSk,26
9e9b5c357480c5f730338dbbeeade893811613f2db64b806b9501d08e90b3835,9e9b5c357480c5f730338dbbeeade893811613f2db64b806b9501d08e90b3835,UNCHANGED_RETAINED,AUTOMATED_FULL_CORPUS_AUDIT,AUTO_QUALITY_PASS,13ZHyQe7ST_y9jq-GO44uPpGuZkRoyoSk,26
6c94359704f64363c3a316faed3aa4661f9683eb71620a04ef7b1f263e110a7a,6c94359704f64363c3a316faed3aa4661f9683eb71620a04ef7b1f263e110a7a,UNCHANGED_RETAINED,AUTOMATED_FULL_CORPUS_AUDIT,AUTO_QUALITY_PASS,13ZHyQe7ST_y9jq-GO44uPpGuZkRoyoSk,26
44926a56f654e1be73d7fa8ad2307ffda40e319ec34cb19662818724c8c5a00f,44926a56f654e1be73d7fa8ad2307ffda40e319ec34cb19662818724c8c5a00f,UNCHANGED_RETAINED,AUTOMATED_FULL_CORPUS_AUDIT,AUTO_QUALITY_PASS,13ZHyQe7ST_y9jq-GO44uPpGuZkRoyoSk,26
8a816d9db117bfcfabe1f446f92cd5f484ba822b711fcfbe6a5ef7e048049ea6,8a816d9db117bfcfabe1f446f92cd5f484ba822b711fcfbe6a5ef7e048049ea6,UNCHANGED_RETAINED,AUTOMATED_FULL_CORPUS_AUDIT,AUTO_QUALITY_PASS,13ZHyQe7ST_y9jq-GO44uPpGuZkRoyoSk,26
a4fc605841457675ee27cf6834b0fa6e403fcba1128376cfb27c7fdb113a452b,a4fc605841457675ee27cf6834b0fa6e403fcba1128376cfb27c7fdb113a452b,UNCHANGED_RETAINED,AUTOMATED_FULL_CORPUS_AUDIT,AUTO_QUALITY_PASS,13ZHyQe7ST_y9jq-GO44uPpGuZkRoyoSk,26
e766abac729395a680a748e58eaf9ee5a1c4dec7a38dfd15b52a4d3fe68fe718,e766abac729395a680a748e58eaf9ee5a1c4dec7a38dfd15b52a4d3fe68fe718,UNCHANGED_RETAINED,HUMAN_REVIEW_FINAL,KEEP_RETRIEVAL_AND_DISPLAY,13ZHyQe7ST_y9jq-GO44uPpGuZkRoyoSk,27
e9586a0bb342474fdfc8e86ee862fcc0bfeae357cc1e48740ea00e683419a6ca,e9586a0bb342474fdfc8e86ee862fcc0bfeae357cc1e48740ea00e683419a6ca,UNCHANGED_RETAINED,AUTOMATED_FULL_CORPUS_AUDIT,AUTO_QUALITY_PASS,13ZHyQe7ST_y9jq-GO44uPpGuZkRoyoSk,27
2ab277af456b451c35ce3c5dc2bcda4f072aaf224854403cd7a5beaa44f4db61,2ab277af456b451c35ce3c5dc2bcda4f072aaf224854403cd7a5beaa44f4db61,UNCHANGED_RETAINED,AUTOMATED_FULL_CORPUS_AUDIT,AUTO_QUALITY_PASS,13ZHyQe7ST_y9jq-GO44uPpGuZkRoyoSk,27
3a38685546b9b4ecd74a5d1969b37c44e75cc4e7e8688845b97b04bbdbe55ceb,3a38685546b9b4ecd74a5d1969b37c44e75cc4e7e8688845b97b04bbdbe55ceb,UNCHANGED_RETAINED,AUTOMATED_FULL_CORPUS_AUDIT,AUTO_QUALITY_PASS,13ZHyQe7ST_y9jq-GO44uPpGuZkRoyoSk,27
a340dbe20fa05b4fb8be3e1e3645558a1ca0d6dd9b90550b217f8d8c4c1f54bd,a340dbe20fa05b4fb8be3e1e3645558a1ca0d6dd9b90550b217f8d8c4c1f54bd,UNCHANGED_RETAINED,AUTOMATED_FULL_CORPUS_AUDIT,AUTO_QUALITY_PASS,13ZHyQe7ST_y9jq-GO44uPpGuZkRoyoSk,27
00d493e25c48a6688d4cef41eaafc9ab1145a4801b1835f8bc4c2f4f68203335,00d493e25c48a6688d4cef41eaafc9ab1145a4801b1835f8bc4c2f4f68203335,UNCHANGED_RETAINED,HUMAN_REVIEW_FINAL,KEEP_RETRIEVAL_AND_DISPLAY,13ZHyQe7ST_y9jq-GO44uPpGuZkRoyoSk,27
c2ccc7af95d1f29fb1c7e0c059daede665a6d15a726a58b9562a2174aef007d9,c2ccc7af95d1f29fb1c7e0c059daede665a6d15a726a58b9562a2174aef007d9,UNCHANGED_RETAINED,AUTOMATED_FULL_CORPUS_AUDIT,AUTO_QUALITY_PASS,13ZHyQe7ST_y9jq-GO44uPpGuZkRoyoSk,28
382a02c3642454bf0332527696916ae39f71cab3d503bb3fd38fb4225e10e90b,382a02c3642454bf0332527696916ae39f71cab3d503bb3fd38fb4225e10e90b,UNCHANGED_RETAINED,AUTOMATED_FULL_CORPUS_AUDIT,AUTO_QUALITY_PASS,13ZHyQe7ST_y9jq-GO44uPpGuZkRoyoSk,28
3f91d08da4c9e804fc7621f0761a32f0cded1bd27eccc22aa35d47db44d0f6a4,3f91d08da4c9e804fc7621f0761a32f0cded1bd27eccc22aa35d47db44d0f6a4,UNCHANGED_RETAINED,AUTOMATED_FULL_CORPUS_AUDIT,AUTO_QUALITY_PASS,13ZHyQe7ST_y9jq-GO44uPpGuZkRoyoSk,28
7f45097b63294bf4f01e2b12daf433ca72d4b45f323f45d69436abe4c6be0c20,7f45097b63294bf4f01e2b12daf433ca72d4b45f323f45d69436abe4c6be0c20,UNCHANGED_RETAINED,AUTOMATED_FULL_CORPUS_AUDIT,AUTO_QUALITY_PASS,13ZHyQe7ST_y9jq-GO44uPpGuZkRoyoSk,28
826b9dd1661e5e57cd7b7d754af74b333c6c21b86503c51bf6160e42f43e0cd8,826b9dd1661e5e57cd7b7d754af74b333c6c21b86503c51bf6160e42f43e0cd8,UNCHANGED_RETAINED,AUTOMATED_FULL_CORPUS_AUDIT,AUTO_QUALITY_PASS,13ZHyQe7ST_y9jq-GO44uPpGuZkRoyoSk,28
d13eb5856e513c87f389032dd2501867ee497ff3251f5ba481a1f58b90050718,d13eb5856e513c87f389032dd2501867ee497ff3251f5ba481a1f58b90050718,UNCHANGED_RETAINED,AUTOMATED_FULL_CORPUS_AUDIT,AUTO_QUALITY_PASS,13ZHyQe7ST_y9jq-GO44uPpGuZkRoyoSk,28
2237d494a7bba6058df6b39af780f42e4677a6156dc0f4da6e40d554362ed574,2237d494a7bba6058df6b39af780f42e4677a6156dc0f4da6e40d554362ed574,UNCHANGED_RETAINED,AUTOMATED_FULL_CORPUS_AUDIT,AUTO_QUALITY_PASS,13ZHyQe7ST_y9jq-GO44uPpGuZkRoyoSk,29
4dcb043840c12f1cd2b564992773d078b48f9c2fa74b8d2ecb29b024aeeb8a27,4dcb043840c12f1cd2b564992773d078b48f9c2fa74b8d2ecb29b024aeeb8a27,UNCHANGED_RETAINED,AUTOMATED_FULL_CORPUS_AUDIT,AUTO_QUALITY_PASS,13ZHyQe7ST_y9jq-GO44uPpGuZkRoyoSk,29
94eb40ebcae2bfb153d652ade4cd38757564e68b1026216bc7b956a2bbe102b8,94eb40ebcae2bfb153d652ade4cd38757564e68b1026216bc7b956a2bbe102b8,RETRIEVAL_ONLY,HUMAN_REVIEW_FINAL,KEEP_RETRIEVAL_ONLY,13ZHyQe7ST_y9jq-GO44uPpGuZkRoyoSk,29
d5298877a20c780769e4c414ac45791376ff1c8525855547c27f3c4b8e8886a4,d5298877a20c780769e4c414ac45791376ff1c8525855547c27f3c4b8e8886a4,UNCHANGED_RETAINED,AUTOMATED_FULL_CORPUS_AUDIT,AUTO_QUALITY_PASS,13ZHyQe7ST_y9jq-GO44uPpGuZkRoyoSk,29
1af6d832ba3f7254ac3604429823a65c85861566dacddf75807c3231a9bd0d34,1af6d832ba3f7254ac3604429823a65c85861566dacddf75807c3231a9bd0d34,UNCHANGED_RETAINED,HUMAN_REVIEW_FINAL,KEEP_RETRIEVAL_AND_DISPLAY,14gBNEC1xytKDef0aH-nYvh8gkxKwqvlU,1
a1dadb4a1649c08dfd56187fdd3f9b38bc8e5c147a00429948054ff3e0fd7a1f,a1dadb4a1649c08dfd56187fdd3f9b38bc8e5c147a00429948054ff3e0fd7a1f,UNCHANGED_RETAINED,AUTOMATED_FULL_CORPUS_AUDIT,AUTO_QUALITY_PASS,14gBNEC1xytKDef0aH-nYvh8gkxKwqvlU,1
b1a142b28fc3e70c883a65b4c7909143d76c4f3a32288a7ebfbb85f5b1f79b5b,b1a142b28fc3e70c883a65b4c7909143d76c4f3a32288a7ebfbb85f5b1f79b5b,UNCHANGED_RETAINED,AUTOMATED_FULL_CORPUS_AUDIT,AUTO_QUALITY_PASS,1516xs4R8QKQu4bdsi3Z0_oWe3AKZcmEZ,1
e1675ce4beee9a1063c96b2c375ec10dd7058a61bf7b2fdd98c32fe5fb48f840,e1675ce4beee9a1063c96b2c375ec10dd7058a61bf7b2fdd98c32fe5fb48f840,UNCHANGED_RETAINED,AUTOMATED_FULL_CORPUS_AUDIT,AUTO_QUALITY_PASS,1516xs4R8QKQu4bdsi3Z0_oWe3AKZcmEZ,2
213393d350ae4a9853a89f57e68ab99626641f0f71351a77eb91ee9b67f4e8fc,213393d350ae4a9853a89f57e68ab99626641f0f71351a77eb91ee9b67f4e8fc,UNCHANGED_RETAINED,AUTOMATED_FULL_CORPUS_AUDIT,AUTO_QUALITY_PASS,1516xs4R8QKQu4bdsi3Z0_oWe3AKZcmEZ,2
d72b890c3cac075c813bbae47664f740c2e24f2cd37413abe5ef1a72c0e731ee,d72b890c3cac075c813bbae47664f740c2e24f2cd37413abe5ef1a72c0e731ee,UNCHANGED_RETAINED,AUTOMATED_FULL_CORPUS_AUDIT,AUTO_QUALITY_PASS,1516xs4R8QKQu4bdsi3Z0_oWe3AKZcmEZ,3
4c726eba362bb0f395b2d9ed4af38b73ac0a30e55338b3e6ee49a11e5e5fc008,4c726eba362bb0f395b2d9ed4af38b73ac0a30e55338b3e6ee49a11e5e5fc008,UNCHANGED_RETAINED,HUMAN_REVIEW_FINAL,KEEP_RETRIEVAL_AND_DISPLAY,1516xs4R8QKQu4bdsi3Z0_oWe3AKZcmEZ,3
6008456ef59ace79d0f5e017eaf40838a26a5aa90f2e285892e0445ef0759207,6008456ef59ace79d0f5e017eaf40838a26a5aa90f2e285892e0445ef0759207,UNCHANGED_RETAINED,AUTOMATED_FULL_CORPUS_AUDIT,AUTO_QUALITY_PASS,1516xs4R8QKQu4bdsi3Z0_oWe3AKZcmEZ,4
e94fff9845dec9ca3cf5d6a316c65a75d37141fbedfcdea31fda75ccfee7b9fa,e94fff9845dec9ca3cf5d6a316c65a75d37141fbedfcdea31fda75ccfee7b9fa,UNCHANGED_RETAINED,AUTOMATED_FULL_CORPUS_AUDIT,AUTO_QUALITY_PASS,1516xs4R8QKQu4bdsi3Z0_oWe3AKZcmEZ,4
30009ca7a7d624832ba780180cbb6e989ba8dc15fab78168c0e7e9fa3f8672b8,30009ca7a7d624832ba780180cbb6e989ba8dc15fab78168c0e7e9fa3f8672b8,UNCHANGED_RETAINED,AUTOMATED_FULL_CORPUS_AUDIT,AUTO_QUALITY_PASS,1516xs4R8QKQu4bdsi3Z0_oWe3AKZcmEZ,5
25c50702e51b4db1bc2a33eb7b0c9263f4d3bdfcf74d73750debceaabc53165e,,REMOVED_GENERIC,HUMAN_REVIEW_FINAL,EXCLUDE_GENERIC_OR_NON_EVIDENTIARY_TEXT,1516xs4R8QKQu4bdsi3Z0_oWe3AKZcmEZ,5
c38cbf5990a0ad562550e3b47945b1343d97bee74b0202f871fc4915508ad70d,c38cbf5990a0ad562550e3b47945b1343d97bee74b0202f871fc4915508ad70d,RETRIEVAL_ONLY,HUMAN_REVIEW_FINAL,KEEP_RETRIEVAL_ONLY,1516xs4R8QKQu4bdsi3Z0_oWe3AKZcmEZ,6
deb2f2a4d79885bdf5765ef1d020d1d968bc11fda7ebfc94b7f0899916ae0256,,REMOVED_GENERIC,HUMAN_REVIEW_FINAL,EXCLUDE_GENERIC_OR_NON_EVIDENTIARY_TEXT,1516xs4R8QKQu4bdsi3Z0_oWe3AKZcmEZ,6
21e62fd9a9e233568777cf1b0d4d3efa19fe48dc6c895af35df88b49469cad89,21e62fd9a9e233568777cf1b0d4d3efa19fe48dc6c895af35df88b49469cad89,UNCHANGED_RETAINED,AUTOMATED_FULL_CORPUS_AUDIT,AUTO_QUALITY_PASS,1516xs4R8QKQu4bdsi3Z0_oWe3AKZcmEZ,7
44490fee4d9fef6169165b83f06c25f99854ffe63a7fca4f7859835f78a6c737,44490fee4d9fef6169165b83f06c25f99854ffe63a7fca4f7859835f78a6c737,UNCHANGED_RETAINED,AUTOMATED_FULL_CORPUS_AUDIT,AUTO_QUALITY_PASS,1516xs4R8QKQu4bdsi3Z0_oWe3AKZcmEZ,7
68ca77295ad3360c786159ff03b5a6876e6180a5b3c0e4bfc74fa01b9e4c1ff2,68ca77295ad3360c786159ff03b5a6876e6180a5b3c0e4bfc74fa01b9e4c1ff2,UNCHANGED_RETAINED,AUTOMATED_FULL_CORPUS_AUDIT,AUTO_QUALITY_PASS,1516xs4R8QKQu4bdsi3Z0_oWe3AKZcmEZ,8
4d6634944895ad4df53cbd7e9a2f1f76145a86174a06331717eeec1ff58f2258,4d6634944895ad4df53cbd7e9a2f1f76145a86174a06331717eeec1ff58f2258,UNCHANGED_RETAINED,AUTOMATED_FULL_CORPUS_AUDIT,AUTO_QUALITY_PASS,1516xs4R8QKQu4bdsi3Z0_oWe3AKZcmEZ,8
2780c6e241df80d1d2aeaee8a338bc0a4496dd0ce6f7412d89ab99b47543d84b,2780c6e241df80d1d2aeaee8a338bc0a4496dd0ce6f7412d89ab99b47543d84b,UNCHANGED_RETAINED,AUTOMATED_FULL_CORPUS_AUDIT,AUTO_QUALITY_PASS,1516xs4R8QKQu4bdsi3Z0_oWe3AKZcmEZ,9
0ae3c00354449e6df747f4a17fab23828dd4cb0cc7b29c76518adcc45fd710fb,0ae3c00354449e6df747f4a17fab23828dd4cb0cc7b29c76518adcc45fd710fb,UNCHANGED_RETAINED,AUTOMATED_FULL_CORPUS_AUDIT,AUTO_QUALITY_PASS,1516xs4R8QKQu4bdsi3Z0_oWe3AKZcmEZ,9
fb60e8d5a68e964cdc84e96b20267c44043bacc59c3667b2eb371df0ea60b765,fb60e8d5a68e964cdc84e96b20267c44043bacc59c3667b2eb371df0ea60b765,RETRIEVAL_ONLY,HUMAN_REVIEW_FINAL,KEEP_RETRIEVAL_ONLY,1516xs4R8QKQu4bdsi3Z0_oWe3AKZcmEZ,10
f5c8c09890ddf134c0faabbc985128b463fddf0bb79be7a05f57f82f02571f0e,f5c8c09890ddf134c0faabbc985128b463fddf0bb79be7a05f57f82f02571f0e,UNCHANGED_RETAINED,AUTOMATED_FULL_CORPUS_AUDIT,AUTO_QUALITY_PASS,1516xs4R8QKQu4bdsi3Z0_oWe3AKZcmEZ,10
24f37bc1cc5630f4369f9dc7a71038ac31cbb0ac6d73573cc259928e93dd4b9f,24f37bc1cc5630f4369f9dc7a71038ac31cbb0ac6d73573cc259928e93dd4b9f,RETRIEVAL_ONLY,HUMAN_REVIEW_FINAL,KEEP_RETRIEVAL_ONLY,1516xs4R8QKQu4bdsi3Z0_oWe3AKZcmEZ,11
f63c24b358e548c5ddf4e0a59be3d815dd4bb167e8df654c48bb3684a0e6fecd,f63c24b358e548c5ddf4e0a59be3d815dd4bb167e8df654c48bb3684a0e6fecd,UNCHANGED_RETAINED,AUTOMATED_FULL_CORPUS_AUDIT,AUTO_QUALITY_PASS,1516xs4R8QKQu4bdsi3Z0_oWe3AKZcmEZ,11
87264cc1ccfb3e9468195dfc094e40de36100d246e1bde6d7becb6e8a26e3cca,87264cc1ccfb3e9468195dfc094e40de36100d246e1bde6d7becb6e8a26e3cca,UNCHANGED_RETAINED,AUTOMATED_FULL_CORPUS_AUDIT,AUTO_QUALITY_PASS,1516xs4R8QKQu4bdsi3Z0_oWe3AKZcmEZ,12
63896e3c44817d2c0fefa0bc8341e9b3f70aae82f54702ebee39c1fd8a456c64,63896e3c44817d2c0fefa0bc8341e9b3f70aae82f54702ebee39c1fd8a456c64,UNCHANGED_RETAINED,AUTOMATED_FULL_CORPUS_AUDIT,AUTO_QUALITY_PASS,1516xs4R8QKQu4bdsi3Z0_oWe3AKZcmEZ,12
602b9a4b66c786eacc0f8e1c4850a31a6fa91db4b4545e4e5de8b60fd129f4dd,,REMOVED_GENERIC,HUMAN_REVIEW_FINAL,EXCLUDE_GENERIC_OR_NON_EVIDENTIARY_TEXT,1516xs4R8QKQu4bdsi3Z0_oWe3AKZcmEZ,13
2e1bc4c9c686827be20b8d784bea7c02303436080657ca91f937653cad23b437,2e1bc4c9c686827be20b8d784bea7c02303436080657ca91f937653cad23b437,UNCHANGED_RETAINED,AUTOMATED_FULL_CORPUS_AUDIT,AUTO_QUALITY_PASS,1516xs4R8QKQu4bdsi3Z0_oWe3AKZcmEZ,13
89c61ed736bf8c0e19136849ac5c581d4489384be3be76767f330ba8e9073ae3,89c61ed736bf8c0e19136849ac5c581d4489384be3be76767f330ba8e9073ae3,UNCHANGED_RETAINED,AUTOMATED_FULL_CORPUS_AUDIT,AUTO_QUALITY_PASS,1516xs4R8QKQu4bdsi3Z0_oWe3AKZcmEZ,14
9d3d221c5b8e16fa4ac1dad7d505b0a1670f3ace9e194e5a33dc52961f6a764c,9d3d221c5b8e16fa4ac1dad7d505b0a1670f3ace9e194e5a33dc52961f6a764c,UNCHANGED_RETAINED,AUTOMATED_FULL_CORPUS_AUDIT,AUTO_QUALITY_PASS,1516xs4R8QKQu4bdsi3Z0_oWe3AKZcmEZ,15
1fc5c9a243dbafde2b2375b1f1c250b15db2d30c94ba2a8de3e511a38c1794a0,1fc5c9a243dbafde2b2375b1f1c250b15db2d30c94ba2a8de3e511a38c1794a0,UNCHANGED_RETAINED,AUTOMATED_FULL_CORPUS_AUDIT,AUTO_QUALITY_PASS,15l06B1U-Kh0trfMtEz0rFaIdb9NISZ5-,1
383da8125589f635407f026ca1d3c2e2f4fdea6d4ad6fd713607279d0d8d83f9,383da8125589f635407f026ca1d3c2e2f4fdea6d4ad6fd713607279d0d8d83f9,UNCHANGED_RETAINED,AUTOMATED_FULL_CORPUS_AUDIT,AUTO_QUALITY_PASS,15l06B1U-Kh0trfMtEz0rFaIdb9NISZ5-,1
12bc655533d9245db70750ab42d9b9a1289940be7052882ed98347b2169c2ba0,12bc655533d9245db70750ab42d9b9a1289940be7052882ed98347b2169c2ba0,UNCHANGED_RETAINED,AUTOMATED_FULL_CORPUS_AUDIT,AUTO_QUALITY_PASS,15l1bT96w69vuq2usP4l7BeIewyaaQLUB,1
ef31c63cff4356133fa8908ee968e653a17903971effb70c956ac0e731e7a21f,ef31c63cff4356133fa8908ee968e653a17903971effb70c956ac0e731e7a21f,UNCHANGED_RETAINED,AUTOMATED_FULL_CORPUS_AUDIT,AUTO_QUALITY_PASS,15viKX9_AhP_VaA3S8gfTDwBIu8PNWuGR,1
b72e7be2756e60a1d1300d5431738cc9807816bf8f9b97194f93ab04cd312aac,b72e7be2756e60a1d1300d5431738cc9807816bf8f9b97194f93ab04cd312aac,UNCHANGED_RETAINED,AUTOMATED_FULL_CORPUS_AUDIT,AUTO_QUALITY_PASS,15viKX9_AhP_VaA3S8gfTDwBIu8PNWuGR,1
9422ca26721f770d6e1b601524abd258a0d2715d118745e11a4871e0969e90cf,9422ca26721f770d6e1b601524abd258a0d2715d118745e11a4871e0969e90cf,UNCHANGED_RETAINED,AUTOMATED_FULL_CORPUS_AUDIT,AUTO_QUALITY_PASS,16fImzIN0gHACLN8BThc1YpUeMQRSksSH,1
ce8406a51b0d4776392d71c40ebedbe83b33fe24b3785f6d6832515739348ea2,ce8406a51b0d4776392d71c40ebedbe83b33fe24b3785f6d6832515739348ea2,UNCHANGED_RETAINED,AUTOMATED_FULL_CORPUS_AUDIT,AUTO_QUALITY_PASS,18-rjuU1g1GVN2K_5D7Bs1BBf_LLhQxVf,1
493aacbbf82d34078aba234e4180a74c9fdf9d4fbe352abfd1e7bc68966e1c4c,493aacbbf82d34078aba234e4180a74c9fdf9d4fbe352abfd1e7bc68966e1c4c,UNCHANGED_RETAINED,AUTOMATED_FULL_CORPUS_AUDIT,AUTO_QUALITY_PASS,18-rjuU1g1GVN2K_5D7Bs1BBf_LLhQxVf,1
1b2b8ca99ca8f93344d919195e90d8e6b4ba890aef6d25f0b975cddb1e1403f8,1b2b8ca99ca8f93344d919195e90d8e6b4ba890aef6d25f0b975cddb1e1403f8,UNCHANGED_RETAINED,AUTOMATED_FULL_CORPUS_AUDIT,AUTO_QUALITY_PASS,18F4qeFXsYbwchdnqgLLul7H-u431jU1b,1
7bd2f69f8f38e4b1fc1ab0e89b54a289d881f52eb8d290c450c7b58375eefe52,7bd2f69f8f38e4b1fc1ab0e89b54a289d881f52eb8d290c450c7b58375eefe52,UNCHANGED_RETAINED,AUTOMATED_FULL_CORPUS_AUDIT,AUTO_QUALITY_PASS,18F4qeFXsYbwchdnqgLLul7H-u431jU1b,1
46180cdc1944d2ecb7b80c591a595e0fffc30650b751c6a34d523f14b14faa5a,46180cdc1944d2ecb7b80c591a595e0fffc30650b751c6a34d523f14b14faa5a,UNCHANGED_RETAINED,AUTOMATED_FULL_CORPUS_AUDIT,AUTO_QUALITY_PASS,18F4qeFXsYbwchdnqgLLul7H-u431jU1b,1
6ad89fb3006d72e677785965b1a9f71b218da0c683aea09895affa2b30b2d65e,6ad89fb3006d72e677785965b1a9f71b218da0c683aea09895affa2b30b2d65e,UNCHANGED_RETAINED,HUMAN_REVIEW_FINAL,KEEP_RETRIEVAL_AND_DISPLAY,18F4qeFXsYbwchdnqgLLul7H-u431jU1b,1
acaaa90f9690f00a723ba42846a8e523251b56b13cb5747ce70d1611c4040554,acaaa90f9690f00a723ba42846a8e523251b56b13cb5747ce70d1611c4040554,UNCHANGED_RETAINED,AUTOMATED_FULL_CORPUS_AUDIT,AUTO_QUALITY_PASS,18F4qeFXsYbwchdnqgLLul7H-u431jU1b,2
508d3e4e5fff281c3be41046a58ec9e6cc8d17fe20e2993e9b5c985f090bbdb5,508d3e4e5fff281c3be41046a58ec9e6cc8d17fe20e2993e9b5c985f090bbdb5,UNCHANGED_RETAINED,AUTOMATED_FULL_CORPUS_AUDIT,AUTO_QUALITY_PASS,18F4qeFXsYbwchdnqgLLul7H-u431jU1b,2
809d6cfcae67be44f7e66f997df34dce68f3fe782877dac586e69d6e91ca8f6b,809d6cfcae67be44f7e66f997df34dce68f3fe782877dac586e69d6e91ca8f6b,UNCHANGED_RETAINED,AUTOMATED_FULL_CORPUS_AUDIT,AUTO_QUALITY_PASS,18F4qeFXsYbwchdnqgLLul7H-u431jU1b,2
0f7d853aab0e13263c6aa3ecc19737a18933ba3f6b0464998e286d209da0a5b4,0f7d853aab0e13263c6aa3ecc19737a18933ba3f6b0464998e286d209da0a5b4,UNCHANGED_RETAINED,AUTOMATED_FULL_CORPUS_AUDIT,AUTO_QUALITY_PASS,18F4qeFXsYbwchdnqgLLul7H-u431jU1b,2
3849f7e8d18b0ed1b5cf2d9a6d6aa2459a4b1a7dbcbe388c3db70214204287ca,3849f7e8d18b0ed1b5cf2d9a6d6aa2459a4b1a7dbcbe388c3db70214204287ca,UNCHANGED_RETAINED,AUTOMATED_FULL_CORPUS_AUDIT,AUTO_QUALITY_PASS,18F4qeFXsYbwchdnqgLLul7H-u431jU1b,2
0be238bb7f97adf567f468d53c4671f354b5cad6b71e48487b3b9f28a5dc50b9,0be238bb7f97adf567f468d53c4671f354b5cad6b71e48487b3b9f28a5dc50b9,UNCHANGED_RETAINED,AUTOMATED_FULL_CORPUS_AUDIT,AUTO_QUALITY_PASS,18F4qeFXsYbwchdnqgLLul7H-u431jU1b,3
a0053c5774242c62dfd3d98e0d61d08449a9cc76b2ca65ba6ee7612afbba6c12,a0053c5774242c62dfd3d98e0d61d08449a9cc76b2ca65ba6ee7612afbba6c12,UNCHANGED_RETAINED,AUTOMATED_FULL_CORPUS_AUDIT,AUTO_QUALITY_PASS,18F4qeFXsYbwchdnqgLLul7H-u431jU1b,3
0879faac88390f0be0bd765c39ba79e48a97895d757cbf9257261a51c8fe881f,0879faac88390f0be0bd765c39ba79e48a97895d757cbf9257261a51c8fe881f,UNCHANGED_RETAINED,AUTOMATED_FULL_CORPUS_AUDIT,AUTO_QUALITY_PASS,18F4qeFXsYbwchdnqgLLul7H-u431jU1b,3
0846c08565315e47b7cbd9e12ab5b00356a5459de34b94ff48def6943d9d26c1,0846c08565315e47b7cbd9e12ab5b00356a5459de34b94ff48def6943d9d26c1,UNCHANGED_RETAINED,AUTOMATED_FULL_CORPUS_AUDIT,AUTO_QUALITY_PASS,18F4qeFXsYbwchdnqgLLul7H-u431jU1b,3
a14ab413966cfeba941558a7000508ee885f53e3aa5654c35b7f9e67a7029ac2,a14ab413966cfeba941558a7000508ee885f53e3aa5654c35b7f9e67a7029ac2,UNCHANGED_RETAINED,AUTOMATED_FULL_CORPUS_AUDIT,AUTO_QUALITY_PASS,18F4qeFXsYbwchdnqgLLul7H-u431jU1b,4
63ae8ee6f3742c50cea8514b6893373a308ae123f68e8fd074754a349d5b3b5d,63ae8ee6f3742c50cea8514b6893373a308ae123f68e8fd074754a349d5b3b5d,UNCHANGED_RETAINED,HUMAN_REVIEW_FINAL,KEEP_RETRIEVAL_AND_DISPLAY,18FkhkQWqnNaQdyn5DviVHZAVspGfvy_n,1
54766f80d8d43c21f8b5378129ab118fcb55a5ea66aac489e886fa99467cf508,54766f80d8d43c21f8b5378129ab118fcb55a5ea66aac489e886fa99467cf508,UNCHANGED_RETAINED,AUTOMATED_FULL_CORPUS_AUDIT,AUTO_QUALITY_PASS,18FkhkQWqnNaQdyn5DviVHZAVspGfvy_n,2
70224065cc844bfeab4b4765ab85087ac329c7b7a4c3f7db117918b9faff45f9,70224065cc844bfeab4b4765ab85087ac329c7b7a4c3f7db117918b9faff45f9,UNCHANGED_RETAINED,AUTOMATED_FULL_CORPUS_AUDIT,AUTO_QUALITY_PASS,18FkhkQWqnNaQdyn5DviVHZAVspGfvy_n,2
2a4e079ce5ef8353acb1e6cdb8999fd1bfc8918334f13a48d55b49deac1dc2b6,2a4e079ce5ef8353acb1e6cdb8999fd1bfc8918334f13a48d55b49deac1dc2b6,UNCHANGED_RETAINED,AUTOMATED_FULL_CORPUS_AUDIT,AUTO_QUALITY_PASS,18FkhkQWqnNaQdyn5DviVHZAVspGfvy_n,2
0624130cf36e26630eadbef51e9a3a2812e1344670495857c6834d8245853982,0624130cf36e26630eadbef51e9a3a2812e1344670495857c6834d8245853982,UNCHANGED_RETAINED,AUTOMATED_FULL_CORPUS_AUDIT,AUTO_QUALITY_PASS,18FkhkQWqnNaQdyn5DviVHZAVspGfvy_n,2
69aba3c56b9bc05812aa47e5333a4f729acbfb0e4f4085aba64275b0dfcc5a5a,,REMOVED_GENERIC,HUMAN_REVIEW_FINAL,EXCLUDE_GENERIC_OR_NON_EVIDENTIARY_TEXT,18FkhkQWqnNaQdyn5DviVHZAVspGfvy_n,2
e394f55919c81962222c5dd08bb8e0e76585b6da7a06159554ed3525faea1fdb,e394f55919c81962222c5dd08bb8e0e76585b6da7a06159554ed3525faea1fdb,UNCHANGED_RETAINED,AUTOMATED_FULL_CORPUS_AUDIT,AUTO_QUALITY_PASS,18FkhkQWqnNaQdyn5DviVHZAVspGfvy_n,3
597e686695500a8ee0691d88059406eaa7ba899418a3c434c452d0dcf598dbb9,597e686695500a8ee0691d88059406eaa7ba899418a3c434c452d0dcf598dbb9,UNCHANGED_RETAINED,AUTOMATED_FULL_CORPUS_AUDIT,AUTO_QUALITY_PASS,18FkhkQWqnNaQdyn5DviVHZAVspGfvy_n,3
8ea920cbde136d89d997b9bcab273d5c0676f1edb227a26a73d16abe96fa7985,8ea920cbde136d89d997b9bcab273d5c0676f1edb227a26a73d16abe96fa7985,UNCHANGED_RETAINED,AUTOMATED_FULL_CORPUS_AUDIT,AUTO_QUALITY_PASS,18FkhkQWqnNaQdyn5DviVHZAVspGfvy_n,3
9ec3612713761cbb581cf4d75b3229566e11ca9996dc3ae5179d212f39ad2850,9ec3612713761cbb581cf4d75b3229566e11ca9996dc3ae5179d212f39ad2850,UNCHANGED_RETAINED,AUTOMATED_FULL_CORPUS_AUDIT,AUTO_QUALITY_PASS,18FkhkQWqnNaQdyn5DviVHZAVspGfvy_n,3
d2d707f45a9005a504ac3029491c578a3cf4f939d6ccd88fc73351d472215b81,d2d707f45a9005a504ac3029491c578a3cf4f939d6ccd88fc73351d472215b81,UNCHANGED_RETAINED,AUTOMATED_FULL_CORPUS_AUDIT,AUTO_QUALITY_PASS,18FkhkQWqnNaQdyn5DviVHZAVspGfvy_n,4
3368a5654aae526520e3902b0792b0da224a1cc0b0b1bc738955561e7f1787b2,3368a5654aae526520e3902b0792b0da224a1cc0b0b1bc738955561e7f1787b2,UNCHANGED_RETAINED,AUTOMATED_FULL_CORPUS_AUDIT,AUTO_QUALITY_PASS,18FkhkQWqnNaQdyn5DviVHZAVspGfvy_n,4
6011fa3c55321720ef5aaf2c8915e831e6ae1921315acbe7830e5e8736c814f4,6011fa3c55321720ef5aaf2c8915e831e6ae1921315acbe7830e5e8736c814f4,UNCHANGED_RETAINED,AUTOMATED_FULL_CORPUS_AUDIT,AUTO_QUALITY_PASS,18FkhkQWqnNaQdyn5DviVHZAVspGfvy_n,4
b2b8b21230ae4f126af8fbf9d1922f96b9ac2be6152fe35b26e6001974c8e148,b2b8b21230ae4f126af8fbf9d1922f96b9ac2be6152fe35b26e6001974c8e148,UNCHANGED_RETAINED,AUTOMATED_FULL_CORPUS_AUDIT,AUTO_QUALITY_PASS,18FkhkQWqnNaQdyn5DviVHZAVspGfvy_n,4
c855a60ad6b1e0ba7d2de7633ebda377c90467b29ac51e676c8ada5c52686ab9,c855a60ad6b1e0ba7d2de7633ebda377c90467b29ac51e676c8ada5c52686ab9,UNCHANGED_RETAINED,AUTOMATED_FULL_CORPUS_AUDIT,AUTO_QUALITY_PASS,18FkhkQWqnNaQdyn5DviVHZAVspGfvy_n,5
73d95f774d8928db1698cb0a2495f619950fe57c862e410c8795b89c60e0d099,73d95f774d8928db1698cb0a2495f619950fe57c862e410c8795b89c60e0d099,UNCHANGED_RETAINED,AUTOMATED_FULL_CORPUS_AUDIT,AUTO_QUALITY_PASS,18FkhkQWqnNaQdyn5DviVHZAVspGfvy_n,5
50a1fc6a0f805d8ac0b9186b929134aea9d026c580b16a8449865c586038dc23,50a1fc6a0f805d8ac0b9186b929134aea9d026c580b16a8449865c586038dc23,UNCHANGED_RETAINED,AUTOMATED_FULL_CORPUS_AUDIT,AUTO_QUALITY_PASS,18FkhkQWqnNaQdyn5DviVHZAVspGfvy_n,5
5be680077d8f4a64c3c6ff2407bb527f97870ab10dcba95cd2a6342d09753a76,5be680077d8f4a64c3c6ff2407bb527f97870ab10dcba95cd2a6342d09753a76,UNCHANGED_RETAINED,AUTOMATED_FULL_CORPUS_AUDIT,AUTO_QUALITY_PASS,18FkhkQWqnNaQdyn5DviVHZAVspGfvy_n,6
e9790bc48904f70a2b0aaebb3f697cff30713c2418542a2349d22b0ada2a4e35,e9790bc48904f70a2b0aaebb3f697cff30713c2418542a2349d22b0ada2a4e35,UNCHANGED_RETAINED,AUTOMATED_FULL_CORPUS_AUDIT,AUTO_QUALITY_PASS,18FkhkQWqnNaQdyn5DviVHZAVspGfvy_n,6
40da9f3d006eee847c8a5b6f7e2b8aef56ebdb4b44ca4834113e117abc268f09,40da9f3d006eee847c8a5b6f7e2b8aef56ebdb4b44ca4834113e117abc268f09,UNCHANGED_RETAINED,AUTOMATED_FULL_CORPUS_AUDIT,AUTO_QUALITY_PASS,18FkhkQWqnNaQdyn5DviVHZAVspGfvy_n,6
1de27a3d5f53aa066facc6a1e948e484badb22141124e1ffdebe76cd78e1cbcb,1de27a3d5f53aa066facc6a1e948e484badb22141124e1ffdebe76cd78e1cbcb,UNCHANGED_RETAINED,AUTOMATED_FULL_CORPUS_AUDIT,AUTO_QUALITY_PASS,18FkhkQWqnNaQdyn5DviVHZAVspGfvy_n,6
bd027f22d780fd2c0a63edaba5e1b544d8bfa4eba38f54c9f64a7a882b6e982c,bd027f22d780fd2c0a63edaba5e1b544d8bfa4eba38f54c9f64a7a882b6e982c,UNCHANGED_RETAINED,AUTOMATED_FULL_CORPUS_AUDIT,AUTO_QUALITY_PASS,18FkhkQWqnNaQdyn5DviVHZAVspGfvy_n,7
681e0c9b920f5a17e89e4818ee9fb369a71b9140aec2796c239a553b43faa197,681e0c9b920f5a17e89e4818ee9fb369a71b9140aec2796c239a553b43faa197,RETRIEVAL_ONLY,HUMAN_REVIEW_FINAL,KEEP_RETRIEVAL_ONLY,18FkhkQWqnNaQdyn5DviVHZAVspGfvy_n,7
7c8d74b013e3445257d0ad3c1d25d1b3ee5be469d7d5c872935a69b513b5ca26,,HUMAN_CONFIRMATION_QUARANTINE,HUMAN_REVIEW_FINAL,HUMAN_CONFIRMATION_REQUIRED,18FkhkQWqnNaQdyn5DviVHZAVspGfvy_n,8
f6e047d093008138da816222973291cbdb34fc139d20d28cdc8dce71d3445f37,f6e047d093008138da816222973291cbdb34fc139d20d28cdc8dce71d3445f37,RETRIEVAL_ONLY,HUMAN_REVIEW_FINAL,KEEP_RETRIEVAL_ONLY,18FkhkQWqnNaQdyn5DviVHZAVspGfvy_n,9
65e5b21baa699e5cd507ed94dd4f41c61dbce45c2bc8b0140150c76d91aa27ae,65e5b21baa699e5cd507ed94dd4f41c61dbce45c2bc8b0140150c76d91aa27ae,UNCHANGED_RETAINED,AUTOMATED_FULL_CORPUS_AUDIT,AUTO_QUALITY_PASS,18FkhkQWqnNaQdyn5DviVHZAVspGfvy_n,10
633e3e624552fb076de5727fb11c5805f3b94f7c0ef32f111461f5b5aec17897,633e3e624552fb076de5727fb11c5805f3b94f7c0ef32f111461f5b5aec17897,UNCHANGED_RETAINED,AUTOMATED_FULL_CORPUS_AUDIT,AUTO_QUALITY_PASS,18FkhkQWqnNaQdyn5DviVHZAVspGfvy_n,10
dd4df6d646b0f76b96128821258defed9b0527fde132e3b44176e4af32c59315,dd4df6d646b0f76b96128821258defed9b0527fde132e3b44176e4af32c59315,UNCHANGED_RETAINED,AUTOMATED_FULL_CORPUS_AUDIT,AUTO_QUALITY_PASS,18FkhkQWqnNaQdyn5DviVHZAVspGfvy_n,10
939dcbf8c12afde20542ec0c5628818ba8ace73b1cfa5b3c5c96e5cb283ce0a9,939dcbf8c12afde20542ec0c5628818ba8ace73b1cfa5b3c5c96e5cb283ce0a9,UNCHANGED_RETAINED,AUTOMATED_FULL_CORPUS_AUDIT,AUTO_QUALITY_PASS,18FkhkQWqnNaQdyn5DviVHZAVspGfvy_n,10
7c05f24ca788596c64d85b2ec2e8e7cb4d5e5ff6e0648882a721407236fc79b1,7c05f24ca788596c64d85b2ec2e8e7cb4d5e5ff6e0648882a721407236fc79b1,UNCHANGED_RETAINED,AUTOMATED_FULL_CORPUS_AUDIT,AUTO_QUALITY_PASS,18FkhkQWqnNaQdyn5DviVHZAVspGfvy_n,10
5986b7731315c0c93ddd765c106fb4c3da3d2c49f4eb1f3cf3fbad6d1faa6485,5986b7731315c0c93ddd765c106fb4c3da3d2c49f4eb1f3cf3fbad6d1faa6485,RETRIEVAL_ONLY,HUMAN_REVIEW_FINAL,KEEP_RETRIEVAL_ONLY,18FkhkQWqnNaQdyn5DviVHZAVspGfvy_n,10
f17399b54c512934f0b3163b2d13aeca68578999ef5d63ff55a831aa61066993,f17399b54c512934f0b3163b2d13aeca68578999ef5d63ff55a831aa61066993,UNCHANGED_RETAINED,AUTOMATED_FULL_CORPUS_AUDIT,AUTO_QUALITY_PASS,18FkhkQWqnNaQdyn5DviVHZAVspGfvy_n,11
c2ecef5f3c3c400d51c6ae5a550f117505f62f9fd9763bd2646ada94bcbd7e77,c2ecef5f3c3c400d51c6ae5a550f117505f62f9fd9763bd2646ada94bcbd7e77,UNCHANGED_RETAINED,AUTOMATED_FULL_CORPUS_AUDIT,AUTO_QUALITY_PASS,18FkhkQWqnNaQdyn5DviVHZAVspGfvy_n,11
78838c07ce07b6002a65e15b34badc9c2c5c7b4091e30a38c361414b37484b1e,78838c07ce07b6002a65e15b34badc9c2c5c7b4091e30a38c361414b37484b1e,UNCHANGED_RETAINED,AUTOMATED_FULL_CORPUS_AUDIT,AUTO_QUALITY_PASS,18FkhkQWqnNaQdyn5DviVHZAVspGfvy_n,11
09e6321f29a9f718f12aeec9dae81efc34de579ec8de0cb9ac9d0f3b3a95abe6,09e6321f29a9f718f12aeec9dae81efc34de579ec8de0cb9ac9d0f3b3a95abe6,UNCHANGED_RETAINED,AUTOMATED_FULL_CORPUS_AUDIT,AUTO_QUALITY_PASS,18FkhkQWqnNaQdyn5DviVHZAVspGfvy_n,11
95b6365b6f771ac17ced2073beaefdb65e89cb9e14d3bc8555580c40baafe2f8,95b6365b6f771ac17ced2073beaefdb65e89cb9e14d3bc8555580c40baafe2f8,UNCHANGED_RETAINED,AUTOMATED_FULL_CORPUS_AUDIT,AUTO_QUALITY_PASS,18FkhkQWqnNaQdyn5DviVHZAVspGfvy_n,11
31cc9c84faf55bbd68d19f8c1745181ed706e7f723279c10eead15ab0ee37e56,31cc9c84faf55bbd68d19f8c1745181ed706e7f723279c10eead15ab0ee37e56,UNCHANGED_RETAINED,AUTOMATED_FULL_CORPUS_AUDIT,AUTO_QUALITY_PASS,18FkhkQWqnNaQdyn5DviVHZAVspGfvy_n,11
669f12a9aa61c45271cbebe71effc9b810a6e11ec15bff6d3a318449ae9cac91,,REMOVED_GENERIC,HUMAN_REVIEW_FINAL,EXCLUDE_GENERIC_OR_NON_EVIDENTIARY_TEXT,18FkhkQWqnNaQdyn5DviVHZAVspGfvy_n,11
277c2d8b703c6eaa7be255116a854c815b59af065c204afc8c3cba1cda3bc7f1,277c2d8b703c6eaa7be255116a854c815b59af065c204afc8c3cba1cda3bc7f1,UNCHANGED_RETAINED,AUTOMATED_FULL_CORPUS_AUDIT,AUTO_QUALITY_PASS,18FkhkQWqnNaQdyn5DviVHZAVspGfvy_n,12
0cfdc2c01d474432e156a29ee06ea03c42d54f3d3bc0db3ba2e3c3b089dcc92f,0cfdc2c01d474432e156a29ee06ea03c42d54f3d3bc0db3ba2e3c3b089dcc92f,UNCHANGED_RETAINED,AUTOMATED_FULL_CORPUS_AUDIT,AUTO_QUALITY_PASS,18FkhkQWqnNaQdyn5DviVHZAVspGfvy_n,12
d06555dccfd79b6c266d6571f123176722dbc5f46116c1291400bae18795c7fa,d06555dccfd79b6c266d6571f123176722dbc5f46116c1291400bae18795c7fa,UNCHANGED_RETAINED,AUTOMATED_FULL_CORPUS_AUDIT,AUTO_QUALITY_PASS,18FkhkQWqnNaQdyn5DviVHZAVspGfvy_n,12
509670b7d2458efb89c37da2eec3d4bfb52c67852f4db0d14de44f6fb49ee8e2,509670b7d2458efb89c37da2eec3d4bfb52c67852f4db0d14de44f6fb49ee8e2,UNCHANGED_RETAINED,AUTOMATED_FULL_CORPUS_AUDIT,AUTO_QUALITY_PASS,18FkhkQWqnNaQdyn5DviVHZAVspGfvy_n,12
234942389cd7d9df07c806556b8c978af275661bf23e509eeff0119a77764391,234942389cd7d9df07c806556b8c978af275661bf23e509eeff0119a77764391,UNCHANGED_RETAINED,AUTOMATED_FULL_CORPUS_AUDIT,AUTO_QUALITY_PASS,18FkhkQWqnNaQdyn5DviVHZAVspGfvy_n,12
30803855f2d9ba17cf44a5eb280e87bd225597025c75ebaf0dca80abd977d6b5,,HUMAN_CONFIRMATION_QUARANTINE,HUMAN_REVIEW_FINAL,HUMAN_CONFIRMATION_REQUIRED,18FkhkQWqnNaQdyn5DviVHZAVspGfvy_n,12
49931cf7028c39f69d9c4eaf55ba26d7a991685766f6c80241c6e554a944d9be,49931cf7028c39f69d9c4eaf55ba26d7a991685766f6c80241c6e554a944d9be,UNCHANGED_RETAINED,AUTOMATED_FULL_CORPUS_AUDIT,AUTO_QUALITY_PASS,18FkhkQWqnNaQdyn5DviVHZAVspGfvy_n,13
7cdf4b41a07ce0dbdae317171dc17ba155884da6dcb0a27ef301f65548a9411d,,HUMAN_CONFIRMATION_QUARANTINE,HUMAN_REVIEW_FINAL,HUMAN_CONFIRMATION_REQUIRED,18FkhkQWqnNaQdyn5DviVHZAVspGfvy_n,13
f352aa9f44bf13707eaf2d45318af5227532e49326b9e0f699549f0913d97a21,88cfd737fd19336297c78a4b4fb8deba66609e9f383934e2ab1aeaa489ba43f0;c56e9ad12355ec18d82a8f927e8c32ef7f44de0568d7f1854f8db8c38ad42ce1;9a427c245c53f9e24736e0cf51b915d2d7ba80d37640f708eb73b61cf2a4ee00;0a41b48c116de99454fb7e64a350ca1623b4919287f623fd686c4fb95eea93e0,REPLACED,TARGETED_PAGE_REPAIR,REPLACED_BY_REPAIRED_PAGE,18FkhkQWqnNaQdyn5DviVHZAVspGfvy_n,14
5361816dacb87bb88f4ef261c80df1898260d75c79bbbf0ab13d5b2bb31eadb2,88cfd737fd19336297c78a4b4fb8deba66609e9f383934e2ab1aeaa489ba43f0;c56e9ad12355ec18d82a8f927e8c32ef7f44de0568d7f1854f8db8c38ad42ce1;9a427c245c53f9e24736e0cf51b915d2d7ba80d37640f708eb73b61cf2a4ee00;0a41b48c116de99454fb7e64a350ca1623b4919287f623fd686c4fb95eea93e0,REPLACED,TARGETED_PAGE_REPAIR,REPLACED_BY_REPAIRED_PAGE,18FkhkQWqnNaQdyn5DviVHZAVspGfvy_n,14
cb791b53c52d3eb8d3f4930b647c877ade0831ff5517ee179c97adabbb4e6dae,88cfd737fd19336297c78a4b4fb8deba66609e9f383934e2ab1aeaa489ba43f0;c56e9ad12355ec18d82a8f927e8c32ef7f44de0568d7f1854f8db8c38ad42ce1;9a427c245c53f9e24736e0cf51b915d2d7ba80d37640f708eb73b61cf2a4ee00;0a41b48c116de99454fb7e64a350ca1623b4919287f623fd686c4fb95eea93e0,REPLACED,TARGETED_PAGE_REPAIR,REPLACED_BY_REPAIRED_PAGE,18FkhkQWqnNaQdyn5DviVHZAVspGfvy_n,14
20e514f4c007f401f71c78b7f5ca5386d029258bdc51b9bdff18dee40138042e,88cfd737fd19336297c78a4b4fb8deba66609e9f383934e2ab1aeaa489ba43f0;c56e9ad12355ec18d82a8f927e8c32ef7f44de0568d7f1854f8db8c38ad42ce1;9a427c245c53f9e24736e0cf51b915d2d7ba80d37640f708eb73b61cf2a4ee00;0a41b48c116de99454fb7e64a350ca1623b4919287f623fd686c4fb95eea93e0,REPLACED,TARGETED_PAGE_REPAIR,REPLACED_BY_REPAIRED_PAGE,18FkhkQWqnNaQdyn5DviVHZAVspGfvy_n,14
0d2a2380e48abf07e38a6fb66d4dbb89c4a82553fc14593a616118c467784209,0d2a2380e48abf07e38a6fb66d4dbb89c4a82553fc14593a616118c467784209,UNCHANGED_RETAINED,AUTOMATED_FULL_CORPUS_AUDIT,AUTO_QUALITY_PASS,18nTvUagPiRK6kKcF9l8PAsgYtjyFZtaT,1
6dbb222e3f5626e132a518712e66ab3b98813902a47e1cddb379e541e63434cb,6dbb222e3f5626e132a518712e66ab3b98813902a47e1cddb379e541e63434cb,UNCHANGED_RETAINED,AUTOMATED_FULL_CORPUS_AUDIT,AUTO_QUALITY_PASS,18nTvUagPiRK6kKcF9l8PAsgYtjyFZtaT,1
35d96e5ae08afaa9847be60d3bbbd1d98e7ae3f7be8be0aaa29396fa72f4b68b,57e6d01fd3df56a723878d8122e5fce47c4ac5f7180b18cdafa99362a4fc7592;fafd490b6cfa2aa0f0eb229e210881d5300f6ea7d9fda09879240218d89c219c,REPLACED,TARGETED_PAGE_REPAIR,REPLACED_BY_REPAIRED_PAGE,18r0QL1RxoXIs-fx6q8pwdjgHXPPVzw9D,1
c01fa1e22614661b80158d8a7e6115937ae62a25fc1b8873afc06fde9e6dc609,57e6d01fd3df56a723878d8122e5fce47c4ac5f7180b18cdafa99362a4fc7592;fafd490b6cfa2aa0f0eb229e210881d5300f6ea7d9fda09879240218d89c219c,REPLACED,TARGETED_PAGE_REPAIR,REPLACED_BY_REPAIRED_PAGE,18r0QL1RxoXIs-fx6q8pwdjgHXPPVzw9D,1
40b7feca912571f212aea1f8d3711702ff5f6d92e720deb48971f7f8cc943846,40b7feca912571f212aea1f8d3711702ff5f6d92e720deb48971f7f8cc943846,UNCHANGED_RETAINED,AUTOMATED_FULL_CORPUS_AUDIT,AUTO_QUALITY_PASS,19G6SJ-X84Xq1FUariRxYrVZaKXLZ7Z_t,1
aa484be9046e158bb83b49cf57a493a9b854b970f8e1d4bd0aa353d7ff1f7bf1,aa484be9046e158bb83b49cf57a493a9b854b970f8e1d4bd0aa353d7ff1f7bf1,UNCHANGED_RETAINED,AUTOMATED_FULL_CORPUS_AUDIT,AUTO_QUALITY_PASS,19G6SJ-X84Xq1FUariRxYrVZaKXLZ7Z_t,1
f64e3fb0e043d610f7be98a374936b637b4798d9b4e462d81aef0138cfdd8a26,f64e3fb0e043d610f7be98a374936b637b4798d9b4e462d81aef0138cfdd8a26,UNCHANGED_RETAINED,AUTOMATED_FULL_CORPUS_AUDIT,AUTO_QUALITY_PASS,19fLlQKg8jt0aF_wME5tsnsvHRUK6B0_N,1
d3ffc4884a82eb35f6610564f15fff7c1f9d907c7e7438e97aaa6150fd00eba2,d3ffc4884a82eb35f6610564f15fff7c1f9d907c7e7438e97aaa6150fd00eba2,UNCHANGED_RETAINED,AUTOMATED_FULL_CORPUS_AUDIT,AUTO_QUALITY_PASS,19fLlQKg8jt0aF_wME5tsnsvHRUK6B0_N,1
5ea6792ad0e3c97b82181f6fbc0b355606a41cae728b6d8c65c0d3f555a511c6,5ea6792ad0e3c97b82181f6fbc0b355606a41cae728b6d8c65c0d3f555a511c6,UNCHANGED_RETAINED,AUTOMATED_FULL_CORPUS_AUDIT,AUTO_QUALITY_PASS,19fLlQKg8jt0aF_wME5tsnsvHRUK6B0_N,2
f66edb67015af087e987e407401bcc290acad1fafa88ed911ba32217d4e07eb5,f66edb67015af087e987e407401bcc290acad1fafa88ed911ba32217d4e07eb5,UNCHANGED_RETAINED,AUTOMATED_FULL_CORPUS_AUDIT,AUTO_QUALITY_PASS,19fLlQKg8jt0aF_wME5tsnsvHRUK6B0_N,3
5112878ee5f9abbe83517832ea27d63ba583cc9f34a8afe9f24737c2fa980208,5112878ee5f9abbe83517832ea27d63ba583cc9f34a8afe9f24737c2fa980208,UNCHANGED_RETAINED,AUTOMATED_FULL_CORPUS_AUDIT,AUTO_QUALITY_PASS,19vDYSCdc2xfQz-qm1XbXUDQJkeJcIrR2,1
835bc01f1b782ea5c87e494a6176321a125f9f02e2492280b5c1ed0ef24bc2aa,835bc01f1b782ea5c87e494a6176321a125f9f02e2492280b5c1ed0ef24bc2aa,UNCHANGED_RETAINED,AUTOMATED_FULL_CORPUS_AUDIT,AUTO_QUALITY_PASS,19vDYSCdc2xfQz-qm1XbXUDQJkeJcIrR2,1
3b0970ae94d60185ccc9296c6d528d850de8ee88cecc871651c946fb81aa8226,3b0970ae94d60185ccc9296c6d528d850de8ee88cecc871651c946fb81aa8226,UNCHANGED_RETAINED,AUTOMATED_FULL_CORPUS_AUDIT,AUTO_QUALITY_PASS,19vDYSCdc2xfQz-qm1XbXUDQJkeJcIrR2,1
bbe1dc1d3aa5dbb667b726b0623b41b02ebe58a3b859bd719fddcdf77f40f66c,bbe1dc1d3aa5dbb667b726b0623b41b02ebe58a3b859bd719fddcdf77f40f66c,UNCHANGED_RETAINED,AUTOMATED_FULL_CORPUS_AUDIT,AUTO_QUALITY_PASS,19vDYSCdc2xfQz-qm1XbXUDQJkeJcIrR2,2
2573a45131f12a99894ce6094215cb85f5c1387aa5ba277de54ee4482d47cacb,2573a45131f12a99894ce6094215cb85f5c1387aa5ba277de54ee4482d47cacb,UNCHANGED_RETAINED,AUTOMATED_FULL_CORPUS_AUDIT,AUTO_QUALITY_PASS,1A-uH6BIagj-ksYrnaVsazelCt4Fukq2p,1
0adf70dacf16721000727472de709d4f42b769aa446ba8222dd280370ebae495,0adf70dacf16721000727472de709d4f42b769aa446ba8222dd280370ebae495,UNCHANGED_RETAINED,AUTOMATED_FULL_CORPUS_AUDIT,AUTO_QUALITY_PASS,1A-uH6BIagj-ksYrnaVsazelCt4Fukq2p,1
0944dd0298079bdf6761fc32c49802b75c1f7478b7cef86fcb14c1b56b28274e,0944dd0298079bdf6761fc32c49802b75c1f7478b7cef86fcb14c1b56b28274e,UNCHANGED_RETAINED,AUTOMATED_FULL_CORPUS_AUDIT,AUTO_QUALITY_PASS,1AdTDVqrQsXR4VDrAL2QZYZA_WP_pMFTn,1
68c50ee7657f7c435a48f29b614429ce5117799518be4f5b44b0229fe4b5b687,,HUMAN_CONFIRMATION_QUARANTINE,HUMAN_REVIEW_FINAL,HUMAN_CONFIRMATION_REQUIRED,1AdTDVqrQsXR4VDrAL2QZYZA_WP_pMFTn,1
048eef8f12c8b956f89cae56788f9ebb60230a786f0fc24c68b1e310ee1df3b9,048eef8f12c8b956f89cae56788f9ebb60230a786f0fc24c68b1e310ee1df3b9,UNCHANGED_RETAINED,HUMAN_REVIEW_FINAL,KEEP_RETRIEVAL_AND_DISPLAY,1AzMKxCBHinQ-cZFUsKJddub5O1s_FKy4,1
038fde3fe7af7ac6f4d3784380ffd9cf33d91682db3c8c27348e854a86d55373,,HUMAN_CONFIRMATION_QUARANTINE,HUMAN_REVIEW_FINAL,HUMAN_CONFIRMATION_REQUIRED,1AzMKxCBHinQ-cZFUsKJddub5O1s_FKy4,1
b80c28b40e64cfca4f7f42684139e2e0ba89e410d79dbf7f4114cb96786892df,b80c28b40e64cfca4f7f42684139e2e0ba89e410d79dbf7f4114cb96786892df,RETRIEVAL_ONLY,HUMAN_REVIEW_FINAL,KEEP_RETRIEVAL_ONLY,1CC4mattziZmZJbZZaJq3XZ_3XqTTmGNK,1
85856154e2720e0220766b8638ea5d06ab33b8c853314e1bd4f73d96f01658ce,,REMOVED_GENERIC,HUMAN_REVIEW_FINAL,EXCLUDE_GENERIC_OR_NON_EVIDENTIARY_TEXT,1CC4mattziZmZJbZZaJq3XZ_3XqTTmGNK,1
d14b11e46d58fec52dc87fabffc91b6cc19ec00d3c5e9abe9f8196ad471e7c99,,REMOVED_GENERIC,HUMAN_REVIEW_FINAL,EXCLUDE_GENERIC_OR_NON_EVIDENTIARY_TEXT,1CC4mattziZmZJbZZaJq3XZ_3XqTTmGNK,1
80e314f91b65d9a4fcb2f254acb5357c2c8aa80da6014003f209b5214d4d28b5,80e314f91b65d9a4fcb2f254acb5357c2c8aa80da6014003f209b5214d4d28b5,RETRIEVAL_ONLY,HUMAN_REVIEW_FINAL,KEEP_RETRIEVAL_ONLY,1CC4mattziZmZJbZZaJq3XZ_3XqTTmGNK,1
cdb9d293dad17c8ed8f108128ecda9f12aec2019bf551408507a381fb0959ada,,HUMAN_CONFIRMATION_QUARANTINE,HUMAN_REVIEW_FINAL,HUMAN_CONFIRMATION_REQUIRED,1CC4mattziZmZJbZZaJq3XZ_3XqTTmGNK,2
5e28d1bb722bd169cc247d15bac2d85b7baa24ad7d19ce2c8833d9cde115bde0,5e28d1bb722bd169cc247d15bac2d85b7baa24ad7d19ce2c8833d9cde115bde0,UNCHANGED_RETAINED,HUMAN_REVIEW_FINAL,KEEP_RETRIEVAL_AND_DISPLAY,1CC4mattziZmZJbZZaJq3XZ_3XqTTmGNK,2
5795db91387f722efb28f7402c7634b567de93f882f193f7aac6b486a79eb5fb,5795db91387f722efb28f7402c7634b567de93f882f193f7aac6b486a79eb5fb,UNCHANGED_RETAINED,HUMAN_REVIEW_FINAL,KEEP_RETRIEVAL_AND_DISPLAY,1CC4mattziZmZJbZZaJq3XZ_3XqTTmGNK,2
ce432eb0dad2411ebc06caafc69baec382866f2876941d24e7618440117257b6,ce432eb0dad2411ebc06caafc69baec382866f2876941d24e7618440117257b6,RETRIEVAL_ONLY,HUMAN_REVIEW_FINAL,KEEP_RETRIEVAL_ONLY,1CC4mattziZmZJbZZaJq3XZ_3XqTTmGNK,3
9674b36d3e10cd1519d92bd8a8861ef1317b5dd73b6af46606c5b03602d6fb3c,9674b36d3e10cd1519d92bd8a8861ef1317b5dd73b6af46606c5b03602d6fb3c,UNCHANGED_RETAINED,HUMAN_REVIEW_FINAL,KEEP_RETRIEVAL_AND_DISPLAY,1CnVYxsorexcu1dDYneqxDzrKAb3ESj9L,1
4203866efaea30daceecdffcf85901b7e3b812772c636876de4f114dc51339f6,4203866efaea30daceecdffcf85901b7e3b812772c636876de4f114dc51339f6,UNCHANGED_RETAINED,AUTOMATED_FULL_CORPUS_AUDIT,AUTO_QUALITY_PASS,1CnVYxsorexcu1dDYneqxDzrKAb3ESj9L,1
e4acec8cea50233659ead237fcca30e1f01349df0783390f9a8ed189afbdc5be,e4acec8cea50233659ead237fcca30e1f01349df0783390f9a8ed189afbdc5be,UNCHANGED_RETAINED,AUTOMATED_FULL_CORPUS_AUDIT,AUTO_QUALITY_PASS,1CnVYxsorexcu1dDYneqxDzrKAb3ESj9L,1
ad62f50907118c97ea54466ec1456e5d4136ea0c9dfb06245095eb34706124e9,ad62f50907118c97ea54466ec1456e5d4136ea0c9dfb06245095eb34706124e9,UNCHANGED_RETAINED,AUTOMATED_FULL_CORPUS_AUDIT,AUTO_QUALITY_PASS,1CnVYxsorexcu1dDYneqxDzrKAb3ESj9L,1
625923cbcc4fe11f6ad6d5f9341aa9c9f234a71328071bcef54553e483039159,625923cbcc4fe11f6ad6d5f9341aa9c9f234a71328071bcef54553e483039159,UNCHANGED_RETAINED,AUTOMATED_FULL_CORPUS_AUDIT,AUTO_QUALITY_PASS,1CnVYxsorexcu1dDYneqxDzrKAb3ESj9L,1
816a94c79a57ae071afbb2a18d7b0a1d2c6ec282ed1ec88c534df86040ac2891,816a94c79a57ae071afbb2a18d7b0a1d2c6ec282ed1ec88c534df86040ac2891,UNCHANGED_RETAINED,AUTOMATED_FULL_CORPUS_AUDIT,AUTO_QUALITY_PASS,1CnVYxsorexcu1dDYneqxDzrKAb3ESj9L,2
2e6a7d9b31359d87321d79e1f6167b47e44c7bf9641c7268f2b5fe7ddc14c9a3,2e6a7d9b31359d87321d79e1f6167b47e44c7bf9641c7268f2b5fe7ddc14c9a3,UNCHANGED_RETAINED,AUTOMATED_FULL_CORPUS_AUDIT,AUTO_QUALITY_PASS,1CnVYxsorexcu1dDYneqxDzrKAb3ESj9L,2
65a788312ed733b8e9d2af7ba7175ecaec285c958aa09287652e96b36694c786,65a788312ed733b8e9d2af7ba7175ecaec285c958aa09287652e96b36694c786,UNCHANGED_RETAINED,AUTOMATED_FULL_CORPUS_AUDIT,AUTO_QUALITY_PASS,1CnVYxsorexcu1dDYneqxDzrKAb3ESj9L,2
0edbe7325205c12c5da48d1da733e1b7898043777fbad588d6645c1a35f378b2,0edbe7325205c12c5da48d1da733e1b7898043777fbad588d6645c1a35f378b2,UNCHANGED_RETAINED,AUTOMATED_FULL_CORPUS_AUDIT,AUTO_QUALITY_PASS,1CnVYxsorexcu1dDYneqxDzrKAb3ESj9L,2
a88f7db7e672b14b113e1132c0019a0cf43b5942cce757a23d898729186b8a08,a88f7db7e672b14b113e1132c0019a0cf43b5942cce757a23d898729186b8a08,UNCHANGED_RETAINED,AUTOMATED_FULL_CORPUS_AUDIT,AUTO_QUALITY_PASS,1CnVYxsorexcu1dDYneqxDzrKAb3ESj9L,2
da04454e2f6f9ae181daaaea6426aeb7e8901ab8418fa96f68a8a9860ff6f620,da04454e2f6f9ae181daaaea6426aeb7e8901ab8418fa96f68a8a9860ff6f620,UNCHANGED_RETAINED,AUTOMATED_FULL_CORPUS_AUDIT,AUTO_QUALITY_PASS,1CnVYxsorexcu1dDYneqxDzrKAb3ESj9L,2
17bcc4424d99563bab294ebb523e7759e67f26ee474c4a2bf3b57574379ec8fd,17bcc4424d99563bab294ebb523e7759e67f26ee474c4a2bf3b57574379ec8fd,UNCHANGED_RETAINED,AUTOMATED_FULL_CORPUS_AUDIT,AUTO_QUALITY_PASS,1CzXgWCqeSJN0r4ZDCIqBlZ33IsqsvRol,1
3ef655769731f49d0f8edda9aa827c3dd4f37fabb12ebb0ff2db1a885bdb08de,3ef655769731f49d0f8edda9aa827c3dd4f37fabb12ebb0ff2db1a885bdb08de,UNCHANGED_RETAINED,AUTOMATED_FULL_CORPUS_AUDIT,AUTO_QUALITY_PASS,1CzXgWCqeSJN0r4ZDCIqBlZ33IsqsvRol,1
bf7940a732b3c7c98c7901b838ccaee24f88c9349594547cbffbcc33a02b5bdd,bf7940a732b3c7c98c7901b838ccaee24f88c9349594547cbffbcc33a02b5bdd,UNCHANGED_RETAINED,AUTOMATED_FULL_CORPUS_AUDIT,AUTO_QUALITY_PASS,1DXNQdkMlHzI4aVnSENYwpFW6on8NPmoT,1
cca7a9dd27de68a45f150c85914d704fbc7a08455af01ae0f4514dd6c507bc5a,cca7a9dd27de68a45f150c85914d704fbc7a08455af01ae0f4514dd6c507bc5a,UNCHANGED_RETAINED,AUTOMATED_FULL_CORPUS_AUDIT,AUTO_QUALITY_PASS,1DXNQdkMlHzI4aVnSENYwpFW6on8NPmoT,1
32120c8eed0d9ff37b7f63c03d43e531680fc4f126ef8679950d6c5892d98c38,,REMOVED_GENERIC,HUMAN_REVIEW_FINAL,EXCLUDE_GENERIC_OR_NON_EVIDENTIARY_TEXT,1DXNQdkMlHzI4aVnSENYwpFW6on8NPmoT,1
8b02efcb5d08febdf9054b8869c04e1808cd191d1afb180f545105c22cf35615,8b02efcb5d08febdf9054b8869c04e1808cd191d1afb180f545105c22cf35615,UNCHANGED_RETAINED,HUMAN_REVIEW_FINAL,KEEP_RETRIEVAL_AND_DISPLAY,1E3ipo7b2wDHt3w6ppVkgp4p20PCO4qjC,1
d39703426400f2bf7261a6ef5c39f7055253955f22e5b89d1755fd3a72b14c8b,d39703426400f2bf7261a6ef5c39f7055253955f22e5b89d1755fd3a72b14c8b,UNCHANGED_RETAINED,AUTOMATED_FULL_CORPUS_AUDIT,AUTO_QUALITY_PASS,1E3ipo7b2wDHt3w6ppVkgp4p20PCO4qjC,1
bc54317449e40a937a05813e4c1cc9a113cb7de0ebee9e39d2c0a85aba4b82f7,bc54317449e40a937a05813e4c1cc9a113cb7de0ebee9e39d2c0a85aba4b82f7,UNCHANGED_RETAINED,AUTOMATED_FULL_CORPUS_AUDIT,AUTO_QUALITY_PASS,1E3ipo7b2wDHt3w6ppVkgp4p20PCO4qjC,1
e67f182b1e0942a8aa435a8d8f73ec966c45fa62e4b8244770bdfe410bc94ee6,e67f182b1e0942a8aa435a8d8f73ec966c45fa62e4b8244770bdfe410bc94ee6,UNCHANGED_RETAINED,AUTOMATED_FULL_CORPUS_AUDIT,AUTO_QUALITY_PASS,1E3ipo7b2wDHt3w6ppVkgp4p20PCO4qjC,2
b59d88e7232a3073c02ab431c876083270731d23b3c9b8187090985580b87007,b59d88e7232a3073c02ab431c876083270731d23b3c9b8187090985580b87007,UNCHANGED_RETAINED,AUTOMATED_FULL_CORPUS_AUDIT,AUTO_QUALITY_PASS,1E3ipo7b2wDHt3w6ppVkgp4p20PCO4qjC,2
0b6d292f5f3b3b3cad577f397afe903898970be14be44e9c6f462fd4bb087c84,0b6d292f5f3b3b3cad577f397afe903898970be14be44e9c6f462fd4bb087c84,UNCHANGED_RETAINED,AUTOMATED_FULL_CORPUS_AUDIT,AUTO_QUALITY_PASS,1E3ipo7b2wDHt3w6ppVkgp4p20PCO4qjC,2
1fe264721969479d74e18d6f2374f03d4e76707c33596b70b0998461f0476b73,1fe264721969479d74e18d6f2374f03d4e76707c33596b70b0998461f0476b73,UNCHANGED_RETAINED,AUTOMATED_FULL_CORPUS_AUDIT,AUTO_QUALITY_PASS,1E3ipo7b2wDHt3w6ppVkgp4p20PCO4qjC,2
2c658f9a5c5bbae98e1b625f17d718f0a09b69842587afab7a53d9d212d01dac,2c658f9a5c5bbae98e1b625f17d718f0a09b69842587afab7a53d9d212d01dac,UNCHANGED_RETAINED,AUTOMATED_FULL_CORPUS_AUDIT,AUTO_QUALITY_PASS,1E3ipo7b2wDHt3w6ppVkgp4p20PCO4qjC,3
79a9f29df04c942c1ee924bbf374a8e0a11618aff6bd7ea601a48dd74a1a3569,79a9f29df04c942c1ee924bbf374a8e0a11618aff6bd7ea601a48dd74a1a3569,UNCHANGED_RETAINED,AUTOMATED_FULL_CORPUS_AUDIT,AUTO_QUALITY_PASS,1E3ipo7b2wDHt3w6ppVkgp4p20PCO4qjC,3
80a19ef990760966c9060912caa9f13f4fc518bb8d6b5f9af680afa9f90e9c50,80a19ef990760966c9060912caa9f13f4fc518bb8d6b5f9af680afa9f90e9c50,UNCHANGED_RETAINED,AUTOMATED_FULL_CORPUS_AUDIT,AUTO_QUALITY_PASS,1E3ipo7b2wDHt3w6ppVkgp4p20PCO4qjC,3
e545915ea806d1582237dc7def4b6a8a508a8326850b7d7a4ad72845c82ce495,e545915ea806d1582237dc7def4b6a8a508a8326850b7d7a4ad72845c82ce495,UNCHANGED_RETAINED,AUTOMATED_FULL_CORPUS_AUDIT,AUTO_QUALITY_PASS,1E3ipo7b2wDHt3w6ppVkgp4p20PCO4qjC,3
93010c66b6849b7061ff4bdaa478d6c75d21e8079dcf53bd0af82e9ee625fe4d,93010c66b6849b7061ff4bdaa478d6c75d21e8079dcf53bd0af82e9ee625fe4d,UNCHANGED_RETAINED,AUTOMATED_FULL_CORPUS_AUDIT,AUTO_QUALITY_PASS,1E3ipo7b2wDHt3w6ppVkgp4p20PCO4qjC,4
2672918065dddedf611ec6e15bfa69cf48cea361f61f5ea2ee3f0b30b21f6e2a,2672918065dddedf611ec6e15bfa69cf48cea361f61f5ea2ee3f0b30b21f6e2a,UNCHANGED_RETAINED,AUTOMATED_FULL_CORPUS_AUDIT,AUTO_QUALITY_PASS,1E3ipo7b2wDHt3w6ppVkgp4p20PCO4qjC,4
35107b3a02159b31bddeef46bb8e6d095b1badc4b00c287ecfb5bed5f5f290c3,35107b3a02159b31bddeef46bb8e6d095b1badc4b00c287ecfb5bed5f5f290c3,UNCHANGED_RETAINED,AUTOMATED_FULL_CORPUS_AUDIT,AUTO_QUALITY_PASS,1E3ipo7b2wDHt3w6ppVkgp4p20PCO4qjC,4
d18d2124d174e83b85bd406ef6f656c56b1fd047863866707e76bed20d96db6c,d18d2124d174e83b85bd406ef6f656c56b1fd047863866707e76bed20d96db6c,UNCHANGED_RETAINED,AUTOMATED_FULL_CORPUS_AUDIT,AUTO_QUALITY_PASS,1E3ipo7b2wDHt3w6ppVkgp4p20PCO4qjC,4
db16211b4326e3eb1f707c22723a452871f52925677c8660bbc8381c2b9e7a4d,db16211b4326e3eb1f707c22723a452871f52925677c8660bbc8381c2b9e7a4d,UNCHANGED_RETAINED,AUTOMATED_FULL_CORPUS_AUDIT,AUTO_QUALITY_PASS,1E3ipo7b2wDHt3w6ppVkgp4p20PCO4qjC,4
58d7bceb84805fa3768507bb45cf05b86b2ac791bf3de92b7f946cbf483f0083,58d7bceb84805fa3768507bb45cf05b86b2ac791bf3de92b7f946cbf483f0083,UNCHANGED_RETAINED,AUTOMATED_FULL_CORPUS_AUDIT,AUTO_QUALITY_PASS,1E3ipo7b2wDHt3w6ppVkgp4p20PCO4qjC,5
843177acbb3ebb68301c3d76f7ca89e76ce36ebb0eb69c3641005541ff3b124c,843177acbb3ebb68301c3d76f7ca89e76ce36ebb0eb69c3641005541ff3b124c,UNCHANGED_RETAINED,AUTOMATED_FULL_CORPUS_AUDIT,AUTO_QUALITY_PASS,1E3ipo7b2wDHt3w6ppVkgp4p20PCO4qjC,5
c7765df3f9ee5faec4aa3579150e62cb18eae5dcd26fc9f6388c46a7a74128a2,c7765df3f9ee5faec4aa3579150e62cb18eae5dcd26fc9f6388c46a7a74128a2,UNCHANGED_RETAINED,AUTOMATED_FULL_CORPUS_AUDIT,AUTO_QUALITY_PASS,1E3ipo7b2wDHt3w6ppVkgp4p20PCO4qjC,5
4e116114885123365298f881b59ff0b22ad44b2c8b30e11ce3bfa010ebcd5aec,4e116114885123365298f881b59ff0b22ad44b2c8b30e11ce3bfa010ebcd5aec,UNCHANGED_RETAINED,AUTOMATED_FULL_CORPUS_AUDIT,AUTO_QUALITY_PASS,1E3ipo7b2wDHt3w6ppVkgp4p20PCO4qjC,5
d4f530ff60a79f456cf19e7afc9981b4eedce1be0e66d8279dadc95a7336e4a9,d4f530ff60a79f456cf19e7afc9981b4eedce1be0e66d8279dadc95a7336e4a9,UNCHANGED_RETAINED,AUTOMATED_FULL_CORPUS_AUDIT,AUTO_QUALITY_PASS,1E3ipo7b2wDHt3w6ppVkgp4p20PCO4qjC,6
617c42c7208bccab6bcb585b4142ca15e8d5f42e3e71b5ce15c59500f1dbc974,617c42c7208bccab6bcb585b4142ca15e8d5f42e3e71b5ce15c59500f1dbc974,UNCHANGED_RETAINED,AUTOMATED_FULL_CORPUS_AUDIT,AUTO_QUALITY_PASS,1E3ipo7b2wDHt3w6ppVkgp4p20PCO4qjC,6
09926575c9f581f0976e8895ada01f595c5847c066168a26ad01882ece6eb3a5,09926575c9f581f0976e8895ada01f595c5847c066168a26ad01882ece6eb3a5,UNCHANGED_RETAINED,AUTOMATED_FULL_CORPUS_AUDIT,AUTO_QUALITY_PASS,1E3ipo7b2wDHt3w6ppVkgp4p20PCO4qjC,6
a6133976b6fbda8797aa778a3c01b4c58b8a37d7281cf6868cc47784f2ea4f06,a6133976b6fbda8797aa778a3c01b4c58b8a37d7281cf6868cc47784f2ea4f06,UNCHANGED_RETAINED,AUTOMATED_FULL_CORPUS_AUDIT,AUTO_QUALITY_PASS,1E3ipo7b2wDHt3w6ppVkgp4p20PCO4qjC,6
5217ddd26d21d0e195f171ddfdcf2b40066f662de77f9a8b9ad3edf941b35acd,5217ddd26d21d0e195f171ddfdcf2b40066f662de77f9a8b9ad3edf941b35acd,UNCHANGED_RETAINED,AUTOMATED_FULL_CORPUS_AUDIT,AUTO_QUALITY_PASS,1E3ipo7b2wDHt3w6ppVkgp4p20PCO4qjC,6
084bff36523d69dab74f8eeb7830712fce52ed1ca2b102713a5e0a01ed531fd2,,REMOVED_GENERIC,HUMAN_REVIEW_FINAL,EXCLUDE_GENERIC_OR_NON_EVIDENTIARY_TEXT,1E3ipo7b2wDHt3w6ppVkgp4p20PCO4qjC,7
b04db5269090042893e97c6e1661248a861dd119f95c1908d76e8c1e462b9ef1,b04db5269090042893e97c6e1661248a861dd119f95c1908d76e8c1e462b9ef1,UNCHANGED_RETAINED,AUTOMATED_FULL_CORPUS_AUDIT,AUTO_QUALITY_PASS,1E3ipo7b2wDHt3w6ppVkgp4p20PCO4qjC,7
5213628f209f3fabefdd54ff3af3d887a876bba836a6042c014ef644eb27b761,5213628f209f3fabefdd54ff3af3d887a876bba836a6042c014ef644eb27b761,UNCHANGED_RETAINED,AUTOMATED_FULL_CORPUS_AUDIT,AUTO_QUALITY_PASS,1E3ipo7b2wDHt3w6ppVkgp4p20PCO4qjC,7
1303a423edb7e1b16a2f669d512f3a2d96358fa06c6d1e0c87e83115f4c94d69,1303a423edb7e1b16a2f669d512f3a2d96358fa06c6d1e0c87e83115f4c94d69,UNCHANGED_RETAINED,AUTOMATED_FULL_CORPUS_AUDIT,AUTO_QUALITY_PASS,1E3ipo7b2wDHt3w6ppVkgp4p20PCO4qjC,7
6c15aa371ef9b2bec6baab97621895e8c6f3a49f364b0ccf46ee411ca56f11c0,6c15aa371ef9b2bec6baab97621895e8c6f3a49f364b0ccf46ee411ca56f11c0,UNCHANGED_RETAINED,AUTOMATED_FULL_CORPUS_AUDIT,AUTO_QUALITY_PASS,1E3ipo7b2wDHt3w6ppVkgp4p20PCO4qjC,7
7a76377a1b11aa6235065116fbda50c9cd372687961cca6c2f8754fbed68bcfe,7a76377a1b11aa6235065116fbda50c9cd372687961cca6c2f8754fbed68bcfe,UNCHANGED_RETAINED,AUTOMATED_FULL_CORPUS_AUDIT,AUTO_QUALITY_PASS,1E3ipo7b2wDHt3w6ppVkgp4p20PCO4qjC,8
7ca6bc9013bbee92d9ded7d8fe04a49486087afe50335ff2a3a272c48ce19ccc,7ca6bc9013bbee92d9ded7d8fe04a49486087afe50335ff2a3a272c48ce19ccc,UNCHANGED_RETAINED,AUTOMATED_FULL_CORPUS_AUDIT,AUTO_QUALITY_PASS,1E3ipo7b2wDHt3w6ppVkgp4p20PCO4qjC,8
20a3b704895e7e7d3d87781e67a2cdbfe5ba19ceabfda469e6eb60fb5f74d3f7,20a3b704895e7e7d3d87781e67a2cdbfe5ba19ceabfda469e6eb60fb5f74d3f7,UNCHANGED_RETAINED,AUTOMATED_FULL_CORPUS_AUDIT,AUTO_QUALITY_PASS,1E3ipo7b2wDHt3w6ppVkgp4p20PCO4qjC,8
02b09d347cd2c52d37a409e17ce95b05cc401118d6fba155952555e92af5b996,,REMOVED_GENERIC,HUMAN_REVIEW_FINAL,EXCLUDE_GENERIC_OR_NON_EVIDENTIARY_TEXT,1E3ipo7b2wDHt3w6ppVkgp4p20PCO4qjC,8
075444a5c368ea13f7853d877683bc2cd476ea1c32cb83b276439bc1a8f23d84,,REMOVED_GENERIC,HUMAN_REVIEW_FINAL,EXCLUDE_GENERIC_OR_NON_EVIDENTIARY_TEXT,1E3ipo7b2wDHt3w6ppVkgp4p20PCO4qjC,8
c97ebabc0e9741e6f777f1dd83c57cc978b7064c16eeee086217aba646896544,c97ebabc0e9741e6f777f1dd83c57cc978b7064c16eeee086217aba646896544,UNCHANGED_RETAINED,AUTOMATED_FULL_CORPUS_AUDIT,AUTO_QUALITY_PASS,1E3ipo7b2wDHt3w6ppVkgp4p20PCO4qjC,8
e69a453711731eb9aff99aaca32ca8a1ff4b7dfca220a1c76d3f870b363046be,e69a453711731eb9aff99aaca32ca8a1ff4b7dfca220a1c76d3f870b363046be,UNCHANGED_RETAINED,AUTOMATED_FULL_CORPUS_AUDIT,AUTO_QUALITY_PASS,1E3ipo7b2wDHt3w6ppVkgp4p20PCO4qjC,9
4bcb8f5a69af59c4c9822467a421ec5bbf8b97c6471bd6c5c57e5fdb68ca6d5b,4bcb8f5a69af59c4c9822467a421ec5bbf8b97c6471bd6c5c57e5fdb68ca6d5b,UNCHANGED_RETAINED,AUTOMATED_FULL_CORPUS_AUDIT,AUTO_QUALITY_PASS,1E3ipo7b2wDHt3w6ppVkgp4p20PCO4qjC,9
0327d2de09865e941a355298d7eb6c2dd80b3df2bfb31136a8bff5ccb1191836,,REMOVED_GENERIC,HUMAN_REVIEW_FINAL,EXCLUDE_GENERIC_OR_NON_EVIDENTIARY_TEXT,1E3ipo7b2wDHt3w6ppVkgp4p20PCO4qjC,9
3caf980a0642067987125602f595eaed4fb548b43303787663d2cd196e7d43fb,3caf980a0642067987125602f595eaed4fb548b43303787663d2cd196e7d43fb,UNCHANGED_RETAINED,AUTOMATED_FULL_CORPUS_AUDIT,AUTO_QUALITY_PASS,1E3ipo7b2wDHt3w6ppVkgp4p20PCO4qjC,9
de15c40a273da74d6e454feda2d8b5bc361edf52ae88923df775cc21257a59b0,de15c40a273da74d6e454feda2d8b5bc361edf52ae88923df775cc21257a59b0,RETRIEVAL_ONLY,HUMAN_REVIEW_FINAL,KEEP_RETRIEVAL_ONLY,1E3ipo7b2wDHt3w6ppVkgp4p20PCO4qjC,9
c1fa50ceb7f76c4484e9a4ac1a02a260f48fdb031c0ddd317f62bcc5c5d403ec,c1fa50ceb7f76c4484e9a4ac1a02a260f48fdb031c0ddd317f62bcc5c5d403ec,UNCHANGED_RETAINED,AUTOMATED_FULL_CORPUS_AUDIT,AUTO_QUALITY_PASS,1E3ipo7b2wDHt3w6ppVkgp4p20PCO4qjC,10
5b074f3b344d059c9cd457de1ec5100dc4f28d416ddf7e2a2728d663599f1d03,5b074f3b344d059c9cd457de1ec5100dc4f28d416ddf7e2a2728d663599f1d03,UNCHANGED_RETAINED,AUTOMATED_FULL_CORPUS_AUDIT,AUTO_QUALITY_PASS,1E3ipo7b2wDHt3w6ppVkgp4p20PCO4qjC,10
92d7d991fca47198808f4b8082cdfa4235e1c28e2ce645ba837b3c8938cbe5fb,92d7d991fca47198808f4b8082cdfa4235e1c28e2ce645ba837b3c8938cbe5fb,UNCHANGED_RETAINED,AUTOMATED_FULL_CORPUS_AUDIT,AUTO_QUALITY_PASS,1E3ipo7b2wDHt3w6ppVkgp4p20PCO4qjC,10
b28203ac82e99d7b43b8452d1c0ac84e740d4ff339c529038540595bb7d6777c,b28203ac82e99d7b43b8452d1c0ac84e740d4ff339c529038540595bb7d6777c,UNCHANGED_RETAINED,AUTOMATED_FULL_CORPUS_AUDIT,AUTO_QUALITY_PASS,1E3ipo7b2wDHt3w6ppVkgp4p20PCO4qjC,10
f0a816ca1165aef76f071a4481e2ef21de069eb952a2c02344be349d6e0b9a57,f0a816ca1165aef76f071a4481e2ef21de069eb952a2c02344be349d6e0b9a57,UNCHANGED_RETAINED,AUTOMATED_FULL_CORPUS_AUDIT,AUTO_QUALITY_PASS,1E3ipo7b2wDHt3w6ppVkgp4p20PCO4qjC,10
11140e3d6103dc5bfc92d0d7d93af29aff1fc898e58ff14d072deb075d0b3228,11140e3d6103dc5bfc92d0d7d93af29aff1fc898e58ff14d072deb075d0b3228,UNCHANGED_RETAINED,AUTOMATED_FULL_CORPUS_AUDIT,AUTO_QUALITY_PASS,1E3ipo7b2wDHt3w6ppVkgp4p20PCO4qjC,11
2586a0acb44a0ad78d0461bd1de20171b6f7708081e4c3bd5e6d2e457d02216d,2586a0acb44a0ad78d0461bd1de20171b6f7708081e4c3bd5e6d2e457d02216d,UNCHANGED_RETAINED,AUTOMATED_FULL_CORPUS_AUDIT,AUTO_QUALITY_PASS,1E3ipo7b2wDHt3w6ppVkgp4p20PCO4qjC,11
c6c8590c6b21f64f5b6e3106a3edb9b549fca7f039213a38e763c319c287d848,c6c8590c6b21f64f5b6e3106a3edb9b549fca7f039213a38e763c319c287d848,UNCHANGED_RETAINED,AUTOMATED_FULL_CORPUS_AUDIT,AUTO_QUALITY_PASS,1E3ipo7b2wDHt3w6ppVkgp4p20PCO4qjC,11
99b61d9730a86d0c8216bff76cd2c9e9e84169c4f79e45c9765193a4065c9516,,HUMAN_CONFIRMATION_QUARANTINE,HUMAN_REVIEW_FINAL,HUMAN_CONFIRMATION_REQUIRED,1E3ipo7b2wDHt3w6ppVkgp4p20PCO4qjC,11
c81739b474ca09a7d6899750f17f52ac0945922003861725de88fa6b8e065aa5,c81739b474ca09a7d6899750f17f52ac0945922003861725de88fa6b8e065aa5,UNCHANGED_RETAINED,AUTOMATED_FULL_CORPUS_AUDIT,AUTO_QUALITY_PASS,1E3ipo7b2wDHt3w6ppVkgp4p20PCO4qjC,12
1fc0440a61e9ab8a66c49d62b23279707eac4af64567324af6609b92b4393516,1fc0440a61e9ab8a66c49d62b23279707eac4af64567324af6609b92b4393516,UNCHANGED_RETAINED,AUTOMATED_FULL_CORPUS_AUDIT,AUTO_QUALITY_PASS,1E3ipo7b2wDHt3w6ppVkgp4p20PCO4qjC,12
7b4465cbe214fa80e0bd266e860a33ae4a23ee433a36b5a27ac74fa30d2b8aeb,7b4465cbe214fa80e0bd266e860a33ae4a23ee433a36b5a27ac74fa30d2b8aeb,UNCHANGED_RETAINED,AUTOMATED_FULL_CORPUS_AUDIT,AUTO_QUALITY_PASS,1E3ipo7b2wDHt3w6ppVkgp4p20PCO4qjC,13
2db1db6509d0ef3191ce4f3fa1669aff3fe4b6e29d80f3f2d91cde8824825643,2db1db6509d0ef3191ce4f3fa1669aff3fe4b6e29d80f3f2d91cde8824825643,UNCHANGED_RETAINED,AUTOMATED_FULL_CORPUS_AUDIT,AUTO_QUALITY_PASS,1E3ipo7b2wDHt3w6ppVkgp4p20PCO4qjC,14
ad0938ff34f0aaa2c1e84a96fc249663d2547395770933c892d256567b26e606,ad0938ff34f0aaa2c1e84a96fc249663d2547395770933c892d256567b26e606,UNCHANGED_RETAINED,AUTOMATED_FULL_CORPUS_AUDIT,AUTO_QUALITY_PASS,1E3ipo7b2wDHt3w6ppVkgp4p20PCO4qjC,14
ac0479727a6eb3ad4222dfb2feede509f770d92011b3836cd7b59754dd413feb,ac0479727a6eb3ad4222dfb2feede509f770d92011b3836cd7b59754dd413feb,UNCHANGED_RETAINED,AUTOMATED_FULL_CORPUS_AUDIT,AUTO_QUALITY_PASS,1E3ipo7b2wDHt3w6ppVkgp4p20PCO4qjC,14
d8f8b21b48514daad5fe75669a47a6d647455ea688dd3c1fbdada85295b36eb3,d8f8b21b48514daad5fe75669a47a6d647455ea688dd3c1fbdada85295b36eb3,UNCHANGED_RETAINED,AUTOMATED_FULL_CORPUS_AUDIT,AUTO_QUALITY_PASS,1E3ipo7b2wDHt3w6ppVkgp4p20PCO4qjC,14
7620369648997088e30735c7c821340e573ec57bfa66547b8a5810bc0fbc8ee7,7620369648997088e30735c7c821340e573ec57bfa66547b8a5810bc0fbc8ee7,UNCHANGED_RETAINED,AUTOMATED_FULL_CORPUS_AUDIT,AUTO_QUALITY_PASS,1E3ipo7b2wDHt3w6ppVkgp4p20PCO4qjC,14
acc90309fdf4c98d918280f6a6452661f21105d29e42fb42f125a77ed32a92d6,acc90309fdf4c98d918280f6a6452661f21105d29e42fb42f125a77ed32a92d6,UNCHANGED_RETAINED,AUTOMATED_FULL_CORPUS_AUDIT,AUTO_QUALITY_PASS,1E3ipo7b2wDHt3w6ppVkgp4p20PCO4qjC,15
403989ec7815337625bd3cc6c9184e3fe48b2f0fe529a240b0acb3ecdc8040d9,403989ec7815337625bd3cc6c9184e3fe48b2f0fe529a240b0acb3ecdc8040d9,UNCHANGED_RETAINED,AUTOMATED_FULL_CORPUS_AUDIT,AUTO_QUALITY_PASS,1E3ipo7b2wDHt3w6ppVkgp4p20PCO4qjC,15
dda30ea1fc9076e1f794a02d2d32c078cdd7e32c1a353559893ded1b5e526315,dda30ea1fc9076e1f794a02d2d32c078cdd7e32c1a353559893ded1b5e526315,UNCHANGED_RETAINED,AUTOMATED_FULL_CORPUS_AUDIT,AUTO_QUALITY_PASS,1E3ipo7b2wDHt3w6ppVkgp4p20PCO4qjC,15
599885a54dba477d10434e6dbfe9db9efa12a6f00849c09fd73255b75716feca,599885a54dba477d10434e6dbfe9db9efa12a6f00849c09fd73255b75716feca,UNCHANGED_RETAINED,AUTOMATED_FULL_CORPUS_AUDIT,AUTO_QUALITY_PASS,1E3ipo7b2wDHt3w6ppVkgp4p20PCO4qjC,15
e8ebce6e4908c2fd5d765cdbecc8115269edcf777d409f324ec83eb86be7b573,e8ebce6e4908c2fd5d765cdbecc8115269edcf777d409f324ec83eb86be7b573,UNCHANGED_RETAINED,AUTOMATED_FULL_CORPUS_AUDIT,AUTO_QUALITY_PASS,1E3ipo7b2wDHt3w6ppVkgp4p20PCO4qjC,15
be67809b85a1a6536175963419aa2d21c18a075848e68423f6553d140c5c2169,be67809b85a1a6536175963419aa2d21c18a075848e68423f6553d140c5c2169,UNCHANGED_RETAINED,AUTOMATED_FULL_CORPUS_AUDIT,AUTO_QUALITY_PASS,1E3ipo7b2wDHt3w6ppVkgp4p20PCO4qjC,16
074b216ed4e4659b252881d5365dd5e953fd4844fec676551cd21bafa920195e,074b216ed4e4659b252881d5365dd5e953fd4844fec676551cd21bafa920195e,UNCHANGED_RETAINED,AUTOMATED_FULL_CORPUS_AUDIT,AUTO_QUALITY_PASS,1E3ipo7b2wDHt3w6ppVkgp4p20PCO4qjC,16
60ac312a06a635a20afd4bec56a3879e4a740992f0e1a87a72cce2934702350d,60ac312a06a635a20afd4bec56a3879e4a740992f0e1a87a72cce2934702350d,UNCHANGED_RETAINED,AUTOMATED_FULL_CORPUS_AUDIT,AUTO_QUALITY_PASS,1E3ipo7b2wDHt3w6ppVkgp4p20PCO4qjC,16
effd54e7c89e1175493bb8975e3e036c683e1c22d2ee269a21fd7d9027d704dc,effd54e7c89e1175493bb8975e3e036c683e1c22d2ee269a21fd7d9027d704dc,UNCHANGED_RETAINED,AUTOMATED_FULL_CORPUS_AUDIT,AUTO_QUALITY_PASS,1E3ipo7b2wDHt3w6ppVkgp4p20PCO4qjC,16
8d7facfaeb444a2044542ebf41f2c2e563a1aa6aef5c60586a9efadf9522d22d,8d7facfaeb444a2044542ebf41f2c2e563a1aa6aef5c60586a9efadf9522d22d,UNCHANGED_RETAINED,AUTOMATED_FULL_CORPUS_AUDIT,AUTO_QUALITY_PASS,1E3ipo7b2wDHt3w6ppVkgp4p20PCO4qjC,16
976e1869379b286e1e5bd6783918a10b239d76c25fbedf64fc3a417bfec4be9f,976e1869379b286e1e5bd6783918a10b239d76c25fbedf64fc3a417bfec4be9f,UNCHANGED_RETAINED,AUTOMATED_FULL_CORPUS_AUDIT,AUTO_QUALITY_PASS,1E3ipo7b2wDHt3w6ppVkgp4p20PCO4qjC,17
ef1b010971e1b07ea5090e3f51fe112e56a39f648d0a15a88c8571a9a7d0071f,ef1b010971e1b07ea5090e3f51fe112e56a39f648d0a15a88c8571a9a7d0071f,UNCHANGED_RETAINED,AUTOMATED_FULL_CORPUS_AUDIT,AUTO_QUALITY_PASS,1E3ipo7b2wDHt3w6ppVkgp4p20PCO4qjC,17
3f2c4b5a8e3b6dd5458338fb7ae1741336c40e5ee6495f0b4be40d99aef5030f,3f2c4b5a8e3b6dd5458338fb7ae1741336c40e5ee6495f0b4be40d99aef5030f,UNCHANGED_RETAINED,AUTOMATED_FULL_CORPUS_AUDIT,AUTO_QUALITY_PASS,1E3ipo7b2wDHt3w6ppVkgp4p20PCO4qjC,17
88e1fcbdd1cc8ed1602bd995efa163fd4328fc96eeebdc1eaad2d60dbfbf5bc2,88e1fcbdd1cc8ed1602bd995efa163fd4328fc96eeebdc1eaad2d60dbfbf5bc2,UNCHANGED_RETAINED,AUTOMATED_FULL_CORPUS_AUDIT,AUTO_QUALITY_PASS,1E3ipo7b2wDHt3w6ppVkgp4p20PCO4qjC,17
ea54a05b31183137ffa8195468b76fd70524d21fec06b979cbf4bac6264cfd56,ea54a05b31183137ffa8195468b76fd70524d21fec06b979cbf4bac6264cfd56,UNCHANGED_RETAINED,AUTOMATED_FULL_CORPUS_AUDIT,AUTO_QUALITY_PASS,1E3ipo7b2wDHt3w6ppVkgp4p20PCO4qjC,18
67950b527415644f77a4af312469de7d976c387565cac0529e36e2d72bd0e660,67950b527415644f77a4af312469de7d976c387565cac0529e36e2d72bd0e660,UNCHANGED_RETAINED,AUTOMATED_FULL_CORPUS_AUDIT,AUTO_QUALITY_PASS,1E3ipo7b2wDHt3w6ppVkgp4p20PCO4qjC,18
b0755f27f71eebbdcb3a0b495fc7e557a5a9096bd05442c0c3d1243d4524ed0c,b0755f27f71eebbdcb3a0b495fc7e557a5a9096bd05442c0c3d1243d4524ed0c,UNCHANGED_RETAINED,AUTOMATED_FULL_CORPUS_AUDIT,AUTO_QUALITY_PASS,1E3ipo7b2wDHt3w6ppVkgp4p20PCO4qjC,18
5c935c232b2dfa32bdc5d7cbf853599e0f9aa64cc825ed76924b7f7320a81941,5c935c232b2dfa32bdc5d7cbf853599e0f9aa64cc825ed76924b7f7320a81941,UNCHANGED_RETAINED,AUTOMATED_FULL_CORPUS_AUDIT,AUTO_QUALITY_PASS,1E3ipo7b2wDHt3w6ppVkgp4p20PCO4qjC,19
d9286440bdf8524486643ddce38b9528c3599db156e2a2e060ef0e5817e812b0,d9286440bdf8524486643ddce38b9528c3599db156e2a2e060ef0e5817e812b0,UNCHANGED_RETAINED,AUTOMATED_FULL_CORPUS_AUDIT,AUTO_QUALITY_PASS,1E3ipo7b2wDHt3w6ppVkgp4p20PCO4qjC,19
658f5cdb45283953da70e3c2f6e9c1b8ed65b2df86c3ea33f19e00dbd7602487,658f5cdb45283953da70e3c2f6e9c1b8ed65b2df86c3ea33f19e00dbd7602487,UNCHANGED_RETAINED,AUTOMATED_FULL_CORPUS_AUDIT,AUTO_QUALITY_PASS,1E3ipo7b2wDHt3w6ppVkgp4p20PCO4qjC,19
c53a2494769735af26cbbc26a2299c353acf515a122a5dff6db50a82e3922e2b,c53a2494769735af26cbbc26a2299c353acf515a122a5dff6db50a82e3922e2b,UNCHANGED_RETAINED,AUTOMATED_FULL_CORPUS_AUDIT,AUTO_QUALITY_PASS,1E3ipo7b2wDHt3w6ppVkgp4p20PCO4qjC,19
0a6a7ade485082537b19ff068e8daca691fa34d26f05c9b4ed734355fe241789,0a6a7ade485082537b19ff068e8daca691fa34d26f05c9b4ed734355fe241789,UNCHANGED_RETAINED,AUTOMATED_FULL_CORPUS_AUDIT,AUTO_QUALITY_PASS,1E3ipo7b2wDHt3w6ppVkgp4p20PCO4qjC,20
9c7f0c4cf7c7e309bc50cd5b31f16a556b4c406380bb8749f5784e44468382ce,9c7f0c4cf7c7e309bc50cd5b31f16a556b4c406380bb8749f5784e44468382ce,UNCHANGED_RETAINED,AUTOMATED_FULL_CORPUS_AUDIT,AUTO_QUALITY_PASS,1E3ipo7b2wDHt3w6ppVkgp4p20PCO4qjC,20
7e61b6f58ed942938b928037c8ecc14ef5b3f9289e1accea639bd513288aad6e,7e61b6f58ed942938b928037c8ecc14ef5b3f9289e1accea639bd513288aad6e,UNCHANGED_RETAINED,AUTOMATED_FULL_CORPUS_AUDIT,AUTO_QUALITY_PASS,1E3ipo7b2wDHt3w6ppVkgp4p20PCO4qjC,20
a4ff4248166e744e2f20416f6ca2f42042b9fc40b009ee5422343fbc3c928e5c,a4ff4248166e744e2f20416f6ca2f42042b9fc40b009ee5422343fbc3c928e5c,UNCHANGED_RETAINED,AUTOMATED_FULL_CORPUS_AUDIT,AUTO_QUALITY_PASS,1E3ipo7b2wDHt3w6ppVkgp4p20PCO4qjC,20
1e99b1f6e0cda70e893d3dd31753e84196ac72fc0b6055a9dc9293d39261abfc,967abb567c17c06d7909cabe09376ce41a5860da84f961c9189d6085df79db8b;cbbfedf086ab0c60d4cbfdc258b0df312ca11c18302b1fb77fcde53b0a517be7,REPLACED,TARGETED_PAGE_REPAIR,REPLACED_BY_REPAIRED_PAGE,1E3ipo7b2wDHt3w6ppVkgp4p20PCO4qjC,21
37a281f859e04e2c6d5405770bc4ad28bdb2fe335afefe10f58d5062863542fb,967abb567c17c06d7909cabe09376ce41a5860da84f961c9189d6085df79db8b;cbbfedf086ab0c60d4cbfdc258b0df312ca11c18302b1fb77fcde53b0a517be7,REPLACED,TARGETED_PAGE_REPAIR,REPLACED_BY_REPAIRED_PAGE,1E3ipo7b2wDHt3w6ppVkgp4p20PCO4qjC,21
e2f5124dc86b28dcaa6ffbe3021343ae0924151770707795427fc21cc672cd69,967abb567c17c06d7909cabe09376ce41a5860da84f961c9189d6085df79db8b;cbbfedf086ab0c60d4cbfdc258b0df312ca11c18302b1fb77fcde53b0a517be7,REPLACED,TARGETED_PAGE_REPAIR,REPLACED_BY_REPAIRED_PAGE,1E3ipo7b2wDHt3w6ppVkgp4p20PCO4qjC,21
ae27fa1013ee7a10db5624bc4bca3251db3f2199c134db814fef5d58a4517c26,ae27fa1013ee7a10db5624bc4bca3251db3f2199c134db814fef5d58a4517c26,UNCHANGED_RETAINED,AUTOMATED_FULL_CORPUS_AUDIT,AUTO_QUALITY_PASS,1E3ipo7b2wDHt3w6ppVkgp4p20PCO4qjC,22
8e24b8513111c15bf553dd43a4466908a016d5ff1673bde9359d6791b5436d3b,8e24b8513111c15bf553dd43a4466908a016d5ff1673bde9359d6791b5436d3b,UNCHANGED_RETAINED,AUTOMATED_FULL_CORPUS_AUDIT,AUTO_QUALITY_PASS,1E3ipo7b2wDHt3w6ppVkgp4p20PCO4qjC,22
583acc8a6ea8b2c5b8f98459228c670956f83aa18ccd3984dc652bad6d1c3c6c,583acc8a6ea8b2c5b8f98459228c670956f83aa18ccd3984dc652bad6d1c3c6c,UNCHANGED_RETAINED,AUTOMATED_FULL_CORPUS_AUDIT,AUTO_QUALITY_PASS,1E3ipo7b2wDHt3w6ppVkgp4p20PCO4qjC,22
151b614b9d4ae8b2af3cf4aaad9b0ca41327c46c040e6615df421ded554361bc,151b614b9d4ae8b2af3cf4aaad9b0ca41327c46c040e6615df421ded554361bc,UNCHANGED_RETAINED,AUTOMATED_FULL_CORPUS_AUDIT,AUTO_QUALITY_PASS,1E3ipo7b2wDHt3w6ppVkgp4p20PCO4qjC,22
f87ef3e531e03a7ae5abba5d5bb9e91cf883d06ff06c1fadde8fcc941c94676e,f87ef3e531e03a7ae5abba5d5bb9e91cf883d06ff06c1fadde8fcc941c94676e,UNCHANGED_RETAINED,AUTOMATED_FULL_CORPUS_AUDIT,AUTO_QUALITY_PASS,1E3ipo7b2wDHt3w6ppVkgp4p20PCO4qjC,23
50eb673ef2bcfcef74926c74b51e2aa003970473a737495c8b5b5abe7647c1bf,50eb673ef2bcfcef74926c74b51e2aa003970473a737495c8b5b5abe7647c1bf,UNCHANGED_RETAINED,AUTOMATED_FULL_CORPUS_AUDIT,AUTO_QUALITY_PASS,1E3ipo7b2wDHt3w6ppVkgp4p20PCO4qjC,23
059e719b7d58229cc4b94535eb130a5fb5219a085fc240f5f51fde9befb774a4,059e719b7d58229cc4b94535eb130a5fb5219a085fc240f5f51fde9befb774a4,UNCHANGED_RETAINED,AUTOMATED_FULL_CORPUS_AUDIT,AUTO_QUALITY_PASS,1EHLED4KI35HpIjetLZxsMGdmfLQgFQjI,1
660c17b075a3aa4d5dfaf3f31c02a7d64cacbf60ceb87c5fd8b59c7ff54fe239,660c17b075a3aa4d5dfaf3f31c02a7d64cacbf60ceb87c5fd8b59c7ff54fe239,UNCHANGED_RETAINED,AUTOMATED_FULL_CORPUS_AUDIT,AUTO_QUALITY_PASS,1EHLED4KI35HpIjetLZxsMGdmfLQgFQjI,1
a1ecb77153446bfca14200a52be41b035b7c47d02fdd7a87732968c3f2f6c02a,a1ecb77153446bfca14200a52be41b035b7c47d02fdd7a87732968c3f2f6c02a,UNCHANGED_RETAINED,HUMAN_REVIEW_FINAL,KEEP_RETRIEVAL_AND_DISPLAY,1ExpDA0OCcEeuZ-KdLvIw3iR57hs5L-yD,1
1789a5f988e8aabe5b4b3afb67c6ad9c778903c25dde23a3e01c7bcfec1a6f60,,HUMAN_CONFIRMATION_QUARANTINE,HUMAN_REVIEW_FINAL,HUMAN_CONFIRMATION_REQUIRED,1ExpDA0OCcEeuZ-KdLvIw3iR57hs5L-yD,1
62ab448611fbf00522676754d64331ebcf70c6a21c17116738d5f5c657eb62cf,62ab448611fbf00522676754d64331ebcf70c6a21c17116738d5f5c657eb62cf,UNCHANGED_RETAINED,AUTOMATED_FULL_CORPUS_AUDIT,AUTO_QUALITY_PASS,1GrII2Gx3TtFmEmbqimGeDcgAvZFMPJA1,1
db79b7ad103d50a38bb1f2cd57372cd57c8926f4fdd35f4a2f4cabf2c6d43ec5,db79b7ad103d50a38bb1f2cd57372cd57c8926f4fdd35f4a2f4cabf2c6d43ec5,UNCHANGED_RETAINED,AUTOMATED_FULL_CORPUS_AUDIT,AUTO_QUALITY_PASS,1GrII2Gx3TtFmEmbqimGeDcgAvZFMPJA1,1
823a3c54d4838a493a802bd137a7ed2777023c3c28f7c1873c30691ed8d8dca6,823a3c54d4838a493a802bd137a7ed2777023c3c28f7c1873c30691ed8d8dca6,UNCHANGED_RETAINED,HUMAN_REVIEW_FINAL,KEEP_RETRIEVAL_AND_DISPLAY,1GrII2Gx3TtFmEmbqimGeDcgAvZFMPJA1,3
516049fdf5b49560845f6c4dbfb3fc2a9fb8eb38968362851571e1c669e3edce,516049fdf5b49560845f6c4dbfb3fc2a9fb8eb38968362851571e1c669e3edce,UNCHANGED_RETAINED,AUTOMATED_FULL_CORPUS_AUDIT,AUTO_QUALITY_PASS,1GrII2Gx3TtFmEmbqimGeDcgAvZFMPJA1,3
15dc8816482ad7043d258c9a0da5db364894cee1fb967da765f1dac55f4c4f19,15dc8816482ad7043d258c9a0da5db364894cee1fb967da765f1dac55f4c4f19,UNCHANGED_RETAINED,HUMAN_REVIEW_FINAL,KEEP_RETRIEVAL_AND_DISPLAY,1HMu7W51giUcDf7Btx-blI5DVjXFb_n_S,1
67d8acf03b7f665f7287068b78e556baae0d71dd6439b278d64c26bf0fb1729f,67d8acf03b7f665f7287068b78e556baae0d71dd6439b278d64c26bf0fb1729f,UNCHANGED_RETAINED,AUTOMATED_FULL_CORPUS_AUDIT,AUTO_QUALITY_PASS,1HMu7W51giUcDf7Btx-blI5DVjXFb_n_S,1
f0ec78323f845d26c37453197178863c1112244584dd40ac0f14f97d523f71fc,f0ec78323f845d26c37453197178863c1112244584dd40ac0f14f97d523f71fc,UNCHANGED_RETAINED,AUTOMATED_FULL_CORPUS_AUDIT,AUTO_QUALITY_PASS,1HXodrw2mUBwwgOUZLnE6FRDsgosq_O2w,1
c6e4e235cb7391ed3c86a2370935811b7f7aef142b1b455034a942607ace78dc,c6e4e235cb7391ed3c86a2370935811b7f7aef142b1b455034a942607ace78dc,UNCHANGED_RETAINED,AUTOMATED_FULL_CORPUS_AUDIT,AUTO_QUALITY_PASS,1HXodrw2mUBwwgOUZLnE6FRDsgosq_O2w,1
23d0a61c50ee4a3d5f0e090779ebacf67cdacedd15957f80fa6e3051fd7889ec,23d0a61c50ee4a3d5f0e090779ebacf67cdacedd15957f80fa6e3051fd7889ec,UNCHANGED_RETAINED,AUTOMATED_FULL_CORPUS_AUDIT,AUTO_QUALITY_PASS,1HoJ-ry4_PVGIjU90snkc48UrAKME77IG,1
66c8d907a4a10d5a2f38d1aaaceef4d79efa523f39ae1a11ead5f42482220c0b,66c8d907a4a10d5a2f38d1aaaceef4d79efa523f39ae1a11ead5f42482220c0b,UNCHANGED_RETAINED,AUTOMATED_FULL_CORPUS_AUDIT,AUTO_QUALITY_PASS,1HoJ-ry4_PVGIjU90snkc48UrAKME77IG,1
916245d0915a2d0f1699fbb97ab3e06f7134659cee23cebfcbc52790087410d5,916245d0915a2d0f1699fbb97ab3e06f7134659cee23cebfcbc52790087410d5,UNCHANGED_RETAINED,AUTOMATED_FULL_CORPUS_AUDIT,AUTO_QUALITY_PASS,1HoJ-ry4_PVGIjU90snkc48UrAKME77IG,1
824595b4f9ccb9a4d0dd877ecbe214805e5213b474091ed9ca07369b891a9157,,HUMAN_CONFIRMATION_QUARANTINE,HUMAN_REVIEW_FINAL,HUMAN_CONFIRMATION_REQUIRED,1HoJ-ry4_PVGIjU90snkc48UrAKME77IG,2
24773be581c56e68bf95f49d9162735e0631273a1ef8f288d1f1e913771e5a7a,24773be581c56e68bf95f49d9162735e0631273a1ef8f288d1f1e913771e5a7a,UNCHANGED_RETAINED,AUTOMATED_FULL_CORPUS_AUDIT,AUTO_QUALITY_PASS,1HoJ-ry4_PVGIjU90snkc48UrAKME77IG,2
7cd82df8c34fe343d48abcdd35f35de430edaa4003d2d42f1db983abd1d2bcdb,7cd82df8c34fe343d48abcdd35f35de430edaa4003d2d42f1db983abd1d2bcdb,UNCHANGED_RETAINED,AUTOMATED_FULL_CORPUS_AUDIT,AUTO_QUALITY_PASS,1IKAXoguvqx3_BDHa4PGcSIFRDhq9TeLn,1
11a6232c24b4b6e889c0a6ed146e5319a822dfd280969cb8908c2dd85883e062,11a6232c24b4b6e889c0a6ed146e5319a822dfd280969cb8908c2dd85883e062,UNCHANGED_RETAINED,AUTOMATED_FULL_CORPUS_AUDIT,AUTO_QUALITY_PASS,1IiFS_m0kJoAA9JhZcQDt-klp5qzptuTA,1
8e0a810a5eab8d947c96ae50f151d8fadae7dc414cbe8af39524edfff7374d7e,8e0a810a5eab8d947c96ae50f151d8fadae7dc414cbe8af39524edfff7374d7e,UNCHANGED_RETAINED,AUTOMATED_FULL_CORPUS_AUDIT,AUTO_QUALITY_PASS,1IiFS_m0kJoAA9JhZcQDt-klp5qzptuTA,2
ff32b74999253efe7f0bd360c281e886bd4df3a30bb547383a8c86a84d871072,ff32b74999253efe7f0bd360c281e886bd4df3a30bb547383a8c86a84d871072,UNCHANGED_RETAINED,AUTOMATED_FULL_CORPUS_AUDIT,AUTO_QUALITY_PASS,1IiFS_m0kJoAA9JhZcQDt-klp5qzptuTA,3
05fe390a2796b0e7c712035e7ff9650deb9abe3a0572dc50aa584c91a133dd55,05fe390a2796b0e7c712035e7ff9650deb9abe3a0572dc50aa584c91a133dd55,UNCHANGED_RETAINED,AUTOMATED_FULL_CORPUS_AUDIT,AUTO_QUALITY_PASS,1IiFS_m0kJoAA9JhZcQDt-klp5qzptuTA,3
7639078472b1b0233759669fd36424d09bccf502c94422ffe0196ba3137c0ee9,7639078472b1b0233759669fd36424d09bccf502c94422ffe0196ba3137c0ee9,UNCHANGED_RETAINED,AUTOMATED_FULL_CORPUS_AUDIT,AUTO_QUALITY_PASS,1IiFS_m0kJoAA9JhZcQDt-klp5qzptuTA,4
e0d32104f76bb6b139db86f4d1634d14ad188776c9876fa271c2d5e77490edd9,e0d32104f76bb6b139db86f4d1634d14ad188776c9876fa271c2d5e77490edd9,UNCHANGED_RETAINED,AUTOMATED_FULL_CORPUS_AUDIT,AUTO_QUALITY_PASS,1IiFS_m0kJoAA9JhZcQDt-klp5qzptuTA,4
6e4e6964fb7329c723b1dc398e2df51cf9d75a37150f411f9c9d1905ca228db8,6e4e6964fb7329c723b1dc398e2df51cf9d75a37150f411f9c9d1905ca228db8,UNCHANGED_RETAINED,AUTOMATED_FULL_CORPUS_AUDIT,AUTO_QUALITY_PASS,1J3Hj2s7qRaOjcs0q8Cnt9nmhIqcCv0RJ,1
21d795b874bb0fa7473bb9fe4684c04d2d7a143c57caeda77f1f90d034b4c142,21d795b874bb0fa7473bb9fe4684c04d2d7a143c57caeda77f1f90d034b4c142,UNCHANGED_RETAINED,AUTOMATED_FULL_CORPUS_AUDIT,AUTO_QUALITY_PASS,1J3Hj2s7qRaOjcs0q8Cnt9nmhIqcCv0RJ,1
82289f24a0f8bbea1099d55d7e2e6d30a73121443e70636377d40020d2d4d2f7,82289f24a0f8bbea1099d55d7e2e6d30a73121443e70636377d40020d2d4d2f7,UNCHANGED_RETAINED,AUTOMATED_FULL_CORPUS_AUDIT,AUTO_QUALITY_PASS,1J3Hj2s7qRaOjcs0q8Cnt9nmhIqcCv0RJ,2
4d8b705e48abab5240f7f90e70a2be80c85c2af72c69167d0657c766bfd42c5e,4d8b705e48abab5240f7f90e70a2be80c85c2af72c69167d0657c766bfd42c5e,UNCHANGED_RETAINED,AUTOMATED_FULL_CORPUS_AUDIT,AUTO_QUALITY_PASS,1Jfi-RzcRhTiYnPEyrxKYpxoW3GdtsC95,1
3972fe485f1c0e6fb5e56a439150aeef902cdaa787b23aad83b994a7f5aa4f16,3972fe485f1c0e6fb5e56a439150aeef902cdaa787b23aad83b994a7f5aa4f16,RETRIEVAL_ONLY,HUMAN_REVIEW_FINAL,KEEP_RETRIEVAL_ONLY,1Jfi-RzcRhTiYnPEyrxKYpxoW3GdtsC95,1
24e2bbb77bf6a13a2dd39b7c969b4c8a255338b39ac8403a48b43c088ce286ff,24e2bbb77bf6a13a2dd39b7c969b4c8a255338b39ac8403a48b43c088ce286ff,RETRIEVAL_ONLY,HUMAN_REVIEW_FINAL,KEEP_RETRIEVAL_ONLY,1Jfi-RzcRhTiYnPEyrxKYpxoW3GdtsC95,1
5d2fece6ae65e7223951962e4a6a7eca25d3419985c15a72f9b444e1d86ecc25,5d2fece6ae65e7223951962e4a6a7eca25d3419985c15a72f9b444e1d86ecc25,RETRIEVAL_ONLY,HUMAN_REVIEW_FINAL,KEEP_RETRIEVAL_ONLY,1Jfi-RzcRhTiYnPEyrxKYpxoW3GdtsC95,1
b23aab5eeb80bd98e35d8562459c012290e57d6cde5ed511d90c22b49076ddd0,b23aab5eeb80bd98e35d8562459c012290e57d6cde5ed511d90c22b49076ddd0,UNCHANGED_RETAINED,AUTOMATED_FULL_CORPUS_AUDIT,AUTO_QUALITY_PASS,1Jfi-RzcRhTiYnPEyrxKYpxoW3GdtsC95,1
1fe8e573367c6c7f234297c6fd49bc4436bc24c81005c678833af6677c6332d3,1fe8e573367c6c7f234297c6fd49bc4436bc24c81005c678833af6677c6332d3,RETRIEVAL_ONLY,HUMAN_REVIEW_FINAL,KEEP_RETRIEVAL_ONLY,1Jfi-RzcRhTiYnPEyrxKYpxoW3GdtsC95,1
514d11ccec530dd7fc403c1294fc31402da8d5b4f7e30bf3a48a84c742ff62ca,514d11ccec530dd7fc403c1294fc31402da8d5b4f7e30bf3a48a84c742ff62ca,RETRIEVAL_ONLY,HUMAN_REVIEW_FINAL,KEEP_RETRIEVAL_ONLY,1Jfi-RzcRhTiYnPEyrxKYpxoW3GdtsC95,2
be6a6edf677f49572a0900ebc48fefb9b7aac25b253a7ab0e45a53ff75c63e2c,,HUMAN_CONFIRMATION_QUARANTINE,HUMAN_REVIEW_FINAL,HUMAN_CONFIRMATION_REQUIRED,1Jfi-RzcRhTiYnPEyrxKYpxoW3GdtsC95,2
3a955c294f841f830838fdff9b16004e1ff463a44598203b9071cf8a78377c7d,3a955c294f841f830838fdff9b16004e1ff463a44598203b9071cf8a78377c7d,UNCHANGED_RETAINED,AUTOMATED_FULL_CORPUS_AUDIT,AUTO_QUALITY_PASS,1K5JUdw8MCPproZMp7WS3RSd1ST2NfygM,1
037ed9f6c207850c7cbc9493284feaf9bb6c9165da55c7b7691881a14594bc57,037ed9f6c207850c7cbc9493284feaf9bb6c9165da55c7b7691881a14594bc57,UNCHANGED_RETAINED,AUTOMATED_FULL_CORPUS_AUDIT,AUTO_QUALITY_PASS,1K5JUdw8MCPproZMp7WS3RSd1ST2NfygM,1
b4a949b30ebaff148d98e41637a18d5ec8e6c220cd037b9fb5ca5f549aaf1dab,b4a949b30ebaff148d98e41637a18d5ec8e6c220cd037b9fb5ca5f549aaf1dab,UNCHANGED_RETAINED,HUMAN_REVIEW_FINAL,KEEP_RETRIEVAL_AND_DISPLAY,1K5JUdw8MCPproZMp7WS3RSd1ST2NfygM,2
967b03b3d6fbb09f3218da57c81a2eb3a04e642dcab24144b3e2315991b6b99d,967b03b3d6fbb09f3218da57c81a2eb3a04e642dcab24144b3e2315991b6b99d,UNCHANGED_RETAINED,AUTOMATED_FULL_CORPUS_AUDIT,AUTO_QUALITY_PASS,1K5JUdw8MCPproZMp7WS3RSd1ST2NfygM,2
a1634aa2bc40123f856cdc4d074046e90c4afcc19e6a600bdd53781ddb53ee53,a1634aa2bc40123f856cdc4d074046e90c4afcc19e6a600bdd53781ddb53ee53,UNCHANGED_RETAINED,HUMAN_REVIEW_FINAL,KEEP_RETRIEVAL_AND_DISPLAY,1K5JUdw8MCPproZMp7WS3RSd1ST2NfygM,3
9f42f8288892a5f55e14621d27ed40f99800864a4594a06cacd4bf14af4ca81e,9f42f8288892a5f55e14621d27ed40f99800864a4594a06cacd4bf14af4ca81e,UNCHANGED_RETAINED,AUTOMATED_FULL_CORPUS_AUDIT,AUTO_QUALITY_PASS,1K5JUdw8MCPproZMp7WS3RSd1ST2NfygM,3
54988fc4168261309af785175b56c2ee3c9c1891eaa33acd3e09e252920f0b28,54988fc4168261309af785175b56c2ee3c9c1891eaa33acd3e09e252920f0b28,UNCHANGED_RETAINED,HUMAN_REVIEW_FINAL,KEEP_RETRIEVAL_AND_DISPLAY,1K5JUdw8MCPproZMp7WS3RSd1ST2NfygM,4
3a256aed0d869dbb86e0123afcf154190d3382cc2c68d40744c40a3bf1d2a6bf,,HUMAN_CONFIRMATION_QUARANTINE,HUMAN_REVIEW_FINAL,HUMAN_CONFIRMATION_REQUIRED,1K5JUdw8MCPproZMp7WS3RSd1ST2NfygM,4
36077af210ff02c93235cdb356eacf2fe53818fb02cd08bb37709a694ed40cb4,36077af210ff02c93235cdb356eacf2fe53818fb02cd08bb37709a694ed40cb4,UNCHANGED_RETAINED,HUMAN_REVIEW_FINAL,KEEP_RETRIEVAL_AND_DISPLAY,1K5JUdw8MCPproZMp7WS3RSd1ST2NfygM,5
2cd9057b7457cdc5669281ea7b1162317e52d2f9ca17cc919763d6c9a73732c8,2cd9057b7457cdc5669281ea7b1162317e52d2f9ca17cc919763d6c9a73732c8,UNCHANGED_RETAINED,AUTOMATED_FULL_CORPUS_AUDIT,AUTO_QUALITY_PASS,1K5JUdw8MCPproZMp7WS3RSd1ST2NfygM,5
0de21f677ee5ebd33913875fb5a16e9e9612a6d223a64823b84ec1b7194fc2c3,0de21f677ee5ebd33913875fb5a16e9e9612a6d223a64823b84ec1b7194fc2c3,UNCHANGED_RETAINED,AUTOMATED_FULL_CORPUS_AUDIT,AUTO_QUALITY_PASS,1K5JUdw8MCPproZMp7WS3RSd1ST2NfygM,6
797a337e959660a348865882d1d35e91f4f3f80f839f09bdf7b0c4bd47bffb6d,797a337e959660a348865882d1d35e91f4f3f80f839f09bdf7b0c4bd47bffb6d,UNCHANGED_RETAINED,AUTOMATED_FULL_CORPUS_AUDIT,AUTO_QUALITY_PASS,1K5JUdw8MCPproZMp7WS3RSd1ST2NfygM,7
31f28823658cd73ecc99eada8e4589b0a2a07bb7e3620a2b4053a89caa1c9d38,31f28823658cd73ecc99eada8e4589b0a2a07bb7e3620a2b4053a89caa1c9d38,UNCHANGED_RETAINED,AUTOMATED_FULL_CORPUS_AUDIT,AUTO_QUALITY_PASS,1K5JUdw8MCPproZMp7WS3RSd1ST2NfygM,8
d276155fc1bf16ba1718f0745ebc72c7974307e5a45ee927f1a6239db53efe59,d276155fc1bf16ba1718f0745ebc72c7974307e5a45ee927f1a6239db53efe59,UNCHANGED_RETAINED,AUTOMATED_FULL_CORPUS_AUDIT,AUTO_QUALITY_PASS,1KC73iQqmjff9cNCCK5QThrlz7gIn0MHA,1
f5d831799dc0239800c6d3a2da8c0b8ae413d2eef624ecb6217b6572fd67d7c1,f5d831799dc0239800c6d3a2da8c0b8ae413d2eef624ecb6217b6572fd67d7c1,UNCHANGED_RETAINED,AUTOMATED_FULL_CORPUS_AUDIT,AUTO_QUALITY_PASS,1KC73iQqmjff9cNCCK5QThrlz7gIn0MHA,1
baeba6e28e632478c13dbf7b53ee9aa1e3785cd17b073463eef1d9f6932db330,baeba6e28e632478c13dbf7b53ee9aa1e3785cd17b073463eef1d9f6932db330,RETRIEVAL_ONLY,HUMAN_REVIEW_FINAL,KEEP_RETRIEVAL_ONLY,1KqIfRav47BU2AiOprNfWX45HKuSwCWkh,1
cf0c8548cae2a34c600efed051c330db20c80e8a69d032ed494830d6e22a0f61,cf0c8548cae2a34c600efed051c330db20c80e8a69d032ed494830d6e22a0f61,UNCHANGED_RETAINED,HUMAN_REVIEW_FINAL,KEEP_RETRIEVAL_AND_DISPLAY,1KqIfRav47BU2AiOprNfWX45HKuSwCWkh,1
38500b06bd19daf7d0930ca994f293c19b3ff879ade0bb62bbb3a2552130d0fc,b07af8375421d7adc038754ba2427faf73b65360991bc484d49348ac5c629d9f,REPLACED,TARGETED_PAGE_REPAIR,REPLACED_BY_REPAIRED_PAGE,1KqIfRav47BU2AiOprNfWX45HKuSwCWkh,2
0a9d9667ee27e358597c926762a42ddd3dc7a748409d3ced3e247ba5af5d73ce,b07af8375421d7adc038754ba2427faf73b65360991bc484d49348ac5c629d9f,REPLACED,TARGETED_PAGE_REPAIR,REPLACED_BY_REPAIRED_PAGE,1KqIfRav47BU2AiOprNfWX45HKuSwCWkh,2
83246513234d067c45993ab4a83e46cd546a92e62702e82411a87a9056db6e94,bb62eead904b1a9b699ee12d02b3c7250d178f396bb48b55af5fe7e78ca100dc;2e4d6ab0e12360810295ae7795ade5a69094a6ef47387f8532e7537cce5ef6d2,REPLACED,TARGETED_PAGE_REPAIR,REPLACED_BY_REPAIRED_PAGE,1KqIfRav47BU2AiOprNfWX45HKuSwCWkh,3
525ebc03cb788ba75899aef4f3f8710833009fd72f60761460092f374cfbbf15,bb62eead904b1a9b699ee12d02b3c7250d178f396bb48b55af5fe7e78ca100dc;2e4d6ab0e12360810295ae7795ade5a69094a6ef47387f8532e7537cce5ef6d2,REPLACED,TARGETED_PAGE_REPAIR,REPLACED_BY_REPAIRED_PAGE,1KqIfRav47BU2AiOprNfWX45HKuSwCWkh,3
77f3023b27ae5c32c4adf104ddddbb8674556f71742c4585b7036ae1f4dfd3aa,bb62eead904b1a9b699ee12d02b3c7250d178f396bb48b55af5fe7e78ca100dc;2e4d6ab0e12360810295ae7795ade5a69094a6ef47387f8532e7537cce5ef6d2,REPLACED,TARGETED_PAGE_REPAIR,REPLACED_BY_REPAIRED_PAGE,1KqIfRav47BU2AiOprNfWX45HKuSwCWkh,3
35594d8c1b79d0726f88e55e4dcfb8c23276e4a7e8eb138350b4051a61ac0319,90726f3969eb8b5698961e4a8a6909e62390cdea5509687934f800c8e7719fe5;b9f8499bd91bdaaa42f80eff3d647876b1bfc0e94f98871a16d2cc3b23d0360e;054ce0d5ecc7bd8678bd5f75b0d21769407f3cbc0acd867ae9f678c6db7ebed3,REPLACED,TARGETED_PAGE_REPAIR,REPLACED_BY_REPAIRED_PAGE,1KqIfRav47BU2AiOprNfWX45HKuSwCWkh,4
74f09b34f7908626df8bdcbb31d78f1328d9a0aeeac75305acb6916c22cbf2d0,90726f3969eb8b5698961e4a8a6909e62390cdea5509687934f800c8e7719fe5;b9f8499bd91bdaaa42f80eff3d647876b1bfc0e94f98871a16d2cc3b23d0360e;054ce0d5ecc7bd8678bd5f75b0d21769407f3cbc0acd867ae9f678c6db7ebed3,REPLACED,TARGETED_PAGE_REPAIR,REPLACED_BY_REPAIRED_PAGE,1KqIfRav47BU2AiOprNfWX45HKuSwCWkh,4
0221a35f2b28820262218086aedeaa7ebd20068cd305ca0deb41fef91db875a9,90726f3969eb8b5698961e4a8a6909e62390cdea5509687934f800c8e7719fe5;b9f8499bd91bdaaa42f80eff3d647876b1bfc0e94f98871a16d2cc3b23d0360e;054ce0d5ecc7bd8678bd5f75b0d21769407f3cbc0acd867ae9f678c6db7ebed3,REPLACED,TARGETED_PAGE_REPAIR,REPLACED_BY_REPAIRED_PAGE,1KqIfRav47BU2AiOprNfWX45HKuSwCWkh,4
21b89600a65f65d6f5ec6390a68114ffb8bae2eac2f37b622648afb33a89215b,21b89600a65f65d6f5ec6390a68114ffb8bae2eac2f37b622648afb33a89215b,UNCHANGED_RETAINED,AUTOMATED_FULL_CORPUS_AUDIT,AUTO_QUALITY_PASS,1LwwAAyIXFTX21vz6X07lTc3sCRFQzugW,1
3628e8b134f3af01dcf75919116921c36332ed644a3d4937407069fcfd2e2041,3628e8b134f3af01dcf75919116921c36332ed644a3d4937407069fcfd2e2041,UNCHANGED_RETAINED,AUTOMATED_FULL_CORPUS_AUDIT,AUTO_QUALITY_PASS,1LwwAAyIXFTX21vz6X07lTc3sCRFQzugW,1
5fd18d294604a7929a289a0fe0cf01239577cdca76fd008a2f2c983f29ba57f2,5fd18d294604a7929a289a0fe0cf01239577cdca76fd008a2f2c983f29ba57f2,UNCHANGED_RETAINED,AUTOMATED_FULL_CORPUS_AUDIT,AUTO_QUALITY_PASS,1NKI6OkEbT92xpeZ7G_qHh164jjIDJvTh,1
44c8658bad219eddb42ab5980b102d7d76ad7c750b64ddc1d473dfddbc5e4bae,44c8658bad219eddb42ab5980b102d7d76ad7c750b64ddc1d473dfddbc5e4bae,UNCHANGED_RETAINED,AUTOMATED_FULL_CORPUS_AUDIT,AUTO_QUALITY_PASS,1NKI6OkEbT92xpeZ7G_qHh164jjIDJvTh,1
db91ffa3291ff29bcdc90a49915698d0197ffcc8d23dedd1502dd89708b0b024,db91ffa3291ff29bcdc90a49915698d0197ffcc8d23dedd1502dd89708b0b024,UNCHANGED_RETAINED,AUTOMATED_FULL_CORPUS_AUDIT,AUTO_QUALITY_PASS,1ON0dJL3WcgheEKQowjhBiLbAUSaq4oGG,1
bfb4f96c0f08b5d52529c5c8af6a725a7889a3f85cbfcd21f3792e9ff03d79fb,bfb4f96c0f08b5d52529c5c8af6a725a7889a3f85cbfcd21f3792e9ff03d79fb,UNCHANGED_RETAINED,AUTOMATED_FULL_CORPUS_AUDIT,AUTO_QUALITY_PASS,1ON0dJL3WcgheEKQowjhBiLbAUSaq4oGG,1
813538b7445080db56118b2fdce94744da1ee03759b83dd36ba7d8710d6997e7,813538b7445080db56118b2fdce94744da1ee03759b83dd36ba7d8710d6997e7,UNCHANGED_RETAINED,AUTOMATED_FULL_CORPUS_AUDIT,AUTO_QUALITY_PASS,1ON0dJL3WcgheEKQowjhBiLbAUSaq4oGG,1
4593bdd64e283c3509fa3cdaa3e5d8528078e04eb9e0c985b320979281bba87c,4593bdd64e283c3509fa3cdaa3e5d8528078e04eb9e0c985b320979281bba87c,UNCHANGED_RETAINED,AUTOMATED_FULL_CORPUS_AUDIT,AUTO_QUALITY_PASS,1ON0dJL3WcgheEKQowjhBiLbAUSaq4oGG,2
e0373f5b3a8127ad3dcddd618ffd6d47f11ed037a0717aa603905adaf68f0d00,e0373f5b3a8127ad3dcddd618ffd6d47f11ed037a0717aa603905adaf68f0d00,UNCHANGED_RETAINED,AUTOMATED_FULL_CORPUS_AUDIT,AUTO_QUALITY_PASS,1ON0dJL3WcgheEKQowjhBiLbAUSaq4oGG,2
8a6213a352fb676185c65e2081d9ff929a5cdc23eadc07a5ef5aba238f9fd20d,8a6213a352fb676185c65e2081d9ff929a5cdc23eadc07a5ef5aba238f9fd20d,UNCHANGED_RETAINED,AUTOMATED_FULL_CORPUS_AUDIT,AUTO_QUALITY_PASS,1ON0dJL3WcgheEKQowjhBiLbAUSaq4oGG,2
f4d5eb93803f1ed4fbdfe2ab726fea0e1dbd8b4eaadabb062ce897b468d75a97,f4d5eb93803f1ed4fbdfe2ab726fea0e1dbd8b4eaadabb062ce897b468d75a97,UNCHANGED_RETAINED,AUTOMATED_FULL_CORPUS_AUDIT,AUTO_QUALITY_PASS,1ON0dJL3WcgheEKQowjhBiLbAUSaq4oGG,2
8e51f5ec36c4e0d4c60a5e0e16ee093764557effbe53f8496170e2a409c8d8bb,8e51f5ec36c4e0d4c60a5e0e16ee093764557effbe53f8496170e2a409c8d8bb,UNCHANGED_RETAINED,AUTOMATED_FULL_CORPUS_AUDIT,AUTO_QUALITY_PASS,1ON0dJL3WcgheEKQowjhBiLbAUSaq4oGG,3
81fdc25234af04dbcbec1c65ae7bc5716ad2f1a577faca60ce85d35623e4e5a1,81fdc25234af04dbcbec1c65ae7bc5716ad2f1a577faca60ce85d35623e4e5a1,UNCHANGED_RETAINED,AUTOMATED_FULL_CORPUS_AUDIT,AUTO_QUALITY_PASS,1ON0dJL3WcgheEKQowjhBiLbAUSaq4oGG,3
b8ba2bb227005e0284bb85b2619b4c275e77f84a1475b506368a8cc8b8bb24d7,b8ba2bb227005e0284bb85b2619b4c275e77f84a1475b506368a8cc8b8bb24d7,UNCHANGED_RETAINED,AUTOMATED_FULL_CORPUS_AUDIT,AUTO_QUALITY_PASS,1ON0dJL3WcgheEKQowjhBiLbAUSaq4oGG,3
13eb69008bc50082fb09d7f26b8b184057d70bbd6bd316a396e86a642ac8fb84,13eb69008bc50082fb09d7f26b8b184057d70bbd6bd316a396e86a642ac8fb84,UNCHANGED_RETAINED,AUTOMATED_FULL_CORPUS_AUDIT,AUTO_QUALITY_PASS,1ON0dJL3WcgheEKQowjhBiLbAUSaq4oGG,3
e2a3f60ced560be829bb5422923642b2ab04d03e7a1f27657acbe1fea2d640f9,e2a3f60ced560be829bb5422923642b2ab04d03e7a1f27657acbe1fea2d640f9,UNCHANGED_RETAINED,AUTOMATED_FULL_CORPUS_AUDIT,AUTO_QUALITY_PASS,1ON0dJL3WcgheEKQowjhBiLbAUSaq4oGG,4
7c86aa7513a9dc455b64fcedc6142f5f9b605800bfaa000f8b57c20b1ba357b8,7c86aa7513a9dc455b64fcedc6142f5f9b605800bfaa000f8b57c20b1ba357b8,UNCHANGED_RETAINED,AUTOMATED_FULL_CORPUS_AUDIT,AUTO_QUALITY_PASS,1ON0dJL3WcgheEKQowjhBiLbAUSaq4oGG,4
e1441cceba34be25e1d06948b08b3e4cacdf58bcccd7159a014ce1041a81df8f,e1441cceba34be25e1d06948b08b3e4cacdf58bcccd7159a014ce1041a81df8f,UNCHANGED_RETAINED,AUTOMATED_FULL_CORPUS_AUDIT,AUTO_QUALITY_PASS,1ON0dJL3WcgheEKQowjhBiLbAUSaq4oGG,4
2eddfb5b8b7919bd82c2542c68a31270b8353659fd601462fc4e7b528574818d,2eddfb5b8b7919bd82c2542c68a31270b8353659fd601462fc4e7b528574818d,UNCHANGED_RETAINED,AUTOMATED_FULL_CORPUS_AUDIT,AUTO_QUALITY_PASS,1ON0dJL3WcgheEKQowjhBiLbAUSaq4oGG,4
b77a32a74878ad57c77274aba5d2bb9bfab4e1990fd047b75facb2dbcff364c0,b77a32a74878ad57c77274aba5d2bb9bfab4e1990fd047b75facb2dbcff364c0,UNCHANGED_RETAINED,AUTOMATED_FULL_CORPUS_AUDIT,AUTO_QUALITY_PASS,1ON0dJL3WcgheEKQowjhBiLbAUSaq4oGG,9
cfd8bada1d3d55f57ffdbe256b5089e89ee583a5374abf1fab273232bc59c233,cfd8bada1d3d55f57ffdbe256b5089e89ee583a5374abf1fab273232bc59c233,UNCHANGED_RETAINED,AUTOMATED_FULL_CORPUS_AUDIT,AUTO_QUALITY_PASS,1ON0dJL3WcgheEKQowjhBiLbAUSaq4oGG,9
41f4f69a57b6fa79a9f4e0a6fd59b1347236493a267db5f0d3d5022c72c40c76,41f4f69a57b6fa79a9f4e0a6fd59b1347236493a267db5f0d3d5022c72c40c76,UNCHANGED_RETAINED,AUTOMATED_FULL_CORPUS_AUDIT,AUTO_QUALITY_PASS,1ON0dJL3WcgheEKQowjhBiLbAUSaq4oGG,9
2a096ef85e1e636586ae8ddffa233f82482e82bda34a9af08e16edd87b565e7d,2a096ef85e1e636586ae8ddffa233f82482e82bda34a9af08e16edd87b565e7d,UNCHANGED_RETAINED,AUTOMATED_FULL_CORPUS_AUDIT,AUTO_QUALITY_PASS,1ON0dJL3WcgheEKQowjhBiLbAUSaq4oGG,9
7587145cdadd7142b18ca47b01152bc65656077fa4bbaeb560b04d4c8896f431,7587145cdadd7142b18ca47b01152bc65656077fa4bbaeb560b04d4c8896f431,UNCHANGED_RETAINED,AUTOMATED_FULL_CORPUS_AUDIT,AUTO_QUALITY_PASS,1ON0dJL3WcgheEKQowjhBiLbAUSaq4oGG,9
7557297687add330fd26047f79292adea1e2792346105a2fce7a09324fb8c86c,7557297687add330fd26047f79292adea1e2792346105a2fce7a09324fb8c86c,UNCHANGED_RETAINED,AUTOMATED_FULL_CORPUS_AUDIT,AUTO_QUALITY_PASS,1ON0dJL3WcgheEKQowjhBiLbAUSaq4oGG,10
9ca1b07523af5f5d6410cb2dddef837d8523f5747f6e86cab0e4934993df1977,9ca1b07523af5f5d6410cb2dddef837d8523f5747f6e86cab0e4934993df1977,UNCHANGED_RETAINED,AUTOMATED_FULL_CORPUS_AUDIT,AUTO_QUALITY_PASS,1ON0dJL3WcgheEKQowjhBiLbAUSaq4oGG,10
9c86402f9a4f82a97a558214ff18cdf47e7c0145b0c58663c8439a87929095a8,9c86402f9a4f82a97a558214ff18cdf47e7c0145b0c58663c8439a87929095a8,UNCHANGED_RETAINED,AUTOMATED_FULL_CORPUS_AUDIT,AUTO_QUALITY_PASS,1ON0dJL3WcgheEKQowjhBiLbAUSaq4oGG,10
b48be632333b7745aeeae0c3b220df740c1923be3226e76275d4c926e622c49d,b48be632333b7745aeeae0c3b220df740c1923be3226e76275d4c926e622c49d,UNCHANGED_RETAINED,AUTOMATED_FULL_CORPUS_AUDIT,AUTO_QUALITY_PASS,1ON0dJL3WcgheEKQowjhBiLbAUSaq4oGG,10
50e82caba9408a4beefa02d95da2010f09d478793d5ad191f134a75094797e1c,50e82caba9408a4beefa02d95da2010f09d478793d5ad191f134a75094797e1c,UNCHANGED_RETAINED,AUTOMATED_FULL_CORPUS_AUDIT,AUTO_QUALITY_PASS,1ON0dJL3WcgheEKQowjhBiLbAUSaq4oGG,10
462df0ea5423a95f015bc304e068e14d8a55df2f8e8a85ed77936b4fc1844a38,462df0ea5423a95f015bc304e068e14d8a55df2f8e8a85ed77936b4fc1844a38,UNCHANGED_RETAINED,AUTOMATED_FULL_CORPUS_AUDIT,AUTO_QUALITY_PASS,1ON0dJL3WcgheEKQowjhBiLbAUSaq4oGG,11
3080328c20b838f54c27aff42b238a8244eefd701f49916e774cf8c8c6fc5da1,3080328c20b838f54c27aff42b238a8244eefd701f49916e774cf8c8c6fc5da1,UNCHANGED_RETAINED,AUTOMATED_FULL_CORPUS_AUDIT,AUTO_QUALITY_PASS,1ON0dJL3WcgheEKQowjhBiLbAUSaq4oGG,11
c8105c034aa087fc960c5d1f237449acf2d4022635b8a6224e5dc3e310aff7f8,c8105c034aa087fc960c5d1f237449acf2d4022635b8a6224e5dc3e310aff7f8,UNCHANGED_RETAINED,AUTOMATED_FULL_CORPUS_AUDIT,AUTO_QUALITY_PASS,1ON0dJL3WcgheEKQowjhBiLbAUSaq4oGG,11
2e9ec5b5ec205fb6e110df7cbe84ec54722fd07cdd9da6b7651c95769807d1d5,2e9ec5b5ec205fb6e110df7cbe84ec54722fd07cdd9da6b7651c95769807d1d5,UNCHANGED_RETAINED,AUTOMATED_FULL_CORPUS_AUDIT,AUTO_QUALITY_PASS,1ON0dJL3WcgheEKQowjhBiLbAUSaq4oGG,11
ee4546191a9821a1218d6d057a40fc61bec12bb932f45a2928edcd1103818ba8,ee4546191a9821a1218d6d057a40fc61bec12bb932f45a2928edcd1103818ba8,UNCHANGED_RETAINED,AUTOMATED_FULL_CORPUS_AUDIT,AUTO_QUALITY_PASS,1ON0dJL3WcgheEKQowjhBiLbAUSaq4oGG,11
1d9570445d7f56178b9227cb7c062d03ea2b334bfd8a878fab24fa856053a584,4001230396f1f964961f7cf4599d196ad0fb0475425758fcbefc60e960b41c42,REPLACED,TARGETED_PAGE_REPAIR,REPLACED_BY_REPAIRED_PAGE,1ON0dJL3WcgheEKQowjhBiLbAUSaq4oGG,12
106c08339f1a32dee0d126a33f694e327344321a788508bc201bbe4746709c81,106c08339f1a32dee0d126a33f694e327344321a788508bc201bbe4746709c81,UNCHANGED_RETAINED,HUMAN_REVIEW_FINAL,KEEP_RETRIEVAL_AND_DISPLAY,1OVJMC_QX-B1LklNx583n7SvZm77aIx5i,1
75dfa9c955006cb3e8aeaaeaa668fad6f19dbc23609a0b032b46cd069914017f,75dfa9c955006cb3e8aeaaeaa668fad6f19dbc23609a0b032b46cd069914017f,UNCHANGED_RETAINED,AUTOMATED_FULL_CORPUS_AUDIT,AUTO_QUALITY_PASS,1OVJMC_QX-B1LklNx583n7SvZm77aIx5i,2
f7e19cd82cd359713f9085a938acfc42b9376eee55df9ac5759f2f50a36e054b,f7e19cd82cd359713f9085a938acfc42b9376eee55df9ac5759f2f50a36e054b,UNCHANGED_RETAINED,AUTOMATED_FULL_CORPUS_AUDIT,AUTO_QUALITY_PASS,1OVJMC_QX-B1LklNx583n7SvZm77aIx5i,2
d9dc98ca713ebdd0190201c6be7cccb13f618c889deee3eabbf5cd371dbd9b99,d9dc98ca713ebdd0190201c6be7cccb13f618c889deee3eabbf5cd371dbd9b99,UNCHANGED_RETAINED,AUTOMATED_FULL_CORPUS_AUDIT,AUTO_QUALITY_PASS,1OVJMC_QX-B1LklNx583n7SvZm77aIx5i,2
6f1b67cd9a7236151879cd718ba26c1c33e99ed06a589a177b8bc73ab6876bc1,6f1b67cd9a7236151879cd718ba26c1c33e99ed06a589a177b8bc73ab6876bc1,UNCHANGED_RETAINED,AUTOMATED_FULL_CORPUS_AUDIT,AUTO_QUALITY_PASS,1OVJMC_QX-B1LklNx583n7SvZm77aIx5i,2
936923651558ed2e5875378dda67e5d74ce1e3655af55c9d980177f462bd876a,936923651558ed2e5875378dda67e5d74ce1e3655af55c9d980177f462bd876a,UNCHANGED_RETAINED,AUTOMATED_FULL_CORPUS_AUDIT,AUTO_QUALITY_PASS,1OVJMC_QX-B1LklNx583n7SvZm77aIx5i,3
d5d75118cbde4cd177bd787e2c40bd8e1e8f83b9c2d05704fcd52e397b18c16e,d5d75118cbde4cd177bd787e2c40bd8e1e8f83b9c2d05704fcd52e397b18c16e,UNCHANGED_RETAINED,AUTOMATED_FULL_CORPUS_AUDIT,AUTO_QUALITY_PASS,1OVJMC_QX-B1LklNx583n7SvZm77aIx5i,3
68561fa1f212d532c381f0c4e0865de46ab369cd7de6ea8e97f8c88dd6549d1b,68561fa1f212d532c381f0c4e0865de46ab369cd7de6ea8e97f8c88dd6549d1b,UNCHANGED_RETAINED,AUTOMATED_FULL_CORPUS_AUDIT,AUTO_QUALITY_PASS,1OxFn1EJxv-2PxDYU566IyH-4w-f2_ND7,1
6305d595601c20fcb3fc961a177ee68120fead315e1efc1c3b3bf5d6df6f7224,6305d595601c20fcb3fc961a177ee68120fead315e1efc1c3b3bf5d6df6f7224,UNCHANGED_RETAINED,AUTOMATED_FULL_CORPUS_AUDIT,AUTO_QUALITY_PASS,1P-l4Rq0BkFTCD7cmqdYS2ar7_bk7ctvP,1
21d251bfa0986bd0a08bc4173b23aba6e528a489482029c358fa7f42b4c418c4,21d251bfa0986bd0a08bc4173b23aba6e528a489482029c358fa7f42b4c418c4,UNCHANGED_RETAINED,HUMAN_REVIEW_FINAL,KEEP_RETRIEVAL_AND_DISPLAY,1P6bTFetgIjiAAJTMtyMyC-nzhZ6MpCfb,1
21e8c0794f63895ddfe2415ba51e98a2065549f276394acf37eef41a66d8eba5,21e8c0794f63895ddfe2415ba51e98a2065549f276394acf37eef41a66d8eba5,UNCHANGED_RETAINED,AUTOMATED_FULL_CORPUS_AUDIT,AUTO_QUALITY_PASS,1P6bTFetgIjiAAJTMtyMyC-nzhZ6MpCfb,1
25dc0b0e5884e424e5a2a39ade35fc5f4c04fc839d633add79db6a644fa7c908,25dc0b0e5884e424e5a2a39ade35fc5f4c04fc839d633add79db6a644fa7c908,UNCHANGED_RETAINED,HUMAN_REVIEW_FINAL,KEEP_RETRIEVAL_AND_DISPLAY,1PHTG5-L4Cab_PAKULdLi4uG2aS24hzYM,1
21f884ea3d0edd926223ec6d0a6e9beeaaba1020c5c724b9498de3d613ce0bb8,21f884ea3d0edd926223ec6d0a6e9beeaaba1020c5c724b9498de3d613ce0bb8,UNCHANGED_RETAINED,AUTOMATED_FULL_CORPUS_AUDIT,AUTO_QUALITY_PASS,1PHTG5-L4Cab_PAKULdLi4uG2aS24hzYM,1
40dd0f5d609391f67b0c56c4b4d989c123b3cfbff2d755d8420e3ae91ed233de,40dd0f5d609391f67b0c56c4b4d989c123b3cfbff2d755d8420e3ae91ed233de,UNCHANGED_RETAINED,HUMAN_REVIEW_FINAL,KEEP_RETRIEVAL_AND_DISPLAY,1PV3FB74QTudwjEolxhSXBvmVpZLMzoVg,1
87d7446dd807bd68a2d1a96d9a202856b8259b6660caa78fbb5f3746648725e1,87d7446dd807bd68a2d1a96d9a202856b8259b6660caa78fbb5f3746648725e1,UNCHANGED_RETAINED,AUTOMATED_FULL_CORPUS_AUDIT,AUTO_QUALITY_PASS,1PV3FB74QTudwjEolxhSXBvmVpZLMzoVg,1
4ce0452a91571c213e82856d25068b9ed3b6c4f21b52fb2b8a65b3b419d2ec52,4ce0452a91571c213e82856d25068b9ed3b6c4f21b52fb2b8a65b3b419d2ec52,UNCHANGED_RETAINED,AUTOMATED_FULL_CORPUS_AUDIT,AUTO_QUALITY_PASS,1PkC3g81qe8zTEmhbXRteENQbeHygWr1x,1
e152ad23c60e4c5ce3c93ac7406eb34dd30263bb6e4a7dc4800c8e7c60485975,e152ad23c60e4c5ce3c93ac7406eb34dd30263bb6e4a7dc4800c8e7c60485975,UNCHANGED_RETAINED,AUTOMATED_FULL_CORPUS_AUDIT,AUTO_QUALITY_PASS,1PkC3g81qe8zTEmhbXRteENQbeHygWr1x,1
0edfae12eeafe0d541474ad09e98ae7a2ce1567259d3337f0095fab49ad3bb98,0edfae12eeafe0d541474ad09e98ae7a2ce1567259d3337f0095fab49ad3bb98,UNCHANGED_RETAINED,AUTOMATED_FULL_CORPUS_AUDIT,AUTO_QUALITY_PASS,1PkC3g81qe8zTEmhbXRteENQbeHygWr1x,1
cb21964fbe396c880a5e55bab2df088e9558862f38b7a966fd3657c09bf2b2ae,cb21964fbe396c880a5e55bab2df088e9558862f38b7a966fd3657c09bf2b2ae,UNCHANGED_RETAINED,AUTOMATED_FULL_CORPUS_AUDIT,AUTO_QUALITY_PASS,1QAU3aeIdVgZCjokhfaBHUGzxRviC47hQ,1
c45d5a733967c1c5dd3635fc52fb72e4ac0699a091d04cb1262fa98f38186431,c45d5a733967c1c5dd3635fc52fb72e4ac0699a091d04cb1262fa98f38186431,UNCHANGED_RETAINED,AUTOMATED_FULL_CORPUS_AUDIT,AUTO_QUALITY_PASS,1R6ZGMRSbf7UsP7QaB-z0tTXtrzzFgTTA,1
297073e6c3ea81219a5c71788efbd6eafdf1b22aa605cc68d81ed4b0544e54af,297073e6c3ea81219a5c71788efbd6eafdf1b22aa605cc68d81ed4b0544e54af,UNCHANGED_RETAINED,AUTOMATED_FULL_CORPUS_AUDIT,AUTO_QUALITY_PASS,1Rh0QTa2bVdQ_mjwWK0FDRMUcoa9hMo6L,1
138e4a49aedd0ecdc173b3b11387e399632c6bdbc84fad20ddd8a2b6ba2d06ac,138e4a49aedd0ecdc173b3b11387e399632c6bdbc84fad20ddd8a2b6ba2d06ac,UNCHANGED_RETAINED,AUTOMATED_FULL_CORPUS_AUDIT,AUTO_QUALITY_PASS,1Rh0QTa2bVdQ_mjwWK0FDRMUcoa9hMo6L,1
e2d995e23e939ebc35721c1e3c01fa525a6101c3aaf3e15cd56037fbec8a169c,e2d995e23e939ebc35721c1e3c01fa525a6101c3aaf3e15cd56037fbec8a169c,UNCHANGED_RETAINED,HUMAN_REVIEW_FINAL,KEEP_RETRIEVAL_AND_DISPLAY,1Rh0QTa2bVdQ_mjwWK0FDRMUcoa9hMo6L,1
6c8a255faae3e45ae45f96cd78bab2dd6008b4a38e1408620bd38081bee4eddd,6c8a255faae3e45ae45f96cd78bab2dd6008b4a38e1408620bd38081bee4eddd,UNCHANGED_RETAINED,AUTOMATED_FULL_CORPUS_AUDIT,AUTO_QUALITY_PASS,1Rh0QTa2bVdQ_mjwWK0FDRMUcoa9hMo6L,2
47921d7ee652fec392841daf191b1fe1e747ad8ee79edfa6eddae2c9a2230bfa,47921d7ee652fec392841daf191b1fe1e747ad8ee79edfa6eddae2c9a2230bfa,UNCHANGED_RETAINED,AUTOMATED_FULL_CORPUS_AUDIT,AUTO_QUALITY_PASS,1Rh0QTa2bVdQ_mjwWK0FDRMUcoa9hMo6L,2
df5fd2f7b5f17087fe487d9b151ca63023ab311fe3b70315b5340aabfa83b043,df5fd2f7b5f17087fe487d9b151ca63023ab311fe3b70315b5340aabfa83b043,UNCHANGED_RETAINED,AUTOMATED_FULL_CORPUS_AUDIT,AUTO_QUALITY_PASS,1Rh0QTa2bVdQ_mjwWK0FDRMUcoa9hMo6L,2
41d9c8c67842c6b56f435b936f6f58256ddb5802113458b21c1f17bf3111b65a,41d9c8c67842c6b56f435b936f6f58256ddb5802113458b21c1f17bf3111b65a,UNCHANGED_RETAINED,AUTOMATED_FULL_CORPUS_AUDIT,AUTO_QUALITY_PASS,1Rh0QTa2bVdQ_mjwWK0FDRMUcoa9hMo6L,3
1af62901f58fb188b4ceaa42ee9a83d32f718ff297ad5e8ee70f7b72e2540420,1af62901f58fb188b4ceaa42ee9a83d32f718ff297ad5e8ee70f7b72e2540420,UNCHANGED_RETAINED,AUTOMATED_FULL_CORPUS_AUDIT,AUTO_QUALITY_PASS,1Rh0QTa2bVdQ_mjwWK0FDRMUcoa9hMo6L,3
11e57dc8a28f242b4e245020757ad34593ad5eafa90575f854471c98cbf3f463,11e57dc8a28f242b4e245020757ad34593ad5eafa90575f854471c98cbf3f463,UNCHANGED_RETAINED,AUTOMATED_FULL_CORPUS_AUDIT,AUTO_QUALITY_PASS,1Rh0QTa2bVdQ_mjwWK0FDRMUcoa9hMo6L,3
bc5bb421d821e5ed48b99563a83a0dc3271ddfe02f72fe83b2c40017bcae5d0b,bc5bb421d821e5ed48b99563a83a0dc3271ddfe02f72fe83b2c40017bcae5d0b,UNCHANGED_RETAINED,AUTOMATED_FULL_CORPUS_AUDIT,AUTO_QUALITY_PASS,1Rh0QTa2bVdQ_mjwWK0FDRMUcoa9hMo6L,3
0f33bda27645fdecf1a3c72ca324716ce985e05f5535db24028f09c098b93b90,b2a1b55062ec103270979fdaa2aa58def86dbf161cef2d9abb98595286437bc9;9bca3d49cee3a6709a28a6d29c13493794ac02a5e0d52a087da09559843d5d4a,REPLACED,TARGETED_PAGE_REPAIR,REPLACED_BY_REPAIRED_PAGE,1Rh0QTa2bVdQ_mjwWK0FDRMUcoa9hMo6L,4
19f4f9a85b1bd5ac4ce428639c446327f3184ef84a24c3043500e912e3bb9cb8,b2a1b55062ec103270979fdaa2aa58def86dbf161cef2d9abb98595286437bc9;9bca3d49cee3a6709a28a6d29c13493794ac02a5e0d52a087da09559843d5d4a,REPLACED,TARGETED_PAGE_REPAIR,REPLACED_BY_REPAIRED_PAGE,1Rh0QTa2bVdQ_mjwWK0FDRMUcoa9hMo6L,4
f73f7bb269b9c08096e9294492722cde62e48d8f8013111568ab7c912f35dc77,f73f7bb269b9c08096e9294492722cde62e48d8f8013111568ab7c912f35dc77,UNCHANGED_RETAINED,AUTOMATED_FULL_CORPUS_AUDIT,AUTO_QUALITY_PASS,1RrUvD20YCMSGvo9upSk5U-N8Rp-quSub,1
57f495a59c84b7ebfe263920335bcbda486c904177262b15ae640f59b1f64a58,57f495a59c84b7ebfe263920335bcbda486c904177262b15ae640f59b1f64a58,UNCHANGED_RETAINED,AUTOMATED_FULL_CORPUS_AUDIT,AUTO_QUALITY_PASS,1RrUvD20YCMSGvo9upSk5U-N8Rp-quSub,1
ef669a204d9aa3e264b2fb6ea7bf48df00d552b3d6c0c92e1ed8380af05588de,ef669a204d9aa3e264b2fb6ea7bf48df00d552b3d6c0c92e1ed8380af05588de,UNCHANGED_RETAINED,AUTOMATED_FULL_CORPUS_AUDIT,AUTO_QUALITY_PASS,1S1mEy8i5Uj_3bj8Q-G1M-wO8sT8MEMIb,1
706f624f798a2470fcf833b0287228e0df88554f6bb2b6c2c67bacaacc2daae1,706f624f798a2470fcf833b0287228e0df88554f6bb2b6c2c67bacaacc2daae1,UNCHANGED_RETAINED,AUTOMATED_FULL_CORPUS_AUDIT,AUTO_QUALITY_PASS,1S1mEy8i5Uj_3bj8Q-G1M-wO8sT8MEMIb,1
236d6cc961c4835ddab05c6712a610bf87bfc111cace841fc92d09d4ffd397ab,236d6cc961c4835ddab05c6712a610bf87bfc111cace841fc92d09d4ffd397ab,UNCHANGED_RETAINED,HUMAN_REVIEW_FINAL,KEEP_RETRIEVAL_AND_DISPLAY,1SULNXcg8efiXxabF7kLF5Bt5JaksvN29,1
e4b47f513d2c3331b4e18a63ca6b7def7549c590cd364c7e9820d12f46b6d8e3,e4b47f513d2c3331b4e18a63ca6b7def7549c590cd364c7e9820d12f46b6d8e3,UNCHANGED_RETAINED,AUTOMATED_FULL_CORPUS_AUDIT,AUTO_QUALITY_PASS,1SWA4o2YD7LI8WAqw0-4QIArkCqa2Z7du,1
c35a3d4a06c081ef899b3740afadd85d99441dc4e88b4aa03f29934f273ff2c6,c35a3d4a06c081ef899b3740afadd85d99441dc4e88b4aa03f29934f273ff2c6,RETRIEVAL_ONLY,HUMAN_REVIEW_FINAL,KEEP_RETRIEVAL_ONLY,1SWA4o2YD7LI8WAqw0-4QIArkCqa2Z7du,1
9c79165ec3edfc294df173214325cc288b1dc2a92bebeb05ef4db1826bc96edb,9c79165ec3edfc294df173214325cc288b1dc2a92bebeb05ef4db1826bc96edb,UNCHANGED_RETAINED,HUMAN_REVIEW_FINAL,KEEP_RETRIEVAL_AND_DISPLAY,1Sp1iAJ0rhfkgVivkFsub4UGyqxMXgOgK,1
93588f21d1399663425915a5400d11f621c11422dcb5cae94ef25d5d12eb4064,93588f21d1399663425915a5400d11f621c11422dcb5cae94ef25d5d12eb4064,UNCHANGED_RETAINED,AUTOMATED_FULL_CORPUS_AUDIT,AUTO_QUALITY_PASS,1Sp1iAJ0rhfkgVivkFsub4UGyqxMXgOgK,1
261cd36fb385a82b62d6176fd3ce9415e6c412300cae6600437b861d5bc5f157,261cd36fb385a82b62d6176fd3ce9415e6c412300cae6600437b861d5bc5f157,UNCHANGED_RETAINED,HUMAN_REVIEW_FINAL,KEEP_RETRIEVAL_AND_DISPLAY,1Surm6NxjfnIAMkVVPaEmuGyUJF_FeYLN,1
8455d848181de7281f8f59eff085b49fb3ff6fb037a5822cb222a0bb018d958f,8455d848181de7281f8f59eff085b49fb3ff6fb037a5822cb222a0bb018d958f,UNCHANGED_RETAINED,AUTOMATED_FULL_CORPUS_AUDIT,AUTO_QUALITY_PASS,1Surm6NxjfnIAMkVVPaEmuGyUJF_FeYLN,1
ed73dec7932d729c8f5fb6086275094d08338bae8ffb62690b3239658e0d880a,ed73dec7932d729c8f5fb6086275094d08338bae8ffb62690b3239658e0d880a,UNCHANGED_RETAINED,AUTOMATED_FULL_CORPUS_AUDIT,AUTO_QUALITY_PASS,1Surm6NxjfnIAMkVVPaEmuGyUJF_FeYLN,2
eb7b4ca810c0ba4799af9fb67c3ef7c29906ca4bf38055e90844983324af1ad6,eb7b4ca810c0ba4799af9fb67c3ef7c29906ca4bf38055e90844983324af1ad6,UNCHANGED_RETAINED,AUTOMATED_FULL_CORPUS_AUDIT,AUTO_QUALITY_PASS,1Surm6NxjfnIAMkVVPaEmuGyUJF_FeYLN,2
87b2f87973b4e53aa5610ee3e8277a7fe4f8938c824f82d2de7d3251fb681dab,87b2f87973b4e53aa5610ee3e8277a7fe4f8938c824f82d2de7d3251fb681dab,UNCHANGED_RETAINED,AUTOMATED_FULL_CORPUS_AUDIT,AUTO_QUALITY_PASS,1Surm6NxjfnIAMkVVPaEmuGyUJF_FeYLN,2
ddd7fca02dfc6cbbb052083ba562ea44f5150e09af894af0293add2c02183f82,ddd7fca02dfc6cbbb052083ba562ea44f5150e09af894af0293add2c02183f82,UNCHANGED_RETAINED,AUTOMATED_FULL_CORPUS_AUDIT,AUTO_QUALITY_PASS,1Surm6NxjfnIAMkVVPaEmuGyUJF_FeYLN,2
f941a2de60cf686a43795c6ab9bebd7e13b2915baa43cf76f91e89bf93cea7c7,f941a2de60cf686a43795c6ab9bebd7e13b2915baa43cf76f91e89bf93cea7c7,UNCHANGED_RETAINED,AUTOMATED_FULL_CORPUS_AUDIT,AUTO_QUALITY_PASS,1Surm6NxjfnIAMkVVPaEmuGyUJF_FeYLN,3
41170139f7f37ba217b666f3dac7ca9bc26b66e9230e47e0ce860d4068f50ff8,41170139f7f37ba217b666f3dac7ca9bc26b66e9230e47e0ce860d4068f50ff8,UNCHANGED_RETAINED,AUTOMATED_FULL_CORPUS_AUDIT,AUTO_QUALITY_PASS,1Surm6NxjfnIAMkVVPaEmuGyUJF_FeYLN,3
a3a8de9d1a5182441901ec56a4110d761b40fe3817bd59e2924db143307343df,a3a8de9d1a5182441901ec56a4110d761b40fe3817bd59e2924db143307343df,UNCHANGED_RETAINED,AUTOMATED_FULL_CORPUS_AUDIT,AUTO_QUALITY_PASS,1Surm6NxjfnIAMkVVPaEmuGyUJF_FeYLN,3
5bff84ab0697264df71370b974b864ea62f17d0b53e802988bed77225b519919,5bff84ab0697264df71370b974b864ea62f17d0b53e802988bed77225b519919,UNCHANGED_RETAINED,AUTOMATED_FULL_CORPUS_AUDIT,AUTO_QUALITY_PASS,1Surm6NxjfnIAMkVVPaEmuGyUJF_FeYLN,3
82da367bc571f940fbda918c307885e36daf0fa9261ed875ca50663d7179a2ba,82da367bc571f940fbda918c307885e36daf0fa9261ed875ca50663d7179a2ba,UNCHANGED_RETAINED,AUTOMATED_FULL_CORPUS_AUDIT,AUTO_QUALITY_PASS,1Surm6NxjfnIAMkVVPaEmuGyUJF_FeYLN,4
c1fd4e8017a7be3549c4c8ce37d8f4d68b52e69ea4fc72106dc02ae610420510,c1fd4e8017a7be3549c4c8ce37d8f4d68b52e69ea4fc72106dc02ae610420510,UNCHANGED_RETAINED,AUTOMATED_FULL_CORPUS_AUDIT,AUTO_QUALITY_PASS,1Surm6NxjfnIAMkVVPaEmuGyUJF_FeYLN,4
198196da46e1c619bc7eaccd7d9ef17266b9b23242a2f90c82fce58d1eb96d2d,198196da46e1c619bc7eaccd7d9ef17266b9b23242a2f90c82fce58d1eb96d2d,UNCHANGED_RETAINED,AUTOMATED_FULL_CORPUS_AUDIT,AUTO_QUALITY_PASS,1Surm6NxjfnIAMkVVPaEmuGyUJF_FeYLN,4
318e8570fd0b4ba1b4c6f2b6c6026dbeee6acb8cde55559d45f695314fa49193,318e8570fd0b4ba1b4c6f2b6c6026dbeee6acb8cde55559d45f695314fa49193,UNCHANGED_RETAINED,AUTOMATED_FULL_CORPUS_AUDIT,AUTO_QUALITY_PASS,1Surm6NxjfnIAMkVVPaEmuGyUJF_FeYLN,5
6e919a69beda419333bb0e6cc36b07d17e8be729ae7c0f67af5e4e7e63b924e1,6e919a69beda419333bb0e6cc36b07d17e8be729ae7c0f67af5e4e7e63b924e1,UNCHANGED_RETAINED,AUTOMATED_FULL_CORPUS_AUDIT,AUTO_QUALITY_PASS,1Surm6NxjfnIAMkVVPaEmuGyUJF_FeYLN,5
d0d8a908ff1635b44c2d5ff638d41b8b9c2ef1fb88466c7a9c608e2228fb9eb9,d0d8a908ff1635b44c2d5ff638d41b8b9c2ef1fb88466c7a9c608e2228fb9eb9,UNCHANGED_RETAINED,AUTOMATED_FULL_CORPUS_AUDIT,AUTO_QUALITY_PASS,1Surm6NxjfnIAMkVVPaEmuGyUJF_FeYLN,5
4178a3948e1822a512d615586a17bd8e86a4c1beb6f85bd93e333ad39f08f5ed,4178a3948e1822a512d615586a17bd8e86a4c1beb6f85bd93e333ad39f08f5ed,UNCHANGED_RETAINED,AUTOMATED_FULL_CORPUS_AUDIT,AUTO_QUALITY_PASS,1Surm6NxjfnIAMkVVPaEmuGyUJF_FeYLN,6
ec277dd959a1fbc2fa7995da94103b1c65f21e478f6992d7df631e588bcff4cf,ec277dd959a1fbc2fa7995da94103b1c65f21e478f6992d7df631e588bcff4cf,UNCHANGED_RETAINED,HUMAN_REVIEW_FINAL,KEEP_RETRIEVAL_AND_DISPLAY,1TF7dAosmx9XrzegcMt5Cnoq0WaYXJDun,1
16d7c25e6d16bdd03241ca3ae7f1f221b357fab60a68acc06d339c9ebda9250c,16d7c25e6d16bdd03241ca3ae7f1f221b357fab60a68acc06d339c9ebda9250c,UNCHANGED_RETAINED,AUTOMATED_FULL_CORPUS_AUDIT,AUTO_QUALITY_PASS,1TF7dAosmx9XrzegcMt5Cnoq0WaYXJDun,1
b1a25a657d0b89ff493381e0c6f5df3176b8d426b54b9e205a718254aecf4ebb,b1a25a657d0b89ff493381e0c6f5df3176b8d426b54b9e205a718254aecf4ebb,UNCHANGED_RETAINED,AUTOMATED_FULL_CORPUS_AUDIT,AUTO_QUALITY_PASS,1TF7dAosmx9XrzegcMt5Cnoq0WaYXJDun,2
2268e2ba9caaade9f9d3a2093221b7fa46322d80f31a2ccb0fef4c5ac24ba180,2268e2ba9caaade9f9d3a2093221b7fa46322d80f31a2ccb0fef4c5ac24ba180,UNCHANGED_RETAINED,AUTOMATED_FULL_CORPUS_AUDIT,AUTO_QUALITY_PASS,1TF7dAosmx9XrzegcMt5Cnoq0WaYXJDun,2
2d6fbce2efcd769ba8ebd593aaf6a4f47675994ae0f7a4a385fa4444dd89876b,2d6fbce2efcd769ba8ebd593aaf6a4f47675994ae0f7a4a385fa4444dd89876b,UNCHANGED_RETAINED,AUTOMATED_FULL_CORPUS_AUDIT,AUTO_QUALITY_PASS,1TF7dAosmx9XrzegcMt5Cnoq0WaYXJDun,2
cacfb12e2876a04602a6626fff44441b0a22462e3af081cb2447805eb6fe5e3f,cacfb12e2876a04602a6626fff44441b0a22462e3af081cb2447805eb6fe5e3f,UNCHANGED_RETAINED,AUTOMATED_FULL_CORPUS_AUDIT,AUTO_QUALITY_PASS,1TF7dAosmx9XrzegcMt5Cnoq0WaYXJDun,3
40eb6e5187bbf5ad51cf2a798992c16ac8782df179bc48a04d52f9f8cb463ecc,40eb6e5187bbf5ad51cf2a798992c16ac8782df179bc48a04d52f9f8cb463ecc,UNCHANGED_RETAINED,AUTOMATED_FULL_CORPUS_AUDIT,AUTO_QUALITY_PASS,1TF7dAosmx9XrzegcMt5Cnoq0WaYXJDun,3
b20cc30f858d2e069411b39e4d3f2a86e952e2323e5ea14df543cfe16444ae04,b20cc30f858d2e069411b39e4d3f2a86e952e2323e5ea14df543cfe16444ae04,UNCHANGED_RETAINED,AUTOMATED_FULL_CORPUS_AUDIT,AUTO_QUALITY_PASS,1TF7dAosmx9XrzegcMt5Cnoq0WaYXJDun,3
0a354e5e39eb3f385d0b787362d936022658ee2807e67513cc746a0a4943b2b9,0a354e5e39eb3f385d0b787362d936022658ee2807e67513cc746a0a4943b2b9,UNCHANGED_RETAINED,AUTOMATED_FULL_CORPUS_AUDIT,AUTO_QUALITY_PASS,1TF7dAosmx9XrzegcMt5Cnoq0WaYXJDun,3
a21a497b5c7b7b5793b73392cb3e801b06b83b70337497f84c444da067ef4904,a21a497b5c7b7b5793b73392cb3e801b06b83b70337497f84c444da067ef4904,UNCHANGED_RETAINED,AUTOMATED_FULL_CORPUS_AUDIT,AUTO_QUALITY_PASS,1TF7dAosmx9XrzegcMt5Cnoq0WaYXJDun,4
80ceff35b7d951c41d56b8306ddf024f58624a35d6b7566e2bf7f9d52189860e,80ceff35b7d951c41d56b8306ddf024f58624a35d6b7566e2bf7f9d52189860e,UNCHANGED_RETAINED,AUTOMATED_FULL_CORPUS_AUDIT,AUTO_QUALITY_PASS,1TF7dAosmx9XrzegcMt5Cnoq0WaYXJDun,4
6c7ede0b24c7373ffef72728fef48d30fe73ec6d4293030a4bb7ff7a2deb970f,6c7ede0b24c7373ffef72728fef48d30fe73ec6d4293030a4bb7ff7a2deb970f,UNCHANGED_RETAINED,AUTOMATED_FULL_CORPUS_AUDIT,AUTO_QUALITY_PASS,1TF7dAosmx9XrzegcMt5Cnoq0WaYXJDun,4
d25f11df6473f56e50395b71a6e5390a17bc7eca2d4dcf9e09b7f302964f2066,d25f11df6473f56e50395b71a6e5390a17bc7eca2d4dcf9e09b7f302964f2066,UNCHANGED_RETAINED,AUTOMATED_FULL_CORPUS_AUDIT,AUTO_QUALITY_PASS,1TF7dAosmx9XrzegcMt5Cnoq0WaYXJDun,4
d9a8d9f66b0f8ab0cd2924bc6d69ac7a62e35c06c9da0b18644a9164bea6c4ae,d9a8d9f66b0f8ab0cd2924bc6d69ac7a62e35c06c9da0b18644a9164bea6c4ae,UNCHANGED_RETAINED,AUTOMATED_FULL_CORPUS_AUDIT,AUTO_QUALITY_PASS,1TF7dAosmx9XrzegcMt5Cnoq0WaYXJDun,5
0eda32b22c321ed938353b5d01b049dffcdd2ee26b83a9eb5793df55827dba68,0eda32b22c321ed938353b5d01b049dffcdd2ee26b83a9eb5793df55827dba68,UNCHANGED_RETAINED,AUTOMATED_FULL_CORPUS_AUDIT,AUTO_QUALITY_PASS,1TF7dAosmx9XrzegcMt5Cnoq0WaYXJDun,5
e2edf115fd5bd20a1a3da1ab2dc02bc0947dcbfd939ad616e45cc18925038a79,e2edf115fd5bd20a1a3da1ab2dc02bc0947dcbfd939ad616e45cc18925038a79,UNCHANGED_RETAINED,AUTOMATED_FULL_CORPUS_AUDIT,AUTO_QUALITY_PASS,1TF7dAosmx9XrzegcMt5Cnoq0WaYXJDun,5
ba9021bca62d183a18b5855a400a58baf9705a3295116e243410ec013e7acd6b,ba9021bca62d183a18b5855a400a58baf9705a3295116e243410ec013e7acd6b,UNCHANGED_RETAINED,AUTOMATED_FULL_CORPUS_AUDIT,AUTO_QUALITY_PASS,1TF7dAosmx9XrzegcMt5Cnoq0WaYXJDun,5
bdbcaee9ee48a4dbcb08bdbcc5bc89fb8bde1e4a60658e0c09dfb604377f3596,bdbcaee9ee48a4dbcb08bdbcc5bc89fb8bde1e4a60658e0c09dfb604377f3596,UNCHANGED_RETAINED,AUTOMATED_FULL_CORPUS_AUDIT,AUTO_QUALITY_PASS,1TF7dAosmx9XrzegcMt5Cnoq0WaYXJDun,6
3af5e80a9fa909200e9179b5d2f88c635f347867aeee5a8909002f7c90651d9c,3af5e80a9fa909200e9179b5d2f88c635f347867aeee5a8909002f7c90651d9c,UNCHANGED_RETAINED,AUTOMATED_FULL_CORPUS_AUDIT,AUTO_QUALITY_PASS,1TF7dAosmx9XrzegcMt5Cnoq0WaYXJDun,6
dc60d518b183827cfae52a3b9faf9e1bf36cb527ae28af7a17d75bb34412f5dd,dc60d518b183827cfae52a3b9faf9e1bf36cb527ae28af7a17d75bb34412f5dd,UNCHANGED_RETAINED,AUTOMATED_FULL_CORPUS_AUDIT,AUTO_QUALITY_PASS,1TF7dAosmx9XrzegcMt5Cnoq0WaYXJDun,6
04826acdb694383f8dfbc32820e6e68fc69fee99decaf8798295c543e1e6e437,04826acdb694383f8dfbc32820e6e68fc69fee99decaf8798295c543e1e6e437,UNCHANGED_RETAINED,AUTOMATED_FULL_CORPUS_AUDIT,AUTO_QUALITY_PASS,1TF7dAosmx9XrzegcMt5Cnoq0WaYXJDun,6
93322d13bc925669658165d612a39666f32d1c19cbb44bfbebe8a52dd1d6a988,93322d13bc925669658165d612a39666f32d1c19cbb44bfbebe8a52dd1d6a988,UNCHANGED_RETAINED,AUTOMATED_FULL_CORPUS_AUDIT,AUTO_QUALITY_PASS,1TF7dAosmx9XrzegcMt5Cnoq0WaYXJDun,7
87513f40dcce23407d3696e18256f67c30438728a7919485564f8244096e5795,87513f40dcce23407d3696e18256f67c30438728a7919485564f8244096e5795,UNCHANGED_RETAINED,AUTOMATED_FULL_CORPUS_AUDIT,AUTO_QUALITY_PASS,1TF7dAosmx9XrzegcMt5Cnoq0WaYXJDun,7
3a4bb8bd1a503abe8b89d0b4dc429014dc07fd3cb17fa05d91742cd6dd02f57e,3a4bb8bd1a503abe8b89d0b4dc429014dc07fd3cb17fa05d91742cd6dd02f57e,UNCHANGED_RETAINED,AUTOMATED_FULL_CORPUS_AUDIT,AUTO_QUALITY_PASS,1TF7dAosmx9XrzegcMt5Cnoq0WaYXJDun,7
c87a43b942bf072ebd6e9a32947e8e9f6cd7f00a149ab49e82bea52e977a3c9a,c87a43b942bf072ebd6e9a32947e8e9f6cd7f00a149ab49e82bea52e977a3c9a,UNCHANGED_RETAINED,AUTOMATED_FULL_CORPUS_AUDIT,AUTO_QUALITY_PASS,1TF7dAosmx9XrzegcMt5Cnoq0WaYXJDun,7
7203883da0ae53677274c597e7e5955061abc9e7b952fb5889723f1ead75cfb6,7203883da0ae53677274c597e7e5955061abc9e7b952fb5889723f1ead75cfb6,UNCHANGED_RETAINED,AUTOMATED_FULL_CORPUS_AUDIT,AUTO_QUALITY_PASS,1TF7dAosmx9XrzegcMt5Cnoq0WaYXJDun,7
cb1e7bdf8fedb8a7b8a5facaba5bd70b236566652e6ff46440a7ce792f4a7b68,cb1e7bdf8fedb8a7b8a5facaba5bd70b236566652e6ff46440a7ce792f4a7b68,UNCHANGED_RETAINED,AUTOMATED_FULL_CORPUS_AUDIT,AUTO_QUALITY_PASS,1TF7dAosmx9XrzegcMt5Cnoq0WaYXJDun,8
ffd7ceba1b1a47c7c450240a7447d681cd2a1290d0daa700bb8d50455df687e6,ffd7ceba1b1a47c7c450240a7447d681cd2a1290d0daa700bb8d50455df687e6,UNCHANGED_RETAINED,AUTOMATED_FULL_CORPUS_AUDIT,AUTO_QUALITY_PASS,1TF7dAosmx9XrzegcMt5Cnoq0WaYXJDun,8
c646b96c88f6cbb584bdabee0e516219247ea160abf07de08349370d1e00f9c5,c646b96c88f6cbb584bdabee0e516219247ea160abf07de08349370d1e00f9c5,UNCHANGED_RETAINED,AUTOMATED_FULL_CORPUS_AUDIT,AUTO_QUALITY_PASS,1TF7dAosmx9XrzegcMt5Cnoq0WaYXJDun,8
f6c341217bda88f8e90a9a47f9d09a541839e7303e6322231e9e76dfa677eb6e,f6c341217bda88f8e90a9a47f9d09a541839e7303e6322231e9e76dfa677eb6e,UNCHANGED_RETAINED,AUTOMATED_FULL_CORPUS_AUDIT,AUTO_QUALITY_PASS,1TF7dAosmx9XrzegcMt5Cnoq0WaYXJDun,8
f67ca1075bfb63dcf258d40ce573431e867a3c599358dc9ba54612621dfccb4f,f67ca1075bfb63dcf258d40ce573431e867a3c599358dc9ba54612621dfccb4f,UNCHANGED_RETAINED,AUTOMATED_FULL_CORPUS_AUDIT,AUTO_QUALITY_PASS,1TF7dAosmx9XrzegcMt5Cnoq0WaYXJDun,8
abbe432f07358030978be81c48002194d4bada09af0a2edc0b9bd9bdde975caf,abbe432f07358030978be81c48002194d4bada09af0a2edc0b9bd9bdde975caf,UNCHANGED_RETAINED,AUTOMATED_FULL_CORPUS_AUDIT,AUTO_QUALITY_PASS,1TF7dAosmx9XrzegcMt5Cnoq0WaYXJDun,9
0c5defeaab94dda90169e1aea526dc90533776ca3423dddf478a40ed3900c6e3,0c5defeaab94dda90169e1aea526dc90533776ca3423dddf478a40ed3900c6e3,UNCHANGED_RETAINED,AUTOMATED_FULL_CORPUS_AUDIT,AUTO_QUALITY_PASS,1TF7dAosmx9XrzegcMt5Cnoq0WaYXJDun,9
1ebc007681d89dcd82edbb764be407c754b10cc57c699f8baecaa9528c1a1214,1ebc007681d89dcd82edbb764be407c754b10cc57c699f8baecaa9528c1a1214,UNCHANGED_RETAINED,AUTOMATED_FULL_CORPUS_AUDIT,AUTO_QUALITY_PASS,1TF7dAosmx9XrzegcMt5Cnoq0WaYXJDun,9
36345b1b40420fe226df0ce1bc4aa9aad2aaa9e414ef0850029553d91f8a6192,36345b1b40420fe226df0ce1bc4aa9aad2aaa9e414ef0850029553d91f8a6192,UNCHANGED_RETAINED,AUTOMATED_FULL_CORPUS_AUDIT,AUTO_QUALITY_PASS,1TF7dAosmx9XrzegcMt5Cnoq0WaYXJDun,9
e8440ec9dae9f0b5025994d3d0b28f79f4188bdfcba951e7660043033bb56a23,e8440ec9dae9f0b5025994d3d0b28f79f4188bdfcba951e7660043033bb56a23,UNCHANGED_RETAINED,AUTOMATED_FULL_CORPUS_AUDIT,AUTO_QUALITY_PASS,1TF7dAosmx9XrzegcMt5Cnoq0WaYXJDun,10
6d53a4eda4e2572c1b9f859548ac381f37301b888ec86d8f630dc2105c86766d,6d53a4eda4e2572c1b9f859548ac381f37301b888ec86d8f630dc2105c86766d,UNCHANGED_RETAINED,AUTOMATED_FULL_CORPUS_AUDIT,AUTO_QUALITY_PASS,1TF7dAosmx9XrzegcMt5Cnoq0WaYXJDun,10
98878f7dc07c25a40085d55257ebeecde207ab94fae1c943d20916c948964575,98878f7dc07c25a40085d55257ebeecde207ab94fae1c943d20916c948964575,UNCHANGED_RETAINED,AUTOMATED_FULL_CORPUS_AUDIT,AUTO_QUALITY_PASS,1TF7dAosmx9XrzegcMt5Cnoq0WaYXJDun,10
6669fd097eac1929dc77e4dfbd23d143badaca4964cf0b7b2f2c66b84a4f470d,6669fd097eac1929dc77e4dfbd23d143badaca4964cf0b7b2f2c66b84a4f470d,UNCHANGED_RETAINED,AUTOMATED_FULL_CORPUS_AUDIT,AUTO_QUALITY_PASS,1TF7dAosmx9XrzegcMt5Cnoq0WaYXJDun,10
ae638b2a1c539506f31a9405494ecd0fe493de58673c525940985ab24e73c2ca,ae638b2a1c539506f31a9405494ecd0fe493de58673c525940985ab24e73c2ca,UNCHANGED_RETAINED,AUTOMATED_FULL_CORPUS_AUDIT,AUTO_QUALITY_PASS,1TF7dAosmx9XrzegcMt5Cnoq0WaYXJDun,11
e89765810d9295f45395bab94c43ee72a76788367e61853594379d707fdd5e92,e89765810d9295f45395bab94c43ee72a76788367e61853594379d707fdd5e92,UNCHANGED_RETAINED,AUTOMATED_FULL_CORPUS_AUDIT,AUTO_QUALITY_PASS,1TF7dAosmx9XrzegcMt5Cnoq0WaYXJDun,11
e72ef506278639a5335213d4599e5cf523ff4968865c1f1338ac1535770af2a0,e72ef506278639a5335213d4599e5cf523ff4968865c1f1338ac1535770af2a0,UNCHANGED_RETAINED,AUTOMATED_FULL_CORPUS_AUDIT,AUTO_QUALITY_PASS,1TF7dAosmx9XrzegcMt5Cnoq0WaYXJDun,11
89cc5fbc263d18211ce3dfca57a59f603670e72936c85711a5d594b0d3e334c3,89cc5fbc263d18211ce3dfca57a59f603670e72936c85711a5d594b0d3e334c3,UNCHANGED_RETAINED,AUTOMATED_FULL_CORPUS_AUDIT,AUTO_QUALITY_PASS,1TF7dAosmx9XrzegcMt5Cnoq0WaYXJDun,11
e96544b288eff080430772c34d5081dfdadce7ecb6479f7ec40f93787f67e899,e96544b288eff080430772c34d5081dfdadce7ecb6479f7ec40f93787f67e899,UNCHANGED_RETAINED,AUTOMATED_FULL_CORPUS_AUDIT,AUTO_QUALITY_PASS,1TF7dAosmx9XrzegcMt5Cnoq0WaYXJDun,12
5e89141886de1eca46b9e0d37ac0eab3be86e88f593e533b0219e84da28f2a4c,5e89141886de1eca46b9e0d37ac0eab3be86e88f593e533b0219e84da28f2a4c,UNCHANGED_RETAINED,AUTOMATED_FULL_CORPUS_AUDIT,AUTO_QUALITY_PASS,1TF7dAosmx9XrzegcMt5Cnoq0WaYXJDun,12
2f17e9323ff76d3d394fb0b7c1a5db7c91d058929e0ce71ce76cd5ace8e5856e,2f17e9323ff76d3d394fb0b7c1a5db7c91d058929e0ce71ce76cd5ace8e5856e,UNCHANGED_RETAINED,AUTOMATED_FULL_CORPUS_AUDIT,AUTO_QUALITY_PASS,1TF7dAosmx9XrzegcMt5Cnoq0WaYXJDun,12
72d28c9887cfa4abbd474b9c1de6513cd539763fcd328401da4e28eaa37a0d5a,72d28c9887cfa4abbd474b9c1de6513cd539763fcd328401da4e28eaa37a0d5a,UNCHANGED_RETAINED,AUTOMATED_FULL_CORPUS_AUDIT,AUTO_QUALITY_PASS,1TF7dAosmx9XrzegcMt5Cnoq0WaYXJDun,12
63a5724883b35fc9801aebf4c0b3b0c95a984931ee72e36842cf408d7fa628b1,63a5724883b35fc9801aebf4c0b3b0c95a984931ee72e36842cf408d7fa628b1,UNCHANGED_RETAINED,AUTOMATED_FULL_CORPUS_AUDIT,AUTO_QUALITY_PASS,1TF7dAosmx9XrzegcMt5Cnoq0WaYXJDun,13
f6812f37654a4d1046b4c387fa2935198503358f23d81d041ad67f5f0f85d68a,f6812f37654a4d1046b4c387fa2935198503358f23d81d041ad67f5f0f85d68a,UNCHANGED_RETAINED,AUTOMATED_FULL_CORPUS_AUDIT,AUTO_QUALITY_PASS,1TF7dAosmx9XrzegcMt5Cnoq0WaYXJDun,13
a29ba6cfe07713d5995a86a015b4b6b84a82052337eba96cb910e278f4b68a46,a29ba6cfe07713d5995a86a015b4b6b84a82052337eba96cb910e278f4b68a46,UNCHANGED_RETAINED,AUTOMATED_FULL_CORPUS_AUDIT,AUTO_QUALITY_PASS,1TF7dAosmx9XrzegcMt5Cnoq0WaYXJDun,13
d40e96af1e3a16e2bf0e0444c34348dd5c4f01f45b3e3c444556d2fe9542acb4,d40e96af1e3a16e2bf0e0444c34348dd5c4f01f45b3e3c444556d2fe9542acb4,UNCHANGED_RETAINED,AUTOMATED_FULL_CORPUS_AUDIT,AUTO_QUALITY_PASS,1TF7dAosmx9XrzegcMt5Cnoq0WaYXJDun,13
ef02b37e055b8e54c75283453eab4cb35c96e2619acf9a4652e65705dc21cf42,ef02b37e055b8e54c75283453eab4cb35c96e2619acf9a4652e65705dc21cf42,UNCHANGED_RETAINED,AUTOMATED_FULL_CORPUS_AUDIT,AUTO_QUALITY_PASS,1TF7dAosmx9XrzegcMt5Cnoq0WaYXJDun,13
2cb8da57144f72b1ee1cc8b572c842f62ada0ceb13bbe6c73a57f5f5d1407378,2cb8da57144f72b1ee1cc8b572c842f62ada0ceb13bbe6c73a57f5f5d1407378,UNCHANGED_RETAINED,AUTOMATED_FULL_CORPUS_AUDIT,AUTO_QUALITY_PASS,1TF7dAosmx9XrzegcMt5Cnoq0WaYXJDun,14
1ec6a93be3a7949534d35755fad2641c7069294c31e04c109bbd7dccbee0c7a4,1ec6a93be3a7949534d35755fad2641c7069294c31e04c109bbd7dccbee0c7a4,UNCHANGED_RETAINED,AUTOMATED_FULL_CORPUS_AUDIT,AUTO_QUALITY_PASS,1TF7dAosmx9XrzegcMt5Cnoq0WaYXJDun,14
ab062e8d67935c4388858ea134e753ab36d8c122417a59c4f4f568ec20307b67,ab062e8d67935c4388858ea134e753ab36d8c122417a59c4f4f568ec20307b67,UNCHANGED_RETAINED,AUTOMATED_FULL_CORPUS_AUDIT,AUTO_QUALITY_PASS,1TF7dAosmx9XrzegcMt5Cnoq0WaYXJDun,14
ffb6291204b32fbfab185dcc5bd700f3ad0c8f331e6b35cb8704abd32d4506b9,ffb6291204b32fbfab185dcc5bd700f3ad0c8f331e6b35cb8704abd32d4506b9,UNCHANGED_RETAINED,AUTOMATED_FULL_CORPUS_AUDIT,AUTO_QUALITY_PASS,1TF7dAosmx9XrzegcMt5Cnoq0WaYXJDun,14
a442a81e2fcb4bb6b07a7d8bf42917ad7994aaee82eba9175a736ffa748496c2,a442a81e2fcb4bb6b07a7d8bf42917ad7994aaee82eba9175a736ffa748496c2,UNCHANGED_RETAINED,AUTOMATED_FULL_CORPUS_AUDIT,AUTO_QUALITY_PASS,1TF7dAosmx9XrzegcMt5Cnoq0WaYXJDun,15
e86a05ffc9d1304e44c7deb9379b6bdea12317877d536241848e66a46767b258,e86a05ffc9d1304e44c7deb9379b6bdea12317877d536241848e66a46767b258,UNCHANGED_RETAINED,AUTOMATED_FULL_CORPUS_AUDIT,AUTO_QUALITY_PASS,1TF7dAosmx9XrzegcMt5Cnoq0WaYXJDun,15
fe63076bae9e5e8711f7811406436905cc6e9119e5d1fe65698be972b5294c11,fe63076bae9e5e8711f7811406436905cc6e9119e5d1fe65698be972b5294c11,UNCHANGED_RETAINED,AUTOMATED_FULL_CORPUS_AUDIT,AUTO_QUALITY_PASS,1TF7dAosmx9XrzegcMt5Cnoq0WaYXJDun,15
21b5f4aa8bd5e6d4e28956719b717273676f24ad5fa765ca845a1333155530ae,21b5f4aa8bd5e6d4e28956719b717273676f24ad5fa765ca845a1333155530ae,UNCHANGED_RETAINED,AUTOMATED_FULL_CORPUS_AUDIT,AUTO_QUALITY_PASS,1TF7dAosmx9XrzegcMt5Cnoq0WaYXJDun,15
3822f642df85f5f62f8c522a4dd6bfeb4c9ec01d8cccc3d1e703d971690a3996,3822f642df85f5f62f8c522a4dd6bfeb4c9ec01d8cccc3d1e703d971690a3996,UNCHANGED_RETAINED,AUTOMATED_FULL_CORPUS_AUDIT,AUTO_QUALITY_PASS,1TF7dAosmx9XrzegcMt5Cnoq0WaYXJDun,15
f77632f3f9aa84cc252a7529da8e9a2dc77913d8e669e20ede65f1cbc062ac19,f77632f3f9aa84cc252a7529da8e9a2dc77913d8e669e20ede65f1cbc062ac19,UNCHANGED_RETAINED,AUTOMATED_FULL_CORPUS_AUDIT,AUTO_QUALITY_PASS,1TF7dAosmx9XrzegcMt5Cnoq0WaYXJDun,16
7af3a8abe257144f2b57e43f74b9df04e91917cb52d5da87228932ec1d2f69b2,7af3a8abe257144f2b57e43f74b9df04e91917cb52d5da87228932ec1d2f69b2,UNCHANGED_RETAINED,AUTOMATED_FULL_CORPUS_AUDIT,AUTO_QUALITY_PASS,1TF7dAosmx9XrzegcMt5Cnoq0WaYXJDun,16
98afe1dba090de6984ef815548f35a205dd2a773ee61750427aec35cfc12bd2a,98afe1dba090de6984ef815548f35a205dd2a773ee61750427aec35cfc12bd2a,UNCHANGED_RETAINED,AUTOMATED_FULL_CORPUS_AUDIT,AUTO_QUALITY_PASS,1TF7dAosmx9XrzegcMt5Cnoq0WaYXJDun,16
992dbc48b933c9088def944324f320183011e2748ca93ef924936ee43e257025,992dbc48b933c9088def944324f320183011e2748ca93ef924936ee43e257025,UNCHANGED_RETAINED,AUTOMATED_FULL_CORPUS_AUDIT,AUTO_QUALITY_PASS,1TF7dAosmx9XrzegcMt5Cnoq0WaYXJDun,16
f2bfaf2444cf15c710d3c710d6fcf20d6807b41c6039103202748ca9cc4715bd,f2bfaf2444cf15c710d3c710d6fcf20d6807b41c6039103202748ca9cc4715bd,UNCHANGED_RETAINED,AUTOMATED_FULL_CORPUS_AUDIT,AUTO_QUALITY_PASS,1TF7dAosmx9XrzegcMt5Cnoq0WaYXJDun,17
eb9d55e204f04753522a2aed35a3aa6e7105480e6aa64f67dee3b7b0ebdc3d98,eb9d55e204f04753522a2aed35a3aa6e7105480e6aa64f67dee3b7b0ebdc3d98,UNCHANGED_RETAINED,AUTOMATED_FULL_CORPUS_AUDIT,AUTO_QUALITY_PASS,1TF7dAosmx9XrzegcMt5Cnoq0WaYXJDun,17
356721a4fb27e18b9df1d3785bb83aacd4e1f86ce3b7219c3fa3329f53240349,356721a4fb27e18b9df1d3785bb83aacd4e1f86ce3b7219c3fa3329f53240349,UNCHANGED_RETAINED,AUTOMATED_FULL_CORPUS_AUDIT,AUTO_QUALITY_PASS,1TF7dAosmx9XrzegcMt5Cnoq0WaYXJDun,17
2300bef12737c512aa05d1b4ac33192f2f22e9f6ac29198d49105865a4a3c362,2300bef12737c512aa05d1b4ac33192f2f22e9f6ac29198d49105865a4a3c362,UNCHANGED_RETAINED,AUTOMATED_FULL_CORPUS_AUDIT,AUTO_QUALITY_PASS,1TF7dAosmx9XrzegcMt5Cnoq0WaYXJDun,17
a2f93e6b329825aeb11303954f0df61ec8a451254c082421a542db681933b564,a2f93e6b329825aeb11303954f0df61ec8a451254c082421a542db681933b564,UNCHANGED_RETAINED,AUTOMATED_FULL_CORPUS_AUDIT,AUTO_QUALITY_PASS,1TF7dAosmx9XrzegcMt5Cnoq0WaYXJDun,18
16aede8a8277bb0b9eaea9b4bd61113037c40b383d7d9bef47df02c6c296f2fd,16aede8a8277bb0b9eaea9b4bd61113037c40b383d7d9bef47df02c6c296f2fd,UNCHANGED_RETAINED,AUTOMATED_FULL_CORPUS_AUDIT,AUTO_QUALITY_PASS,1TF7dAosmx9XrzegcMt5Cnoq0WaYXJDun,18
ec9e9f534f4adbbb6cf875d7dbeb7f9b119fd0d9c72b6676c719bf9a0889eaa1,ec9e9f534f4adbbb6cf875d7dbeb7f9b119fd0d9c72b6676c719bf9a0889eaa1,UNCHANGED_RETAINED,AUTOMATED_FULL_CORPUS_AUDIT,AUTO_QUALITY_PASS,1TF7dAosmx9XrzegcMt5Cnoq0WaYXJDun,18
082f7684980f2a4d322d20677858cb0c94b41fa0cc392fa5498bfe1ec87045f5,082f7684980f2a4d322d20677858cb0c94b41fa0cc392fa5498bfe1ec87045f5,UNCHANGED_RETAINED,AUTOMATED_FULL_CORPUS_AUDIT,AUTO_QUALITY_PASS,1TF7dAosmx9XrzegcMt5Cnoq0WaYXJDun,18
f59acd5b8c7ec92ef7f45bef6edc804cd26e9163168850fe6c4ee07e0bcfa130,f59acd5b8c7ec92ef7f45bef6edc804cd26e9163168850fe6c4ee07e0bcfa130,UNCHANGED_RETAINED,AUTOMATED_FULL_CORPUS_AUDIT,AUTO_QUALITY_PASS,1TF7dAosmx9XrzegcMt5Cnoq0WaYXJDun,18
98dc989040151e9a0aa792f3ef63ff7cc8d8beb1af77b685c630963d3bcf0c1e,98dc989040151e9a0aa792f3ef63ff7cc8d8beb1af77b685c630963d3bcf0c1e,UNCHANGED_RETAINED,AUTOMATED_FULL_CORPUS_AUDIT,AUTO_QUALITY_PASS,1TF7dAosmx9XrzegcMt5Cnoq0WaYXJDun,19
05b00b5180d4de8fd7fecff97b20d788ea5f9f608d6d12fdda5e485ec96e5f57,05b00b5180d4de8fd7fecff97b20d788ea5f9f608d6d12fdda5e485ec96e5f57,UNCHANGED_RETAINED,AUTOMATED_FULL_CORPUS_AUDIT,AUTO_QUALITY_PASS,1TF7dAosmx9XrzegcMt5Cnoq0WaYXJDun,19
73a365608760bf48f5802b785c008a19810a5ce3e98e62d11c880e3bcf291e4d,73a365608760bf48f5802b785c008a19810a5ce3e98e62d11c880e3bcf291e4d,RETRIEVAL_ONLY,HUMAN_REVIEW_FINAL,KEEP_RETRIEVAL_ONLY,1TF7dAosmx9XrzegcMt5Cnoq0WaYXJDun,19
50d7c03cea249c3e2be821ec6beb7905b6d4e799e6d50323abba938ff10c1736,50d7c03cea249c3e2be821ec6beb7905b6d4e799e6d50323abba938ff10c1736,UNCHANGED_RETAINED,AUTOMATED_FULL_CORPUS_AUDIT,AUTO_QUALITY_PASS,1Uf8mnuiCWDxJGwDHUK9r1q-uMil5_j8G,1
fb530789fb743edbaa287268d44745ac0501b7451512590f5c9c875847874195,fb530789fb743edbaa287268d44745ac0501b7451512590f5c9c875847874195,UNCHANGED_RETAINED,AUTOMATED_FULL_CORPUS_AUDIT,AUTO_QUALITY_PASS,1Uf8mnuiCWDxJGwDHUK9r1q-uMil5_j8G,1
75a95aa833d011effb03156033953410862e749fe1480346cb796ade089787b1,75a95aa833d011effb03156033953410862e749fe1480346cb796ade089787b1,UNCHANGED_RETAINED,AUTOMATED_FULL_CORPUS_AUDIT,AUTO_QUALITY_PASS,1W9zVSEb6VA9w-sNbuU656eqesc0PpmYX,1
ee42dc57241986f6e9b5d3d26c628e0d50ef0fef09858cfeda2055bb280bade8,ee42dc57241986f6e9b5d3d26c628e0d50ef0fef09858cfeda2055bb280bade8,UNCHANGED_RETAINED,AUTOMATED_FULL_CORPUS_AUDIT,AUTO_QUALITY_PASS,1W9zVSEb6VA9w-sNbuU656eqesc0PpmYX,2
74f19db51a7cf5c5f7397cf6208c73b847290bf5873fe6751adac5e66d100e33,74f19db51a7cf5c5f7397cf6208c73b847290bf5873fe6751adac5e66d100e33,UNCHANGED_RETAINED,AUTOMATED_FULL_CORPUS_AUDIT,AUTO_QUALITY_PASS,1W9zVSEb6VA9w-sNbuU656eqesc0PpmYX,2
05346b42ebb1e1018afa17c02bd48460995259ca2bd746f0d03487fcbdade5f1,05346b42ebb1e1018afa17c02bd48460995259ca2bd746f0d03487fcbdade5f1,UNCHANGED_RETAINED,AUTOMATED_FULL_CORPUS_AUDIT,AUTO_QUALITY_PASS,1W9zVSEb6VA9w-sNbuU656eqesc0PpmYX,2
5c86bc85d2c40d7d52224db97ba2061f7d43b42d478cbf762ea52ed37e2b28a7,5c86bc85d2c40d7d52224db97ba2061f7d43b42d478cbf762ea52ed37e2b28a7,UNCHANGED_RETAINED,AUTOMATED_FULL_CORPUS_AUDIT,AUTO_QUALITY_PASS,1W9zVSEb6VA9w-sNbuU656eqesc0PpmYX,2
90cafafb11c5cf3035c4550fbba15e0ef226f60f52f429d3d4eb18daab20ba5a,90cafafb11c5cf3035c4550fbba15e0ef226f60f52f429d3d4eb18daab20ba5a,UNCHANGED_RETAINED,AUTOMATED_FULL_CORPUS_AUDIT,AUTO_QUALITY_PASS,1W9zVSEb6VA9w-sNbuU656eqesc0PpmYX,3
2631ad342db1d12f153d2d96ee3942fd32d2124309a62254efa57a1dfa7a83e4,2631ad342db1d12f153d2d96ee3942fd32d2124309a62254efa57a1dfa7a83e4,UNCHANGED_RETAINED,AUTOMATED_FULL_CORPUS_AUDIT,AUTO_QUALITY_PASS,1W9zVSEb6VA9w-sNbuU656eqesc0PpmYX,3
d6934569cbb4391393eddd92bab258599305ea32827d7240f3bf46e029dbd235,d6934569cbb4391393eddd92bab258599305ea32827d7240f3bf46e029dbd235,UNCHANGED_RETAINED,AUTOMATED_FULL_CORPUS_AUDIT,AUTO_QUALITY_PASS,1W9zVSEb6VA9w-sNbuU656eqesc0PpmYX,3
8a1bf86504ab6c1a9928d9b6d84caeb580a9cd0b41688eee621836051e8b9f72,8a1bf86504ab6c1a9928d9b6d84caeb580a9cd0b41688eee621836051e8b9f72,UNCHANGED_RETAINED,AUTOMATED_FULL_CORPUS_AUDIT,AUTO_QUALITY_PASS,1W9zVSEb6VA9w-sNbuU656eqesc0PpmYX,3
3306972d2fee79d8b614103654a04dcc86b838ba6bb1b560e99f220dd6f1f305,3306972d2fee79d8b614103654a04dcc86b838ba6bb1b560e99f220dd6f1f305,RETRIEVAL_ONLY,HUMAN_REVIEW_FINAL,KEEP_RETRIEVAL_ONLY,1W9zVSEb6VA9w-sNbuU656eqesc0PpmYX,4
d68e82f2596977a602100aad7db75bd19a51e9cc7069088b9a475011085f6ebd,d68e82f2596977a602100aad7db75bd19a51e9cc7069088b9a475011085f6ebd,UNCHANGED_RETAINED,AUTOMATED_FULL_CORPUS_AUDIT,AUTO_QUALITY_PASS,1W9zVSEb6VA9w-sNbuU656eqesc0PpmYX,4
8b321fd3b39e49e0f1512d24e099b4c6f742259513ad4083ce2f961b96afe1d3,8b321fd3b39e49e0f1512d24e099b4c6f742259513ad4083ce2f961b96afe1d3,UNCHANGED_RETAINED,AUTOMATED_FULL_CORPUS_AUDIT,AUTO_QUALITY_PASS,1W9zVSEb6VA9w-sNbuU656eqesc0PpmYX,4
7314301c64bb3dd8fd70fba88a19b89584ce213d3f7ab5207ba2fd966944b885,,HUMAN_CONFIRMATION_QUARANTINE,HUMAN_REVIEW_FINAL,HUMAN_CONFIRMATION_REQUIRED,1W9zVSEb6VA9w-sNbuU656eqesc0PpmYX,4
4d5a8cba5932945724bd0408832cdb9fadfadec682cad087fcb31c3ff7afb87e,4d5a8cba5932945724bd0408832cdb9fadfadec682cad087fcb31c3ff7afb87e,UNCHANGED_RETAINED,AUTOMATED_FULL_CORPUS_AUDIT,AUTO_QUALITY_PASS,1W9zVSEb6VA9w-sNbuU656eqesc0PpmYX,5
310f3d9280492d00d40a35880870e3ab3c930a859e56e7766cbb724149f22ede,310f3d9280492d00d40a35880870e3ab3c930a859e56e7766cbb724149f22ede,UNCHANGED_RETAINED,AUTOMATED_FULL_CORPUS_AUDIT,AUTO_QUALITY_PASS,1W9zVSEb6VA9w-sNbuU656eqesc0PpmYX,5
e6a8bd349c137cfc09be3883167680e905014d4bc5964865c1665e6f379b0ec0,e6a8bd349c137cfc09be3883167680e905014d4bc5964865c1665e6f379b0ec0,UNCHANGED_RETAINED,AUTOMATED_FULL_CORPUS_AUDIT,AUTO_QUALITY_PASS,1W9zVSEb6VA9w-sNbuU656eqesc0PpmYX,5
dc5184f203f7681a2b16796c74d283d249f50c9ebf3e0139fdf89cd5aacc0fa9,dc5184f203f7681a2b16796c74d283d249f50c9ebf3e0139fdf89cd5aacc0fa9,UNCHANGED_RETAINED,AUTOMATED_FULL_CORPUS_AUDIT,AUTO_QUALITY_PASS,1W9zVSEb6VA9w-sNbuU656eqesc0PpmYX,6
6d8de06da2b56ec5b36a893564efe9d5ae5cc6d1a07ef49e55229216673fad5a,6d8de06da2b56ec5b36a893564efe9d5ae5cc6d1a07ef49e55229216673fad5a,UNCHANGED_RETAINED,AUTOMATED_FULL_CORPUS_AUDIT,AUTO_QUALITY_PASS,1W9zVSEb6VA9w-sNbuU656eqesc0PpmYX,6
36850b71a38b7807988fe57e514105b3fd5eb282685a0e44d7b0359fcfbaed04,36850b71a38b7807988fe57e514105b3fd5eb282685a0e44d7b0359fcfbaed04,UNCHANGED_RETAINED,AUTOMATED_FULL_CORPUS_AUDIT,AUTO_QUALITY_PASS,1W9zVSEb6VA9w-sNbuU656eqesc0PpmYX,6
80948fd66b6be73986ac59977257f5e22f254bc5abc4f342afce91bb24c93693,80948fd66b6be73986ac59977257f5e22f254bc5abc4f342afce91bb24c93693,UNCHANGED_RETAINED,AUTOMATED_FULL_CORPUS_AUDIT,AUTO_QUALITY_PASS,1W9zVSEb6VA9w-sNbuU656eqesc0PpmYX,6
6904866d89c05b77e6cde5029d0f1c02842c701e105fa35cf898fe742d32d15d,6904866d89c05b77e6cde5029d0f1c02842c701e105fa35cf898fe742d32d15d,UNCHANGED_RETAINED,AUTOMATED_FULL_CORPUS_AUDIT,AUTO_QUALITY_PASS,1W9zVSEb6VA9w-sNbuU656eqesc0PpmYX,6
c3a02063c7f3240aa144ebb44949ef8d85c0ea15cbc10600f13033710e94acb1,c3a02063c7f3240aa144ebb44949ef8d85c0ea15cbc10600f13033710e94acb1,UNCHANGED_RETAINED,AUTOMATED_FULL_CORPUS_AUDIT,AUTO_QUALITY_PASS,1W9zVSEb6VA9w-sNbuU656eqesc0PpmYX,7
bc8599220c33fc3d920bf42642777b09305d235c1d9e96d6e118f4210ddbaf6e,bc8599220c33fc3d920bf42642777b09305d235c1d9e96d6e118f4210ddbaf6e,UNCHANGED_RETAINED,AUTOMATED_FULL_CORPUS_AUDIT,AUTO_QUALITY_PASS,1W9zVSEb6VA9w-sNbuU656eqesc0PpmYX,7
dacdfdaf284d4190cf8bc86f7c871ca784ef6fdd0770d7aea12d6e137e8172f9,dacdfdaf284d4190cf8bc86f7c871ca784ef6fdd0770d7aea12d6e137e8172f9,UNCHANGED_RETAINED,AUTOMATED_FULL_CORPUS_AUDIT,AUTO_QUALITY_PASS,1W9zVSEb6VA9w-sNbuU656eqesc0PpmYX,7
73cbe17a1b3f52df9ad2a38c1419f79e4cbab4947e4633e5e130cdb5c92e7bbf,73cbe17a1b3f52df9ad2a38c1419f79e4cbab4947e4633e5e130cdb5c92e7bbf,UNCHANGED_RETAINED,AUTOMATED_FULL_CORPUS_AUDIT,AUTO_QUALITY_PASS,1W9zVSEb6VA9w-sNbuU656eqesc0PpmYX,7
daf78a57d7877fc72a7f0158f8f2c3aa941743c23759848bc05aacccad6e0ad6,daf78a57d7877fc72a7f0158f8f2c3aa941743c23759848bc05aacccad6e0ad6,UNCHANGED_RETAINED,AUTOMATED_FULL_CORPUS_AUDIT,AUTO_QUALITY_PASS,1W9zVSEb6VA9w-sNbuU656eqesc0PpmYX,7
0f6c87e2cbac5ceff2b1fbcf82741df91861a7e76709bfa39b71579a634a9196,0f6c87e2cbac5ceff2b1fbcf82741df91861a7e76709bfa39b71579a634a9196,UNCHANGED_RETAINED,AUTOMATED_FULL_CORPUS_AUDIT,AUTO_QUALITY_PASS,1W9zVSEb6VA9w-sNbuU656eqesc0PpmYX,7
b1d8a633121ae4eb07dea7fe1dc7b116968f375eb782810f83cd489bf73f2340,b1d8a633121ae4eb07dea7fe1dc7b116968f375eb782810f83cd489bf73f2340,UNCHANGED_RETAINED,AUTOMATED_FULL_CORPUS_AUDIT,AUTO_QUALITY_PASS,1W9zVSEb6VA9w-sNbuU656eqesc0PpmYX,8
ca89b1d1ba166f2c47ecd4ce67477e06614ccfd7bc2a07afa8c1b24dfa21f353,ca89b1d1ba166f2c47ecd4ce67477e06614ccfd7bc2a07afa8c1b24dfa21f353,UNCHANGED_RETAINED,AUTOMATED_FULL_CORPUS_AUDIT,AUTO_QUALITY_PASS,1W9zVSEb6VA9w-sNbuU656eqesc0PpmYX,8
11e7ce5e22f3036f27a5fb8729c6990d7eefec53fe36bff6fd4a8e62a939ece3,11e7ce5e22f3036f27a5fb8729c6990d7eefec53fe36bff6fd4a8e62a939ece3,UNCHANGED_RETAINED,AUTOMATED_FULL_CORPUS_AUDIT,AUTO_QUALITY_PASS,1W9zVSEb6VA9w-sNbuU656eqesc0PpmYX,8
12d345f7c200f641bcc201ac841a870cecced06fca81a910b50561dc858eb73d,12d345f7c200f641bcc201ac841a870cecced06fca81a910b50561dc858eb73d,UNCHANGED_RETAINED,AUTOMATED_FULL_CORPUS_AUDIT,AUTO_QUALITY_PASS,1W9zVSEb6VA9w-sNbuU656eqesc0PpmYX,8
f60a23b1521f6e714df8a0e7d3afc337dfe2ebf7b5e69aeb1d21254d1471910e,f60a23b1521f6e714df8a0e7d3afc337dfe2ebf7b5e69aeb1d21254d1471910e,UNCHANGED_RETAINED,AUTOMATED_FULL_CORPUS_AUDIT,AUTO_QUALITY_PASS,1W9zVSEb6VA9w-sNbuU656eqesc0PpmYX,8
bbe1a7ac36c003e2076f3a7f68e4c3fc961ba650eea7e1f744a6e480909fbc80,bbe1a7ac36c003e2076f3a7f68e4c3fc961ba650eea7e1f744a6e480909fbc80,UNCHANGED_RETAINED,AUTOMATED_FULL_CORPUS_AUDIT,AUTO_QUALITY_PASS,1W9zVSEb6VA9w-sNbuU656eqesc0PpmYX,8
6f57e99deca51ee3cb953afa58aeed3d4207a1a2c3a139bbfb979d7f6590a8bc,6f57e99deca51ee3cb953afa58aeed3d4207a1a2c3a139bbfb979d7f6590a8bc,UNCHANGED_RETAINED,AUTOMATED_FULL_CORPUS_AUDIT,AUTO_QUALITY_PASS,1W9zVSEb6VA9w-sNbuU656eqesc0PpmYX,9
255ee6baa97f651c0eceea25e3431719b94d6889c39b8b2fb46cbb9b2c1336ab,255ee6baa97f651c0eceea25e3431719b94d6889c39b8b2fb46cbb9b2c1336ab,UNCHANGED_RETAINED,AUTOMATED_FULL_CORPUS_AUDIT,AUTO_QUALITY_PASS,1W9zVSEb6VA9w-sNbuU656eqesc0PpmYX,9
ca90b26cb63f62085e7f18a2ab829602345fa81a2f8b5472d530a83dda093e2f,ca90b26cb63f62085e7f18a2ab829602345fa81a2f8b5472d530a83dda093e2f,UNCHANGED_RETAINED,AUTOMATED_FULL_CORPUS_AUDIT,AUTO_QUALITY_PASS,1W9zVSEb6VA9w-sNbuU656eqesc0PpmYX,9
b7708f71737bdf09e9eed44c4fd53ce3f20806cdc63d4cbdde18bc2f37864363,b7708f71737bdf09e9eed44c4fd53ce3f20806cdc63d4cbdde18bc2f37864363,UNCHANGED_RETAINED,AUTOMATED_FULL_CORPUS_AUDIT,AUTO_QUALITY_PASS,1W9zVSEb6VA9w-sNbuU656eqesc0PpmYX,9
35f52a24172fac1afe3a5d7b8e7b4d1bca6ae82a5f1020eab9f417bef7821eba,35f52a24172fac1afe3a5d7b8e7b4d1bca6ae82a5f1020eab9f417bef7821eba,UNCHANGED_RETAINED,AUTOMATED_FULL_CORPUS_AUDIT,AUTO_QUALITY_PASS,1W9zVSEb6VA9w-sNbuU656eqesc0PpmYX,9
bdd7b37235ff6a551e988d73daabedea0b06b6b8fd8203e12ff5e5dc04250774,bdd7b37235ff6a551e988d73daabedea0b06b6b8fd8203e12ff5e5dc04250774,UNCHANGED_RETAINED,AUTOMATED_FULL_CORPUS_AUDIT,AUTO_QUALITY_PASS,1W9zVSEb6VA9w-sNbuU656eqesc0PpmYX,10
cd36e9f909c1adee761c768b5f6a4b5700fcbe2f387981ee0e1dcbd11871d065,6a96dc792576a1dfac95fb0bebe41bca9ed774c52f73c9a910e311e20e43168e;28781054cb31a12546a0e5ae2bf3450c9a3790f95facd9570e3a2830bba81980;d4383c788252cad380f4987f4088b706e809d0bb2569b0ea223808692f0e51c4;2a417febe9863ab42a66090f74431c3d023e9743e8aaa7528b57033b0e4c1d0e,REPLACED,TARGETED_PAGE_REPAIR,REPLACED_BY_REPAIRED_PAGE,1W9zVSEb6VA9w-sNbuU656eqesc0PpmYX,12
1aabecccabaa818ba6def458759549123655e2a151776b57b717ac08efb1ff7a,1aabecccabaa818ba6def458759549123655e2a151776b57b717ac08efb1ff7a,UNCHANGED_RETAINED,AUTOMATED_FULL_CORPUS_AUDIT,AUTO_QUALITY_PASS,1W9zVSEb6VA9w-sNbuU656eqesc0PpmYX,13
bb8f64143f6a1c92a0f84e71cf0e9cbf9aef7fa60a3fe73dd36e4d49d2398f0c,bb8f64143f6a1c92a0f84e71cf0e9cbf9aef7fa60a3fe73dd36e4d49d2398f0c,UNCHANGED_RETAINED,AUTOMATED_FULL_CORPUS_AUDIT,AUTO_QUALITY_PASS,1W9zVSEb6VA9w-sNbuU656eqesc0PpmYX,14
85c5705317129177b6db88c1a2d202588165fd212b50a997a52ab3b071b6c4e4,85c5705317129177b6db88c1a2d202588165fd212b50a997a52ab3b071b6c4e4,UNCHANGED_RETAINED,AUTOMATED_FULL_CORPUS_AUDIT,AUTO_QUALITY_PASS,1W9zVSEb6VA9w-sNbuU656eqesc0PpmYX,14
c2b62567952df1878d8d9b09cef5294659691316fe9eea6d3968560dde515e76,c2b62567952df1878d8d9b09cef5294659691316fe9eea6d3968560dde515e76,UNCHANGED_RETAINED,AUTOMATED_FULL_CORPUS_AUDIT,AUTO_QUALITY_PASS,1W9zVSEb6VA9w-sNbuU656eqesc0PpmYX,14
a0bdcc46ce822aa2d0f52d9f31bc9b9f49f95c1a3c8bf64758f2f32a3aed6080,,HUMAN_CONFIRMATION_QUARANTINE,HUMAN_REVIEW_FINAL,HUMAN_CONFIRMATION_REQUIRED,1W9zVSEb6VA9w-sNbuU656eqesc0PpmYX,14
23bc26422ea9dc9628a05974c1933baa86dca67cc3a68e7fa08a753f04ae79d4,23bc26422ea9dc9628a05974c1933baa86dca67cc3a68e7fa08a753f04ae79d4,UNCHANGED_RETAINED,HUMAN_REVIEW_FINAL,KEEP_RETRIEVAL_AND_DISPLAY,1WTHnN-zL9mt0qxQm8Z0y2TFaR2ZF8t-I,1
a41ebf983e6f4ffdd93c350c9810acb441729a14077dee7cfd3dc19b6e7194ee,a41ebf983e6f4ffdd93c350c9810acb441729a14077dee7cfd3dc19b6e7194ee,UNCHANGED_RETAINED,AUTOMATED_FULL_CORPUS_AUDIT,AUTO_QUALITY_PASS,1WZUi7XkGhLS3MHCMGIGRVzr_5-S4I2n6,1
24279f729455162c0750dc3415caa91e7461df6ea0115bf81a8b0438cdcc1f58,24279f729455162c0750dc3415caa91e7461df6ea0115bf81a8b0438cdcc1f58,UNCHANGED_RETAINED,AUTOMATED_FULL_CORPUS_AUDIT,AUTO_QUALITY_PASS,1WZUi7XkGhLS3MHCMGIGRVzr_5-S4I2n6,1
1e121d4aea84417cc0e906e970a30052a6bf8d906c72c654ae363f5d90a0ce94,1e121d4aea84417cc0e906e970a30052a6bf8d906c72c654ae363f5d90a0ce94,UNCHANGED_RETAINED,AUTOMATED_FULL_CORPUS_AUDIT,AUTO_QUALITY_PASS,1WnsMQlpUN9NiUM6PeWG_ofpPCi1vjkYe,1
c7c3b246ce59aa534ced39c3362da9bd9a6bad6ba80372a8501e8c41b423077f,c7c3b246ce59aa534ced39c3362da9bd9a6bad6ba80372a8501e8c41b423077f,UNCHANGED_RETAINED,AUTOMATED_FULL_CORPUS_AUDIT,AUTO_QUALITY_PASS,1WnsMQlpUN9NiUM6PeWG_ofpPCi1vjkYe,1
9345c3be837fcbf845c4b201eff48e4ed6637c80563ba51736dd4cd864d554cd,9345c3be837fcbf845c4b201eff48e4ed6637c80563ba51736dd4cd864d554cd,UNCHANGED_RETAINED,AUTOMATED_FULL_CORPUS_AUDIT,AUTO_QUALITY_PASS,1Xdpgr2VTsOTLw4W7P2uNID4SJnrOwDvc,1
74989428e2fc5456bc7abb88b96607ccc22358a4055ceb82ce90fdd050e4e589,74989428e2fc5456bc7abb88b96607ccc22358a4055ceb82ce90fdd050e4e589,UNCHANGED_RETAINED,AUTOMATED_FULL_CORPUS_AUDIT,AUTO_QUALITY_PASS,1Xdpgr2VTsOTLw4W7P2uNID4SJnrOwDvc,1
46d40ac1ebfbbcb17e1e911c072de161f9760c480be944622af38691423e72b2,46d40ac1ebfbbcb17e1e911c072de161f9760c480be944622af38691423e72b2,UNCHANGED_RETAINED,AUTOMATED_FULL_CORPUS_AUDIT,AUTO_QUALITY_PASS,1Xdpgr2VTsOTLw4W7P2uNID4SJnrOwDvc,1
a55d8dbb2b1ba55e3e976fa9ca81f6d022838f8e1a32876d2b4cd7a271e6d8e6,98a30e4ffca511eac37303284aa1c39f66efbc6c2e5055c42126297e9ec45299;2a7c207b6ea7402b2cbd8776078b4da66b6120ae47995c020c3caac0e877dba8;a9157dcbd021a044cc11e5762168877bce99700292b8b24a17d1bcf09b9fbbba,REPLACED,TARGETED_PAGE_REPAIR,REPLACED_BY_REPAIRED_PAGE,1Xdpgr2VTsOTLw4W7P2uNID4SJnrOwDvc,2
af15968af529f0c128d9386c18a370c2a459d95d977a6885683e8a5c80d58f01,98a30e4ffca511eac37303284aa1c39f66efbc6c2e5055c42126297e9ec45299;2a7c207b6ea7402b2cbd8776078b4da66b6120ae47995c020c3caac0e877dba8;a9157dcbd021a044cc11e5762168877bce99700292b8b24a17d1bcf09b9fbbba,REPLACED,TARGETED_PAGE_REPAIR,REPLACED_BY_REPAIRED_PAGE,1Xdpgr2VTsOTLw4W7P2uNID4SJnrOwDvc,2
4ca5c6ced9c1e7392733151b37451dff867c38ea370ad5fbf716fa94e8b58b08,98a30e4ffca511eac37303284aa1c39f66efbc6c2e5055c42126297e9ec45299;2a7c207b6ea7402b2cbd8776078b4da66b6120ae47995c020c3caac0e877dba8;a9157dcbd021a044cc11e5762168877bce99700292b8b24a17d1bcf09b9fbbba,REPLACED,TARGETED_PAGE_REPAIR,REPLACED_BY_REPAIRED_PAGE,1Xdpgr2VTsOTLw4W7P2uNID4SJnrOwDvc,2
e509fe87dfef3ed541340e567b0ed72a3a25eda353e7310640c00eff7dd3f678,e509fe87dfef3ed541340e567b0ed72a3a25eda353e7310640c00eff7dd3f678,UNCHANGED_RETAINED,AUTOMATED_FULL_CORPUS_AUDIT,AUTO_QUALITY_PASS,1Y00_IZEFBzWh2VtPl6ROFtEawHVXyJB-,1
0435851d46609c46915139d497338be232fb40e16289ab346583d7e09b3da25b,0435851d46609c46915139d497338be232fb40e16289ab346583d7e09b3da25b,UNCHANGED_RETAINED,AUTOMATED_FULL_CORPUS_AUDIT,AUTO_QUALITY_PASS,1Y00_IZEFBzWh2VtPl6ROFtEawHVXyJB-,1
57d2e66258ced2906cfd67f86a8bfea41f8f2adda6c04c7e3a7ea9abb1ef8cab,57d2e66258ced2906cfd67f86a8bfea41f8f2adda6c04c7e3a7ea9abb1ef8cab,UNCHANGED_RETAINED,AUTOMATED_FULL_CORPUS_AUDIT,AUTO_QUALITY_PASS,1Y00_IZEFBzWh2VtPl6ROFtEawHVXyJB-,2
39588b8a4f12054d2dd8906d3df92ddc140f63b58707012539312d5592804c58,,HUMAN_CONFIRMATION_QUARANTINE,HUMAN_REVIEW_FINAL,HUMAN_CONFIRMATION_REQUIRED,1Y00_IZEFBzWh2VtPl6ROFtEawHVXyJB-,3
200f737a3ce35a71c4b2f33a15d1de7e1bf209bbe12a06f7229e2d823b56a2c0,0074d54302be6ee75a9bb9d96cc0526f8279f42d34dacbd0e46b45c5b3bedbdb,REPLACED,TARGETED_PAGE_REPAIR,REPLACED_BY_REPAIRED_PAGE,1Y00_IZEFBzWh2VtPl6ROFtEawHVXyJB-,4
cdc1023da1e5cbc901a954237fb1771ab8166b10af3f36d737118c9cd54b9d56,cdc1023da1e5cbc901a954237fb1771ab8166b10af3f36d737118c9cd54b9d56,UNCHANGED_RETAINED,AUTOMATED_FULL_CORPUS_AUDIT,AUTO_QUALITY_PASS,1Y00_IZEFBzWh2VtPl6ROFtEawHVXyJB-,5
48d8194186f19f9b80918043e9651ab662cd1ec4167b63a83026809140035177,48d8194186f19f9b80918043e9651ab662cd1ec4167b63a83026809140035177,UNCHANGED_RETAINED,AUTOMATED_FULL_CORPUS_AUDIT,AUTO_QUALITY_PASS,1Y00_IZEFBzWh2VtPl6ROFtEawHVXyJB-,5
b9194640aab3008ffb46ecfda0660b88356b7741538163eb547734552d22a040,b9194640aab3008ffb46ecfda0660b88356b7741538163eb547734552d22a040,UNCHANGED_RETAINED,AUTOMATED_FULL_CORPUS_AUDIT,AUTO_QUALITY_PASS,1Y00_IZEFBzWh2VtPl6ROFtEawHVXyJB-,6
2bfa227ad9a4e3626419582f690c4d5f04ed67b74b860ed1e7a86c35f5be6a4d,,HUMAN_CONFIRMATION_QUARANTINE,HUMAN_REVIEW_FINAL,HUMAN_CONFIRMATION_REQUIRED,1Y00_IZEFBzWh2VtPl6ROFtEawHVXyJB-,6
0aac4aa542699c35e849678e232202fc8641d8f068476028136afb246cc7cf92,,HUMAN_CONFIRMATION_QUARANTINE,HUMAN_REVIEW_FINAL,HUMAN_CONFIRMATION_REQUIRED,1Y00_IZEFBzWh2VtPl6ROFtEawHVXyJB-,7
1762ddb169d7897b4fe06442b064363e5316b6e24308b266757bb3858fc5ea1b,1762ddb169d7897b4fe06442b064363e5316b6e24308b266757bb3858fc5ea1b,UNCHANGED_RETAINED,HUMAN_REVIEW_FINAL,KEEP_RETRIEVAL_AND_DISPLAY,1Y00_IZEFBzWh2VtPl6ROFtEawHVXyJB-,8
3c24f226f2eca9b518857c16cfcd71d7d442e707caa13782e9ece844d4f4f92b,,HUMAN_CONFIRMATION_QUARANTINE,HUMAN_REVIEW_FINAL,HUMAN_CONFIRMATION_REQUIRED,1Y00_IZEFBzWh2VtPl6ROFtEawHVXyJB-,8
05ccbf9944779c4b5f50b475254f3eb79be921fa5f670fc1a8bbe2027e02f7c0,05ccbf9944779c4b5f50b475254f3eb79be921fa5f670fc1a8bbe2027e02f7c0,UNCHANGED_RETAINED,AUTOMATED_FULL_CORPUS_AUDIT,AUTO_QUALITY_PASS,1Y00_IZEFBzWh2VtPl6ROFtEawHVXyJB-,9
642bc647df6132d9128644151c4edca6419ffeec38331d2547ac16b4f06098e6,642bc647df6132d9128644151c4edca6419ffeec38331d2547ac16b4f06098e6,UNCHANGED_RETAINED,AUTOMATED_FULL_CORPUS_AUDIT,AUTO_QUALITY_PASS,1Y00_IZEFBzWh2VtPl6ROFtEawHVXyJB-,9
7733af65ce2f220e5ceb36225c47871ec8ccccab6261e3bb93766f1a5a3bb9c9,7733af65ce2f220e5ceb36225c47871ec8ccccab6261e3bb93766f1a5a3bb9c9,UNCHANGED_RETAINED,AUTOMATED_FULL_CORPUS_AUDIT,AUTO_QUALITY_PASS,1Y00_IZEFBzWh2VtPl6ROFtEawHVXyJB-,10
9cb1ca4a3325728b1c33ea2fee41ba4edbbec98b1c3ca747f2073eb7e47d494e,9cb1ca4a3325728b1c33ea2fee41ba4edbbec98b1c3ca747f2073eb7e47d494e,UNCHANGED_RETAINED,AUTOMATED_FULL_CORPUS_AUDIT,AUTO_QUALITY_PASS,1Y00_IZEFBzWh2VtPl6ROFtEawHVXyJB-,10
ecd0243f44c959ff5e4df7c483598089a67f635616897bf295cbc3cb82201549,ecd0243f44c959ff5e4df7c483598089a67f635616897bf295cbc3cb82201549,UNCHANGED_RETAINED,AUTOMATED_FULL_CORPUS_AUDIT,AUTO_QUALITY_PASS,1Y00_IZEFBzWh2VtPl6ROFtEawHVXyJB-,11
770a8c7345c776bc09ad3cca7778409e86e05b74c7ce36f19225f85c445ec65c,770a8c7345c776bc09ad3cca7778409e86e05b74c7ce36f19225f85c445ec65c,UNCHANGED_RETAINED,AUTOMATED_FULL_CORPUS_AUDIT,AUTO_QUALITY_PASS,1Y00_IZEFBzWh2VtPl6ROFtEawHVXyJB-,11
7b8e7c85f2e6a2502c35801cb9a2d7cabb4162bc081129ff9f864fe9b68d7bfb,7b8e7c85f2e6a2502c35801cb9a2d7cabb4162bc081129ff9f864fe9b68d7bfb,UNCHANGED_RETAINED,AUTOMATED_FULL_CORPUS_AUDIT,AUTO_QUALITY_PASS,1Y00_IZEFBzWh2VtPl6ROFtEawHVXyJB-,11
6001d07be893775541a994fe0c345a2d678b4229e11caac8971f4376e2c4e6dd,6001d07be893775541a994fe0c345a2d678b4229e11caac8971f4376e2c4e6dd,UNCHANGED_RETAINED,AUTOMATED_FULL_CORPUS_AUDIT,AUTO_QUALITY_PASS,1Y00_IZEFBzWh2VtPl6ROFtEawHVXyJB-,12
45766b006d41825d99f3a41d7ac74bb9ffea4d93f362c3422b2230afb3c1b6ab,45766b006d41825d99f3a41d7ac74bb9ffea4d93f362c3422b2230afb3c1b6ab,UNCHANGED_RETAINED,AUTOMATED_FULL_CORPUS_AUDIT,AUTO_QUALITY_PASS,1Y00_IZEFBzWh2VtPl6ROFtEawHVXyJB-,13
f3df381a977d20870b85cecf931356e63cc5ac23b0acfb2469f95a8214d50f75,f3df381a977d20870b85cecf931356e63cc5ac23b0acfb2469f95a8214d50f75,UNCHANGED_RETAINED,AUTOMATED_FULL_CORPUS_AUDIT,AUTO_QUALITY_PASS,1Y00_IZEFBzWh2VtPl6ROFtEawHVXyJB-,13
2ebce0c36d53ed46ec23b33ece1b7998946faa3004fc7bf8360009de365a7922,de0c91bc734187b9e487d046f440f905f1ec851424f17f62f29e1ad534191786,REPLACED,TARGETED_PAGE_REPAIR,REPLACED_BY_REPAIRED_PAGE,1Y00_IZEFBzWh2VtPl6ROFtEawHVXyJB-,14
a7dcdf562d40a8a84acd24a1332c26cf2f7cd6cb0a5757fe0b251b6d4073413c,de0c91bc734187b9e487d046f440f905f1ec851424f17f62f29e1ad534191786,REPLACED,TARGETED_PAGE_REPAIR,REPLACED_BY_REPAIRED_PAGE,1Y00_IZEFBzWh2VtPl6ROFtEawHVXyJB-,14
41e06b7c3f2357796f96fdab72fa326b086a998639fed659ae73a04cd7c87156,,HUMAN_CONFIRMATION_QUARANTINE,HUMAN_REVIEW_FINAL,HUMAN_CONFIRMATION_REQUIRED,1Y00_IZEFBzWh2VtPl6ROFtEawHVXyJB-,15
6136cd322828c16a6e2dfc5e7893845613f7e2a5749e93c33c8df096898fd094,6136cd322828c16a6e2dfc5e7893845613f7e2a5749e93c33c8df096898fd094,UNCHANGED_RETAINED,HUMAN_REVIEW_FINAL,KEEP_RETRIEVAL_AND_DISPLAY,1Y00_IZEFBzWh2VtPl6ROFtEawHVXyJB-,16
74e250e8591eebc47893f5a5c8fbe8d560d4ae2e7dc9e8fd40e7e9aa5fbbb9f0,74e250e8591eebc47893f5a5c8fbe8d560d4ae2e7dc9e8fd40e7e9aa5fbbb9f0,UNCHANGED_RETAINED,AUTOMATED_FULL_CORPUS_AUDIT,AUTO_QUALITY_PASS,1Y00_IZEFBzWh2VtPl6ROFtEawHVXyJB-,16
5b5297d73c889b146c0252131f74032ec1d9d69a17818a03ccc4d117b1a3c619,5b5297d73c889b146c0252131f74032ec1d9d69a17818a03ccc4d117b1a3c619,UNCHANGED_RETAINED,AUTOMATED_FULL_CORPUS_AUDIT,AUTO_QUALITY_PASS,1Y00_IZEFBzWh2VtPl6ROFtEawHVXyJB-,16
9ebeea0c8331ca913b2e291faceaa67a6a66d707b7e6c4a31acd9c56a25dcca3,9ebeea0c8331ca913b2e291faceaa67a6a66d707b7e6c4a31acd9c56a25dcca3,UNCHANGED_RETAINED,AUTOMATED_FULL_CORPUS_AUDIT,AUTO_QUALITY_PASS,1Y00_IZEFBzWh2VtPl6ROFtEawHVXyJB-,16
d226e15bf6d235713faae18a80922a1dfea811945a2ca00ea95124cecfa347d2,d226e15bf6d235713faae18a80922a1dfea811945a2ca00ea95124cecfa347d2,UNCHANGED_RETAINED,HUMAN_REVIEW_FINAL,KEEP_RETRIEVAL_AND_DISPLAY,1Y00_IZEFBzWh2VtPl6ROFtEawHVXyJB-,17
bff125dc6584e1de1e0a0ec2f0e09b22bc5fdaa6a09a8933546820d3ad109dd7,bff125dc6584e1de1e0a0ec2f0e09b22bc5fdaa6a09a8933546820d3ad109dd7,UNCHANGED_RETAINED,AUTOMATED_FULL_CORPUS_AUDIT,AUTO_QUALITY_PASS,1Y00_IZEFBzWh2VtPl6ROFtEawHVXyJB-,17
e65f1bd7b56dc1dea24b975d318b2a73ee6053643872c65eba1bb414e0123c8c,e65f1bd7b56dc1dea24b975d318b2a73ee6053643872c65eba1bb414e0123c8c,UNCHANGED_RETAINED,AUTOMATED_FULL_CORPUS_AUDIT,AUTO_QUALITY_PASS,1Y00_IZEFBzWh2VtPl6ROFtEawHVXyJB-,17
0437b4c980e71e8b8bbcdd286cc0bfc23c73c991d143125a500cf4150388cb1b,0437b4c980e71e8b8bbcdd286cc0bfc23c73c991d143125a500cf4150388cb1b,UNCHANGED_RETAINED,HUMAN_REVIEW_FINAL,KEEP_RETRIEVAL_AND_DISPLAY,1Y00_IZEFBzWh2VtPl6ROFtEawHVXyJB-,18
8b598c6ac60e625f4755a76f183106f4c70bbd58038412ee7b1c8e45403e3333,8b598c6ac60e625f4755a76f183106f4c70bbd58038412ee7b1c8e45403e3333,UNCHANGED_RETAINED,AUTOMATED_FULL_CORPUS_AUDIT,AUTO_QUALITY_PASS,1Y00_IZEFBzWh2VtPl6ROFtEawHVXyJB-,18
863ad895dfff0b76c2c31f706c41b2b5b0c97a92f5fac07dfd0ff066b8e59fdb,863ad895dfff0b76c2c31f706c41b2b5b0c97a92f5fac07dfd0ff066b8e59fdb,UNCHANGED_RETAINED,AUTOMATED_FULL_CORPUS_AUDIT,AUTO_QUALITY_PASS,1Y00_IZEFBzWh2VtPl6ROFtEawHVXyJB-,18
5c67c1b6ba886f2880bcd3cf43058d9a8e6ae8ef569414ced49f91ded82e14c3,5c67c1b6ba886f2880bcd3cf43058d9a8e6ae8ef569414ced49f91ded82e14c3,UNCHANGED_RETAINED,AUTOMATED_FULL_CORPUS_AUDIT,AUTO_QUALITY_PASS,1Y00_IZEFBzWh2VtPl6ROFtEawHVXyJB-,18
735a8756757036b936517f136afdb3eabc9e8a97d147ed2a5033ea51559e4e74,735a8756757036b936517f136afdb3eabc9e8a97d147ed2a5033ea51559e4e74,UNCHANGED_RETAINED,HUMAN_REVIEW_FINAL,KEEP_RETRIEVAL_AND_DISPLAY,1Y00_IZEFBzWh2VtPl6ROFtEawHVXyJB-,19
a09efe56261f17fb7a70e2205d48f6cf2432cda0d7c6a67c32d77377d7519f97,a09efe56261f17fb7a70e2205d48f6cf2432cda0d7c6a67c32d77377d7519f97,UNCHANGED_RETAINED,AUTOMATED_FULL_CORPUS_AUDIT,AUTO_QUALITY_PASS,1Y00_IZEFBzWh2VtPl6ROFtEawHVXyJB-,19
216f0fce79ed6d62b4498c7ef399656e6820c883de2bab488518669fe8d5adfd,216f0fce79ed6d62b4498c7ef399656e6820c883de2bab488518669fe8d5adfd,UNCHANGED_RETAINED,AUTOMATED_FULL_CORPUS_AUDIT,AUTO_QUALITY_PASS,1Y00_IZEFBzWh2VtPl6ROFtEawHVXyJB-,19
0458e5c30e8b24d3b012a25d0747ea0b1a1d59a0fcb0cbd9136cb10f763a0f6c,0458e5c30e8b24d3b012a25d0747ea0b1a1d59a0fcb0cbd9136cb10f763a0f6c,UNCHANGED_RETAINED,AUTOMATED_FULL_CORPUS_AUDIT,AUTO_QUALITY_PASS,1Y00_IZEFBzWh2VtPl6ROFtEawHVXyJB-,19
9c493a38f95ed2a01dd4859e809ad342f01aa33e84f17bd2b754b4ad8d9a143f,9c493a38f95ed2a01dd4859e809ad342f01aa33e84f17bd2b754b4ad8d9a143f,RETRIEVAL_ONLY,HUMAN_REVIEW_FINAL,KEEP_RETRIEVAL_ONLY,1Y00_IZEFBzWh2VtPl6ROFtEawHVXyJB-,20
e308fcfed1bbcefbe1acca5865dae1f337f36084c15cd91f3714328e2ce3ab7d,e308fcfed1bbcefbe1acca5865dae1f337f36084c15cd91f3714328e2ce3ab7d,UNCHANGED_RETAINED,AUTOMATED_FULL_CORPUS_AUDIT,AUTO_QUALITY_PASS,1Y00_IZEFBzWh2VtPl6ROFtEawHVXyJB-,20
43da7593372134d687225046123a0c3c1b687588bfe45a4bbba5e69b09c90e91,43da7593372134d687225046123a0c3c1b687588bfe45a4bbba5e69b09c90e91,UNCHANGED_RETAINED,AUTOMATED_FULL_CORPUS_AUDIT,AUTO_QUALITY_PASS,1Y00_IZEFBzWh2VtPl6ROFtEawHVXyJB-,20
b870f0c22f325e4241667288ed01bcaabf8c8fd9a32c927f303c4c593a4630b5,b870f0c22f325e4241667288ed01bcaabf8c8fd9a32c927f303c4c593a4630b5,UNCHANGED_RETAINED,AUTOMATED_FULL_CORPUS_AUDIT,AUTO_QUALITY_PASS,1Y00_IZEFBzWh2VtPl6ROFtEawHVXyJB-,20
3f5c00cc188a0209411b2d9b79c64713f87250553eff93d1b06d45854b449f6e,3f5c00cc188a0209411b2d9b79c64713f87250553eff93d1b06d45854b449f6e,RETRIEVAL_ONLY,HUMAN_REVIEW_FINAL,KEEP_RETRIEVAL_ONLY,1Y00_IZEFBzWh2VtPl6ROFtEawHVXyJB-,21
038a51b49d5e54f28cb35f57289bc54607298e5cab80037983a551eeccafcf72,038a51b49d5e54f28cb35f57289bc54607298e5cab80037983a551eeccafcf72,UNCHANGED_RETAINED,AUTOMATED_FULL_CORPUS_AUDIT,AUTO_QUALITY_PASS,1Y00_IZEFBzWh2VtPl6ROFtEawHVXyJB-,21
981a513d38dc7f36ce8a8dfa792d9d64528316f14a79195b159ba080bc567cc3,981a513d38dc7f36ce8a8dfa792d9d64528316f14a79195b159ba080bc567cc3,UNCHANGED_RETAINED,AUTOMATED_FULL_CORPUS_AUDIT,AUTO_QUALITY_PASS,1Y00_IZEFBzWh2VtPl6ROFtEawHVXyJB-,21
ebb1ae189913a6cd1ee4cd9584804c7c2aec352f054ad397107a07a7bc7d1330,ebb1ae189913a6cd1ee4cd9584804c7c2aec352f054ad397107a07a7bc7d1330,RETRIEVAL_ONLY,HUMAN_REVIEW_FINAL,KEEP_RETRIEVAL_ONLY,1Y00_IZEFBzWh2VtPl6ROFtEawHVXyJB-,22
aa7f1ef12b68648fdca82ab9305d96958dd4ad043fbdc53a83512772145cfcfa,3b33e0786c21609196bb119863249adb2cec8ae4d97f8924805453bfaf08a8b4;916ec179d9da235e006c49e4f3b6f1cb33e5a53f4183faf0a545307900df0045;c1bb26b2ad7f5dfbcd676460f651d4a9291241e4ff18591c1f1d06c7a89aa540;a5942afad846c98d11aaf703fb13750af224a5d8160a6a7c25c1bba78b8c4513;ed71e91eba183590aefeb44f420344f95174d2ba42679aaa640c066a44bd5043;b8d4c47c3b71b2d6385a546668bb15df283ab700b566bb9ceb37ed8e8bbb4f27;f78ef928bbebe03c1e06d5accfdf7ab563bfb4132fbf5c1d9e3cc721900fc65a;5c962bd03756c7e44ec477fc9047e15271edf127fba0fa7dde245e64608c4724;4f9c4605d2e49b5445444005eb08b686bbd48936ab2885d61347ffa736274636;6b32337ae819592dba6ec1458aec14c17f3a8b23e8a73ae5d1b8ed2abaea5a6c;132aa1a2344d87c92d12c4a1c1b44cfec61a3f861bba7dcaffe3dbc2f2a8c65c;2a4f682f7ec7782e74ac8fc2131a1611ef7a84599273b3c5005be27e6d4a3701;40fd3b47915d725e34185801ea8b585baeb9c6e9daa885dbd8f34f945f0ded82;7d6d845192ba6284cb5be271c920bc1c8d0c56c61eb5210e7fe8d070131f8c9e,REPLACED,TARGETED_PAGE_REPAIR,REPLACED_BY_REPAIRED_PAGE,1Y00_IZEFBzWh2VtPl6ROFtEawHVXyJB-,23
8a4a7034a7f0d320638967b83d8643f17b784ae173020634ae63657d520e2957,3b33e0786c21609196bb119863249adb2cec8ae4d97f8924805453bfaf08a8b4;916ec179d9da235e006c49e4f3b6f1cb33e5a53f4183faf0a545307900df0045;c1bb26b2ad7f5dfbcd676460f651d4a9291241e4ff18591c1f1d06c7a89aa540;a5942afad846c98d11aaf703fb13750af224a5d8160a6a7c25c1bba78b8c4513;ed71e91eba183590aefeb44f420344f95174d2ba42679aaa640c066a44bd5043;b8d4c47c3b71b2d6385a546668bb15df283ab700b566bb9ceb37ed8e8bbb4f27;f78ef928bbebe03c1e06d5accfdf7ab563bfb4132fbf5c1d9e3cc721900fc65a;5c962bd03756c7e44ec477fc9047e15271edf127fba0fa7dde245e64608c4724;4f9c4605d2e49b5445444005eb08b686bbd48936ab2885d61347ffa736274636;6b32337ae819592dba6ec1458aec14c17f3a8b23e8a73ae5d1b8ed2abaea5a6c;132aa1a2344d87c92d12c4a1c1b44cfec61a3f861bba7dcaffe3dbc2f2a8c65c;2a4f682f7ec7782e74ac8fc2131a1611ef7a84599273b3c5005be27e6d4a3701;40fd3b47915d725e34185801ea8b585baeb9c6e9daa885dbd8f34f945f0ded82;7d6d845192ba6284cb5be271c920bc1c8d0c56c61eb5210e7fe8d070131f8c9e,REPLACED,TARGETED_PAGE_REPAIR,REPLACED_BY_REPAIRED_PAGE,1Y00_IZEFBzWh2VtPl6ROFtEawHVXyJB-,23
4962942c19381eda0781c9cb1cb27aaf167f49c66bfdf6be414903df38170ce1,3b33e0786c21609196bb119863249adb2cec8ae4d97f8924805453bfaf08a8b4;916ec179d9da235e006c49e4f3b6f1cb33e5a53f4183faf0a545307900df0045;c1bb26b2ad7f5dfbcd676460f651d4a9291241e4ff18591c1f1d06c7a89aa540;a5942afad846c98d11aaf703fb13750af224a5d8160a6a7c25c1bba78b8c4513;ed71e91eba183590aefeb44f420344f95174d2ba42679aaa640c066a44bd5043;b8d4c47c3b71b2d6385a546668bb15df283ab700b566bb9ceb37ed8e8bbb4f27;f78ef928bbebe03c1e06d5accfdf7ab563bfb4132fbf5c1d9e3cc721900fc65a;5c962bd03756c7e44ec477fc9047e15271edf127fba0fa7dde245e64608c4724;4f9c4605d2e49b5445444005eb08b686bbd48936ab2885d61347ffa736274636;6b32337ae819592dba6ec1458aec14c17f3a8b23e8a73ae5d1b8ed2abaea5a6c;132aa1a2344d87c92d12c4a1c1b44cfec61a3f861bba7dcaffe3dbc2f2a8c65c;2a4f682f7ec7782e74ac8fc2131a1611ef7a84599273b3c5005be27e6d4a3701;40fd3b47915d725e34185801ea8b585baeb9c6e9daa885dbd8f34f945f0ded82;7d6d845192ba6284cb5be271c920bc1c8d0c56c61eb5210e7fe8d070131f8c9e,REPLACED,TARGETED_PAGE_REPAIR,REPLACED_BY_REPAIRED_PAGE,1Y00_IZEFBzWh2VtPl6ROFtEawHVXyJB-,23
ec1932316656669c79c09e024666c3078d1052f9319bcebfbd69c23a965a4141,3b33e0786c21609196bb119863249adb2cec8ae4d97f8924805453bfaf08a8b4;916ec179d9da235e006c49e4f3b6f1cb33e5a53f4183faf0a545307900df0045;c1bb26b2ad7f5dfbcd676460f651d4a9291241e4ff18591c1f1d06c7a89aa540;a5942afad846c98d11aaf703fb13750af224a5d8160a6a7c25c1bba78b8c4513;ed71e91eba183590aefeb44f420344f95174d2ba42679aaa640c066a44bd5043;b8d4c47c3b71b2d6385a546668bb15df283ab700b566bb9ceb37ed8e8bbb4f27;f78ef928bbebe03c1e06d5accfdf7ab563bfb4132fbf5c1d9e3cc721900fc65a;5c962bd03756c7e44ec477fc9047e15271edf127fba0fa7dde245e64608c4724;4f9c4605d2e49b5445444005eb08b686bbd48936ab2885d61347ffa736274636;6b32337ae819592dba6ec1458aec14c17f3a8b23e8a73ae5d1b8ed2abaea5a6c;132aa1a2344d87c92d12c4a1c1b44cfec61a3f861bba7dcaffe3dbc2f2a8c65c;2a4f682f7ec7782e74ac8fc2131a1611ef7a84599273b3c5005be27e6d4a3701;40fd3b47915d725e34185801ea8b585baeb9c6e9daa885dbd8f34f945f0ded82;7d6d845192ba6284cb5be271c920bc1c8d0c56c61eb5210e7fe8d070131f8c9e,REPLACED,TARGETED_PAGE_REPAIR,REPLACED_BY_REPAIRED_PAGE,1Y00_IZEFBzWh2VtPl6ROFtEawHVXyJB-,23
e2914563cb548762fb9802bfd62f5cca9a3f8fa3750a574d357fa41712088623,3b33e0786c21609196bb119863249adb2cec8ae4d97f8924805453bfaf08a8b4;916ec179d9da235e006c49e4f3b6f1cb33e5a53f4183faf0a545307900df0045;c1bb26b2ad7f5dfbcd676460f651d4a9291241e4ff18591c1f1d06c7a89aa540;a5942afad846c98d11aaf703fb13750af224a5d8160a6a7c25c1bba78b8c4513;ed71e91eba183590aefeb44f420344f95174d2ba42679aaa640c066a44bd5043;b8d4c47c3b71b2d6385a546668bb15df283ab700b566bb9ceb37ed8e8bbb4f27;f78ef928bbebe03c1e06d5accfdf7ab563bfb4132fbf5c1d9e3cc721900fc65a;5c962bd03756c7e44ec477fc9047e15271edf127fba0fa7dde245e64608c4724;4f9c4605d2e49b5445444005eb08b686bbd48936ab2885d61347ffa736274636;6b32337ae819592dba6ec1458aec14c17f3a8b23e8a73ae5d1b8ed2abaea5a6c;132aa1a2344d87c92d12c4a1c1b44cfec61a3f861bba7dcaffe3dbc2f2a8c65c;2a4f682f7ec7782e74ac8fc2131a1611ef7a84599273b3c5005be27e6d4a3701;40fd3b47915d725e34185801ea8b585baeb9c6e9daa885dbd8f34f945f0ded82;7d6d845192ba6284cb5be271c920bc1c8d0c56c61eb5210e7fe8d070131f8c9e,REPLACED,TARGETED_PAGE_REPAIR,REPLACED_BY_REPAIRED_PAGE,1Y00_IZEFBzWh2VtPl6ROFtEawHVXyJB-,23
40a033d6ca206fb02b26b8df17e2cda3e8ae2b06c11c17f6e4b15b94e5f7138e,3b33e0786c21609196bb119863249adb2cec8ae4d97f8924805453bfaf08a8b4;916ec179d9da235e006c49e4f3b6f1cb33e5a53f4183faf0a545307900df0045;c1bb26b2ad7f5dfbcd676460f651d4a9291241e4ff18591c1f1d06c7a89aa540;a5942afad846c98d11aaf703fb13750af224a5d8160a6a7c25c1bba78b8c4513;ed71e91eba183590aefeb44f420344f95174d2ba42679aaa640c066a44bd5043;b8d4c47c3b71b2d6385a546668bb15df283ab700b566bb9ceb37ed8e8bbb4f27;f78ef928bbebe03c1e06d5accfdf7ab563bfb4132fbf5c1d9e3cc721900fc65a;5c962bd03756c7e44ec477fc9047e15271edf127fba0fa7dde245e64608c4724;4f9c4605d2e49b5445444005eb08b686bbd48936ab2885d61347ffa736274636;6b32337ae819592dba6ec1458aec14c17f3a8b23e8a73ae5d1b8ed2abaea5a6c;132aa1a2344d87c92d12c4a1c1b44cfec61a3f861bba7dcaffe3dbc2f2a8c65c;2a4f682f7ec7782e74ac8fc2131a1611ef7a84599273b3c5005be27e6d4a3701;40fd3b47915d725e34185801ea8b585baeb9c6e9daa885dbd8f34f945f0ded82;7d6d845192ba6284cb5be271c920bc1c8d0c56c61eb5210e7fe8d070131f8c9e,REPLACED,TARGETED_PAGE_REPAIR,REPLACED_BY_REPAIRED_PAGE,1Y00_IZEFBzWh2VtPl6ROFtEawHVXyJB-,23
bd2f59ba75004e7ccc89d9c6e0c411e290f43591c3c65c6b8ef585f48bce70e6,3b33e0786c21609196bb119863249adb2cec8ae4d97f8924805453bfaf08a8b4;916ec179d9da235e006c49e4f3b6f1cb33e5a53f4183faf0a545307900df0045;c1bb26b2ad7f5dfbcd676460f651d4a9291241e4ff18591c1f1d06c7a89aa540;a5942afad846c98d11aaf703fb13750af224a5d8160a6a7c25c1bba78b8c4513;ed71e91eba183590aefeb44f420344f95174d2ba42679aaa640c066a44bd5043;b8d4c47c3b71b2d6385a546668bb15df283ab700b566bb9ceb37ed8e8bbb4f27;f78ef928bbebe03c1e06d5accfdf7ab563bfb4132fbf5c1d9e3cc721900fc65a;5c962bd03756c7e44ec477fc9047e15271edf127fba0fa7dde245e64608c4724;4f9c4605d2e49b5445444005eb08b686bbd48936ab2885d61347ffa736274636;6b32337ae819592dba6ec1458aec14c17f3a8b23e8a73ae5d1b8ed2abaea5a6c;132aa1a2344d87c92d12c4a1c1b44cfec61a3f861bba7dcaffe3dbc2f2a8c65c;2a4f682f7ec7782e74ac8fc2131a1611ef7a84599273b3c5005be27e6d4a3701;40fd3b47915d725e34185801ea8b585baeb9c6e9daa885dbd8f34f945f0ded82;7d6d845192ba6284cb5be271c920bc1c8d0c56c61eb5210e7fe8d070131f8c9e,REPLACED,TARGETED_PAGE_REPAIR,REPLACED_BY_REPAIRED_PAGE,1Y00_IZEFBzWh2VtPl6ROFtEawHVXyJB-,23
697289409b64636eea4bd690f4263468aedabcd9fab4766a636ffdccc1ac8d21,3b33e0786c21609196bb119863249adb2cec8ae4d97f8924805453bfaf08a8b4;916ec179d9da235e006c49e4f3b6f1cb33e5a53f4183faf0a545307900df0045;c1bb26b2ad7f5dfbcd676460f651d4a9291241e4ff18591c1f1d06c7a89aa540;a5942afad846c98d11aaf703fb13750af224a5d8160a6a7c25c1bba78b8c4513;ed71e91eba183590aefeb44f420344f95174d2ba42679aaa640c066a44bd5043;b8d4c47c3b71b2d6385a546668bb15df283ab700b566bb9ceb37ed8e8bbb4f27;f78ef928bbebe03c1e06d5accfdf7ab563bfb4132fbf5c1d9e3cc721900fc65a;5c962bd03756c7e44ec477fc9047e15271edf127fba0fa7dde245e64608c4724;4f9c4605d2e49b5445444005eb08b686bbd48936ab2885d61347ffa736274636;6b32337ae819592dba6ec1458aec14c17f3a8b23e8a73ae5d1b8ed2abaea5a6c;132aa1a2344d87c92d12c4a1c1b44cfec61a3f861bba7dcaffe3dbc2f2a8c65c;2a4f682f7ec7782e74ac8fc2131a1611ef7a84599273b3c5005be27e6d4a3701;40fd3b47915d725e34185801ea8b585baeb9c6e9daa885dbd8f34f945f0ded82;7d6d845192ba6284cb5be271c920bc1c8d0c56c61eb5210e7fe8d070131f8c9e,REPLACED,TARGETED_PAGE_REPAIR,REPLACED_BY_REPAIRED_PAGE,1Y00_IZEFBzWh2VtPl6ROFtEawHVXyJB-,23
c387e76af47bed97d9b1315d50241289f614d1ddd1f950bd51f49419f6367ddb,3b33e0786c21609196bb119863249adb2cec8ae4d97f8924805453bfaf08a8b4;916ec179d9da235e006c49e4f3b6f1cb33e5a53f4183faf0a545307900df0045;c1bb26b2ad7f5dfbcd676460f651d4a9291241e4ff18591c1f1d06c7a89aa540;a5942afad846c98d11aaf703fb13750af224a5d8160a6a7c25c1bba78b8c4513;ed71e91eba183590aefeb44f420344f95174d2ba42679aaa640c066a44bd5043;b8d4c47c3b71b2d6385a546668bb15df283ab700b566bb9ceb37ed8e8bbb4f27;f78ef928bbebe03c1e06d5accfdf7ab563bfb4132fbf5c1d9e3cc721900fc65a;5c962bd03756c7e44ec477fc9047e15271edf127fba0fa7dde245e64608c4724;4f9c4605d2e49b5445444005eb08b686bbd48936ab2885d61347ffa736274636;6b32337ae819592dba6ec1458aec14c17f3a8b23e8a73ae5d1b8ed2abaea5a6c;132aa1a2344d87c92d12c4a1c1b44cfec61a3f861bba7dcaffe3dbc2f2a8c65c;2a4f682f7ec7782e74ac8fc2131a1611ef7a84599273b3c5005be27e6d4a3701;40fd3b47915d725e34185801ea8b585baeb9c6e9daa885dbd8f34f945f0ded82;7d6d845192ba6284cb5be271c920bc1c8d0c56c61eb5210e7fe8d070131f8c9e,REPLACED,TARGETED_PAGE_REPAIR,REPLACED_BY_REPAIRED_PAGE,1Y00_IZEFBzWh2VtPl6ROFtEawHVXyJB-,23
e7200ba04b7cd1198ea668f30f1ec36bd028e70d3741c792b90c5c7507faa050,3b33e0786c21609196bb119863249adb2cec8ae4d97f8924805453bfaf08a8b4;916ec179d9da235e006c49e4f3b6f1cb33e5a53f4183faf0a545307900df0045;c1bb26b2ad7f5dfbcd676460f651d4a9291241e4ff18591c1f1d06c7a89aa540;a5942afad846c98d11aaf703fb13750af224a5d8160a6a7c25c1bba78b8c4513;ed71e91eba183590aefeb44f420344f95174d2ba42679aaa640c066a44bd5043;b8d4c47c3b71b2d6385a546668bb15df283ab700b566bb9ceb37ed8e8bbb4f27;f78ef928bbebe03c1e06d5accfdf7ab563bfb4132fbf5c1d9e3cc721900fc65a;5c962bd03756c7e44ec477fc9047e15271edf127fba0fa7dde245e64608c4724;4f9c4605d2e49b5445444005eb08b686bbd48936ab2885d61347ffa736274636;6b32337ae819592dba6ec1458aec14c17f3a8b23e8a73ae5d1b8ed2abaea5a6c;132aa1a2344d87c92d12c4a1c1b44cfec61a3f861bba7dcaffe3dbc2f2a8c65c;2a4f682f7ec7782e74ac8fc2131a1611ef7a84599273b3c5005be27e6d4a3701;40fd3b47915d725e34185801ea8b585baeb9c6e9daa885dbd8f34f945f0ded82;7d6d845192ba6284cb5be271c920bc1c8d0c56c61eb5210e7fe8d070131f8c9e,REPLACED,TARGETED_PAGE_REPAIR,REPLACED_BY_REPAIRED_PAGE,1Y00_IZEFBzWh2VtPl6ROFtEawHVXyJB-,23
a091ccd0a66140830c0c29f64ae18a4395a85077e72af22e7c6253d9ca1b32fd,3b33e0786c21609196bb119863249adb2cec8ae4d97f8924805453bfaf08a8b4;916ec179d9da235e006c49e4f3b6f1cb33e5a53f4183faf0a545307900df0045;c1bb26b2ad7f5dfbcd676460f651d4a9291241e4ff18591c1f1d06c7a89aa540;a5942afad846c98d11aaf703fb13750af224a5d8160a6a7c25c1bba78b8c4513;ed71e91eba183590aefeb44f420344f95174d2ba42679aaa640c066a44bd5043;b8d4c47c3b71b2d6385a546668bb15df283ab700b566bb9ceb37ed8e8bbb4f27;f78ef928bbebe03c1e06d5accfdf7ab563bfb4132fbf5c1d9e3cc721900fc65a;5c962bd03756c7e44ec477fc9047e15271edf127fba0fa7dde245e64608c4724;4f9c4605d2e49b5445444005eb08b686bbd48936ab2885d61347ffa736274636;6b32337ae819592dba6ec1458aec14c17f3a8b23e8a73ae5d1b8ed2abaea5a6c;132aa1a2344d87c92d12c4a1c1b44cfec61a3f861bba7dcaffe3dbc2f2a8c65c;2a4f682f7ec7782e74ac8fc2131a1611ef7a84599273b3c5005be27e6d4a3701;40fd3b47915d725e34185801ea8b585baeb9c6e9daa885dbd8f34f945f0ded82;7d6d845192ba6284cb5be271c920bc1c8d0c56c61eb5210e7fe8d070131f8c9e,REPLACED,TARGETED_PAGE_REPAIR,REPLACED_BY_REPAIRED_PAGE,1Y00_IZEFBzWh2VtPl6ROFtEawHVXyJB-,23
f2665e96c6efe85bd03eebc9f49c93bf4314674741aa360c60f1981cbb661253,3b33e0786c21609196bb119863249adb2cec8ae4d97f8924805453bfaf08a8b4;916ec179d9da235e006c49e4f3b6f1cb33e5a53f4183faf0a545307900df0045;c1bb26b2ad7f5dfbcd676460f651d4a9291241e4ff18591c1f1d06c7a89aa540;a5942afad846c98d11aaf703fb13750af224a5d8160a6a7c25c1bba78b8c4513;ed71e91eba183590aefeb44f420344f95174d2ba42679aaa640c066a44bd5043;b8d4c47c3b71b2d6385a546668bb15df283ab700b566bb9ceb37ed8e8bbb4f27;f78ef928bbebe03c1e06d5accfdf7ab563bfb4132fbf5c1d9e3cc721900fc65a;5c962bd03756c7e44ec477fc9047e15271edf127fba0fa7dde245e64608c4724;4f9c4605d2e49b5445444005eb08b686bbd48936ab2885d61347ffa736274636;6b32337ae819592dba6ec1458aec14c17f3a8b23e8a73ae5d1b8ed2abaea5a6c;132aa1a2344d87c92d12c4a1c1b44cfec61a3f861bba7dcaffe3dbc2f2a8c65c;2a4f682f7ec7782e74ac8fc2131a1611ef7a84599273b3c5005be27e6d4a3701;40fd3b47915d725e34185801ea8b585baeb9c6e9daa885dbd8f34f945f0ded82;7d6d845192ba6284cb5be271c920bc1c8d0c56c61eb5210e7fe8d070131f8c9e,REPLACED,TARGETED_PAGE_REPAIR,REPLACED_BY_REPAIRED_PAGE,1Y00_IZEFBzWh2VtPl6ROFtEawHVXyJB-,23
c78ec367bd28a6e47dc93bc6bcfafc0664b3510de852f8206507e44b1303ef34,3b33e0786c21609196bb119863249adb2cec8ae4d97f8924805453bfaf08a8b4;916ec179d9da235e006c49e4f3b6f1cb33e5a53f4183faf0a545307900df0045;c1bb26b2ad7f5dfbcd676460f651d4a9291241e4ff18591c1f1d06c7a89aa540;a5942afad846c98d11aaf703fb13750af224a5d8160a6a7c25c1bba78b8c4513;ed71e91eba183590aefeb44f420344f95174d2ba42679aaa640c066a44bd5043;b8d4c47c3b71b2d6385a546668bb15df283ab700b566bb9ceb37ed8e8bbb4f27;f78ef928bbebe03c1e06d5accfdf7ab563bfb4132fbf5c1d9e3cc721900fc65a;5c962bd03756c7e44ec477fc9047e15271edf127fba0fa7dde245e64608c4724;4f9c4605d2e49b5445444005eb08b686bbd48936ab2885d61347ffa736274636;6b32337ae819592dba6ec1458aec14c17f3a8b23e8a73ae5d1b8ed2abaea5a6c;132aa1a2344d87c92d12c4a1c1b44cfec61a3f861bba7dcaffe3dbc2f2a8c65c;2a4f682f7ec7782e74ac8fc2131a1611ef7a84599273b3c5005be27e6d4a3701;40fd3b47915d725e34185801ea8b585baeb9c6e9daa885dbd8f34f945f0ded82;7d6d845192ba6284cb5be271c920bc1c8d0c56c61eb5210e7fe8d070131f8c9e,REPLACED,TARGETED_PAGE_REPAIR,REPLACED_BY_REPAIRED_PAGE,1Y00_IZEFBzWh2VtPl6ROFtEawHVXyJB-,23
fa07bf79a3eee6342184c2c179b58b9347ec2b67c3f7a2f2235fa7f8f366ba62,3b33e0786c21609196bb119863249adb2cec8ae4d97f8924805453bfaf08a8b4;916ec179d9da235e006c49e4f3b6f1cb33e5a53f4183faf0a545307900df0045;c1bb26b2ad7f5dfbcd676460f651d4a9291241e4ff18591c1f1d06c7a89aa540;a5942afad846c98d11aaf703fb13750af224a5d8160a6a7c25c1bba78b8c4513;ed71e91eba183590aefeb44f420344f95174d2ba42679aaa640c066a44bd5043;b8d4c47c3b71b2d6385a546668bb15df283ab700b566bb9ceb37ed8e8bbb4f27;f78ef928bbebe03c1e06d5accfdf7ab563bfb4132fbf5c1d9e3cc721900fc65a;5c962bd03756c7e44ec477fc9047e15271edf127fba0fa7dde245e64608c4724;4f9c4605d2e49b5445444005eb08b686bbd48936ab2885d61347ffa736274636;6b32337ae819592dba6ec1458aec14c17f3a8b23e8a73ae5d1b8ed2abaea5a6c;132aa1a2344d87c92d12c4a1c1b44cfec61a3f861bba7dcaffe3dbc2f2a8c65c;2a4f682f7ec7782e74ac8fc2131a1611ef7a84599273b3c5005be27e6d4a3701;40fd3b47915d725e34185801ea8b585baeb9c6e9daa885dbd8f34f945f0ded82;7d6d845192ba6284cb5be271c920bc1c8d0c56c61eb5210e7fe8d070131f8c9e,REPLACED,TARGETED_PAGE_REPAIR,REPLACED_BY_REPAIRED_PAGE,1Y00_IZEFBzWh2VtPl6ROFtEawHVXyJB-,23
f66a8077ccf9fcad11829cd57bc501bf45a7b82059a6677aab740a8d3cead415,3b33e0786c21609196bb119863249adb2cec8ae4d97f8924805453bfaf08a8b4;916ec179d9da235e006c49e4f3b6f1cb33e5a53f4183faf0a545307900df0045;c1bb26b2ad7f5dfbcd676460f651d4a9291241e4ff18591c1f1d06c7a89aa540;a5942afad846c98d11aaf703fb13750af224a5d8160a6a7c25c1bba78b8c4513;ed71e91eba183590aefeb44f420344f95174d2ba42679aaa640c066a44bd5043;b8d4c47c3b71b2d6385a546668bb15df283ab700b566bb9ceb37ed8e8bbb4f27;f78ef928bbebe03c1e06d5accfdf7ab563bfb4132fbf5c1d9e3cc721900fc65a;5c962bd03756c7e44ec477fc9047e15271edf127fba0fa7dde245e64608c4724;4f9c4605d2e49b5445444005eb08b686bbd48936ab2885d61347ffa736274636;6b32337ae819592dba6ec1458aec14c17f3a8b23e8a73ae5d1b8ed2abaea5a6c;132aa1a2344d87c92d12c4a1c1b44cfec61a3f861bba7dcaffe3dbc2f2a8c65c;2a4f682f7ec7782e74ac8fc2131a1611ef7a84599273b3c5005be27e6d4a3701;40fd3b47915d725e34185801ea8b585baeb9c6e9daa885dbd8f34f945f0ded82;7d6d845192ba6284cb5be271c920bc1c8d0c56c61eb5210e7fe8d070131f8c9e,REPLACED,TARGETED_PAGE_REPAIR,REPLACED_BY_REPAIRED_PAGE,1Y00_IZEFBzWh2VtPl6ROFtEawHVXyJB-,23
0e25bd00d386ae0413c18a0a25bed3b883702639b2c6146f552cabd63d14d2a3,3b33e0786c21609196bb119863249adb2cec8ae4d97f8924805453bfaf08a8b4;916ec179d9da235e006c49e4f3b6f1cb33e5a53f4183faf0a545307900df0045;c1bb26b2ad7f5dfbcd676460f651d4a9291241e4ff18591c1f1d06c7a89aa540;a5942afad846c98d11aaf703fb13750af224a5d8160a6a7c25c1bba78b8c4513;ed71e91eba183590aefeb44f420344f95174d2ba42679aaa640c066a44bd5043;b8d4c47c3b71b2d6385a546668bb15df283ab700b566bb9ceb37ed8e8bbb4f27;f78ef928bbebe03c1e06d5accfdf7ab563bfb4132fbf5c1d9e3cc721900fc65a;5c962bd03756c7e44ec477fc9047e15271edf127fba0fa7dde245e64608c4724;4f9c4605d2e49b5445444005eb08b686bbd48936ab2885d61347ffa736274636;6b32337ae819592dba6ec1458aec14c17f3a8b23e8a73ae5d1b8ed2abaea5a6c;132aa1a2344d87c92d12c4a1c1b44cfec61a3f861bba7dcaffe3dbc2f2a8c65c;2a4f682f7ec7782e74ac8fc2131a1611ef7a84599273b3c5005be27e6d4a3701;40fd3b47915d725e34185801ea8b585baeb9c6e9daa885dbd8f34f945f0ded82;7d6d845192ba6284cb5be271c920bc1c8d0c56c61eb5210e7fe8d070131f8c9e,REPLACED,TARGETED_PAGE_REPAIR,REPLACED_BY_REPAIRED_PAGE,1Y00_IZEFBzWh2VtPl6ROFtEawHVXyJB-,23
edf52cd4450102f4dc8f254aefef98393c1dddbf17d93b85e0b1af219ce4a8ba,3b33e0786c21609196bb119863249adb2cec8ae4d97f8924805453bfaf08a8b4;916ec179d9da235e006c49e4f3b6f1cb33e5a53f4183faf0a545307900df0045;c1bb26b2ad7f5dfbcd676460f651d4a9291241e4ff18591c1f1d06c7a89aa540;a5942afad846c98d11aaf703fb13750af224a5d8160a6a7c25c1bba78b8c4513;ed71e91eba183590aefeb44f420344f95174d2ba42679aaa640c066a44bd5043;b8d4c47c3b71b2d6385a546668bb15df283ab700b566bb9ceb37ed8e8bbb4f27;f78ef928bbebe03c1e06d5accfdf7ab563bfb4132fbf5c1d9e3cc721900fc65a;5c962bd03756c7e44ec477fc9047e15271edf127fba0fa7dde245e64608c4724;4f9c4605d2e49b5445444005eb08b686bbd48936ab2885d61347ffa736274636;6b32337ae819592dba6ec1458aec14c17f3a8b23e8a73ae5d1b8ed2abaea5a6c;132aa1a2344d87c92d12c4a1c1b44cfec61a3f861bba7dcaffe3dbc2f2a8c65c;2a4f682f7ec7782e74ac8fc2131a1611ef7a84599273b3c5005be27e6d4a3701;40fd3b47915d725e34185801ea8b585baeb9c6e9daa885dbd8f34f945f0ded82;7d6d845192ba6284cb5be271c920bc1c8d0c56c61eb5210e7fe8d070131f8c9e,REPLACED,TARGETED_PAGE_REPAIR,REPLACED_BY_REPAIRED_PAGE,1Y00_IZEFBzWh2VtPl6ROFtEawHVXyJB-,23
36979a9ce9c69ea35d6deae0ba14d8ba6fcc2780cb7bf0a1a3a4a60989adac57,c952c71e6355f2cbdf9c4520e02cf3231e4416bc297a93872a03db7ba9bcf560;046e34b307d452468278ddbdf1b501c37e86eba019116c4d773c84a435fabf55;18a557f34838d6fcb7c408614581b951be5b498250ee7b12b9f062d1903a786b;845880664c6c6ae41361871706713e4fafa02f23f9d841b2e4f8800afdcf0e66;f28e0a885230f69d4fedc042f2bab8c60fc292fd8872638ea364e16722b891d2;1c73ec96bb63db75c0816c2a5a337d2e19f68ae563f2a9451132b36098c16241;ed10c98729416f6e1b7333231e662b3fc0c30605ba70e7c1cdc7cd1d2dcc20f0;4ec670bed125e2eda1b6b5bf06099a67543439b3a96a4f118d9f01d8711b1bb3;aa40a3833494c64b502e02ddd1e252b0a2aae10090b259e86460244ff516c504;e4cae00d6479640879953570d28b9ec5b7fe184a87a7863d77e6a0d96a3592d5;96f349dc805a6b900304f254e3aeca45f0635295ea2507380a8fd9ac685abed8;9728821fc65fb5e38d7dfd5d90aeee1bf585156d55bd8a8b3e7aacb8dfb327d4;157b438101dabb9d87f3732f695fe1e372ad8df0946572da74c8f5dda74c60c3;8ce1e6966ca9f795b565bb949f2e02ad407f4cc60822863567e1f0eaf25d837f;b79badcc055f591e56608202d866245a50de1acfc3203d8597a73088a66e910a;35776b6e3cd2f77993d7e43f4918bc57cf65e9e3a3c026fad126932bfd5aa5fe;7df0474ddcf5766a2941363a842137893928b5f704ac347c6e2a9a5cd02ffea9;1d4685979fdab381b0a7616f488edde62df18aeaf0747dafeee89721f1a2c45f;b5e9560b61eaeb9fcf6daa986b3c5311138db2aaa7728e6887d03be0b83f7122,REPLACED,TARGETED_PAGE_REPAIR,REPLACED_BY_REPAIRED_PAGE,1Y00_IZEFBzWh2VtPl6ROFtEawHVXyJB-,24
9851794d9064ca752d30b500ecdc48feba97ef075f5fd641a24ffae3053a1373,c952c71e6355f2cbdf9c4520e02cf3231e4416bc297a93872a03db7ba9bcf560;046e34b307d452468278ddbdf1b501c37e86eba019116c4d773c84a435fabf55;18a557f34838d6fcb7c408614581b951be5b498250ee7b12b9f062d1903a786b;845880664c6c6ae41361871706713e4fafa02f23f9d841b2e4f8800afdcf0e66;f28e0a885230f69d4fedc042f2bab8c60fc292fd8872638ea364e16722b891d2;1c73ec96bb63db75c0816c2a5a337d2e19f68ae563f2a9451132b36098c16241;ed10c98729416f6e1b7333231e662b3fc0c30605ba70e7c1cdc7cd1d2dcc20f0;4ec670bed125e2eda1b6b5bf06099a67543439b3a96a4f118d9f01d8711b1bb3;aa40a3833494c64b502e02ddd1e252b0a2aae10090b259e86460244ff516c504;e4cae00d6479640879953570d28b9ec5b7fe184a87a7863d77e6a0d96a3592d5;96f349dc805a6b900304f254e3aeca45f0635295ea2507380a8fd9ac685abed8;9728821fc65fb5e38d7dfd5d90aeee1bf585156d55bd8a8b3e7aacb8dfb327d4;157b438101dabb9d87f3732f695fe1e372ad8df0946572da74c8f5dda74c60c3;8ce1e6966ca9f795b565bb949f2e02ad407f4cc60822863567e1f0eaf25d837f;b79badcc055f591e56608202d866245a50de1acfc3203d8597a73088a66e910a;35776b6e3cd2f77993d7e43f4918bc57cf65e9e3a3c026fad126932bfd5aa5fe;7df0474ddcf5766a2941363a842137893928b5f704ac347c6e2a9a5cd02ffea9;1d4685979fdab381b0a7616f488edde62df18aeaf0747dafeee89721f1a2c45f;b5e9560b61eaeb9fcf6daa986b3c5311138db2aaa7728e6887d03be0b83f7122,REPLACED,TARGETED_PAGE_REPAIR,REPLACED_BY_REPAIRED_PAGE,1Y00_IZEFBzWh2VtPl6ROFtEawHVXyJB-,24
a6168ef4f2b3424606a4ff5246af380723d8df0b7b663aae7f14ac8f3d853615,c952c71e6355f2cbdf9c4520e02cf3231e4416bc297a93872a03db7ba9bcf560;046e34b307d452468278ddbdf1b501c37e86eba019116c4d773c84a435fabf55;18a557f34838d6fcb7c408614581b951be5b498250ee7b12b9f062d1903a786b;845880664c6c6ae41361871706713e4fafa02f23f9d841b2e4f8800afdcf0e66;f28e0a885230f69d4fedc042f2bab8c60fc292fd8872638ea364e16722b891d2;1c73ec96bb63db75c0816c2a5a337d2e19f68ae563f2a9451132b36098c16241;ed10c98729416f6e1b7333231e662b3fc0c30605ba70e7c1cdc7cd1d2dcc20f0;4ec670bed125e2eda1b6b5bf06099a67543439b3a96a4f118d9f01d8711b1bb3;aa40a3833494c64b502e02ddd1e252b0a2aae10090b259e86460244ff516c504;e4cae00d6479640879953570d28b9ec5b7fe184a87a7863d77e6a0d96a3592d5;96f349dc805a6b900304f254e3aeca45f0635295ea2507380a8fd9ac685abed8;9728821fc65fb5e38d7dfd5d90aeee1bf585156d55bd8a8b3e7aacb8dfb327d4;157b438101dabb9d87f3732f695fe1e372ad8df0946572da74c8f5dda74c60c3;8ce1e6966ca9f795b565bb949f2e02ad407f4cc60822863567e1f0eaf25d837f;b79badcc055f591e56608202d866245a50de1acfc3203d8597a73088a66e910a;35776b6e3cd2f77993d7e43f4918bc57cf65e9e3a3c026fad126932bfd5aa5fe;7df0474ddcf5766a2941363a842137893928b5f704ac347c6e2a9a5cd02ffea9;1d4685979fdab381b0a7616f488edde62df18aeaf0747dafeee89721f1a2c45f;b5e9560b61eaeb9fcf6daa986b3c5311138db2aaa7728e6887d03be0b83f7122,REPLACED,TARGETED_PAGE_REPAIR,REPLACED_BY_REPAIRED_PAGE,1Y00_IZEFBzWh2VtPl6ROFtEawHVXyJB-,24
a4c8ed537b3ac07f642d51f534f5adf4a2aa4c84fe23d2ab42b5cf3ab8c1553a,c952c71e6355f2cbdf9c4520e02cf3231e4416bc297a93872a03db7ba9bcf560;046e34b307d452468278ddbdf1b501c37e86eba019116c4d773c84a435fabf55;18a557f34838d6fcb7c408614581b951be5b498250ee7b12b9f062d1903a786b;845880664c6c6ae41361871706713e4fafa02f23f9d841b2e4f8800afdcf0e66;f28e0a885230f69d4fedc042f2bab8c60fc292fd8872638ea364e16722b891d2;1c73ec96bb63db75c0816c2a5a337d2e19f68ae563f2a9451132b36098c16241;ed10c98729416f6e1b7333231e662b3fc0c30605ba70e7c1cdc7cd1d2dcc20f0;4ec670bed125e2eda1b6b5bf06099a67543439b3a96a4f118d9f01d8711b1bb3;aa40a3833494c64b502e02ddd1e252b0a2aae10090b259e86460244ff516c504;e4cae00d6479640879953570d28b9ec5b7fe184a87a7863d77e6a0d96a3592d5;96f349dc805a6b900304f254e3aeca45f0635295ea2507380a8fd9ac685abed8;9728821fc65fb5e38d7dfd5d90aeee1bf585156d55bd8a8b3e7aacb8dfb327d4;157b438101dabb9d87f3732f695fe1e372ad8df0946572da74c8f5dda74c60c3;8ce1e6966ca9f795b565bb949f2e02ad407f4cc60822863567e1f0eaf25d837f;b79badcc055f591e56608202d866245a50de1acfc3203d8597a73088a66e910a;35776b6e3cd2f77993d7e43f4918bc57cf65e9e3a3c026fad126932bfd5aa5fe;7df0474ddcf5766a2941363a842137893928b5f704ac347c6e2a9a5cd02ffea9;1d4685979fdab381b0a7616f488edde62df18aeaf0747dafeee89721f1a2c45f;b5e9560b61eaeb9fcf6daa986b3c5311138db2aaa7728e6887d03be0b83f7122,REPLACED,TARGETED_PAGE_REPAIR,REPLACED_BY_REPAIRED_PAGE,1Y00_IZEFBzWh2VtPl6ROFtEawHVXyJB-,24
df099a433b40efbfb33cabfbe6fa179c7cd324d5c7847cc75bd842c0b8143604,c952c71e6355f2cbdf9c4520e02cf3231e4416bc297a93872a03db7ba9bcf560;046e34b307d452468278ddbdf1b501c37e86eba019116c4d773c84a435fabf55;18a557f34838d6fcb7c408614581b951be5b498250ee7b12b9f062d1903a786b;845880664c6c6ae41361871706713e4fafa02f23f9d841b2e4f8800afdcf0e66;f28e0a885230f69d4fedc042f2bab8c60fc292fd8872638ea364e16722b891d2;1c73ec96bb63db75c0816c2a5a337d2e19f68ae563f2a9451132b36098c16241;ed10c98729416f6e1b7333231e662b3fc0c30605ba70e7c1cdc7cd1d2dcc20f0;4ec670bed125e2eda1b6b5bf06099a67543439b3a96a4f118d9f01d8711b1bb3;aa40a3833494c64b502e02ddd1e252b0a2aae10090b259e86460244ff516c504;e4cae00d6479640879953570d28b9ec5b7fe184a87a7863d77e6a0d96a3592d5;96f349dc805a6b900304f254e3aeca45f0635295ea2507380a8fd9ac685abed8;9728821fc65fb5e38d7dfd5d90aeee1bf585156d55bd8a8b3e7aacb8dfb327d4;157b438101dabb9d87f3732f695fe1e372ad8df0946572da74c8f5dda74c60c3;8ce1e6966ca9f795b565bb949f2e02ad407f4cc60822863567e1f0eaf25d837f;b79badcc055f591e56608202d866245a50de1acfc3203d8597a73088a66e910a;35776b6e3cd2f77993d7e43f4918bc57cf65e9e3a3c026fad126932bfd5aa5fe;7df0474ddcf5766a2941363a842137893928b5f704ac347c6e2a9a5cd02ffea9;1d4685979fdab381b0a7616f488edde62df18aeaf0747dafeee89721f1a2c45f;b5e9560b61eaeb9fcf6daa986b3c5311138db2aaa7728e6887d03be0b83f7122,REPLACED,TARGETED_PAGE_REPAIR,REPLACED_BY_REPAIRED_PAGE,1Y00_IZEFBzWh2VtPl6ROFtEawHVXyJB-,24
c92d6d6618a4d54557d1118a20b70b15274c1cc94608b5e207308bacf2f317ff,c952c71e6355f2cbdf9c4520e02cf3231e4416bc297a93872a03db7ba9bcf560;046e34b307d452468278ddbdf1b501c37e86eba019116c4d773c84a435fabf55;18a557f34838d6fcb7c408614581b951be5b498250ee7b12b9f062d1903a786b;845880664c6c6ae41361871706713e4fafa02f23f9d841b2e4f8800afdcf0e66;f28e0a885230f69d4fedc042f2bab8c60fc292fd8872638ea364e16722b891d2;1c73ec96bb63db75c0816c2a5a337d2e19f68ae563f2a9451132b36098c16241;ed10c98729416f6e1b7333231e662b3fc0c30605ba70e7c1cdc7cd1d2dcc20f0;4ec670bed125e2eda1b6b5bf06099a67543439b3a96a4f118d9f01d8711b1bb3;aa40a3833494c64b502e02ddd1e252b0a2aae10090b259e86460244ff516c504;e4cae00d6479640879953570d28b9ec5b7fe184a87a7863d77e6a0d96a3592d5;96f349dc805a6b900304f254e3aeca45f0635295ea2507380a8fd9ac685abed8;9728821fc65fb5e38d7dfd5d90aeee1bf585156d55bd8a8b3e7aacb8dfb327d4;157b438101dabb9d87f3732f695fe1e372ad8df0946572da74c8f5dda74c60c3;8ce1e6966ca9f795b565bb949f2e02ad407f4cc60822863567e1f0eaf25d837f;b79badcc055f591e56608202d866245a50de1acfc3203d8597a73088a66e910a;35776b6e3cd2f77993d7e43f4918bc57cf65e9e3a3c026fad126932bfd5aa5fe;7df0474ddcf5766a2941363a842137893928b5f704ac347c6e2a9a5cd02ffea9;1d4685979fdab381b0a7616f488edde62df18aeaf0747dafeee89721f1a2c45f;b5e9560b61eaeb9fcf6daa986b3c5311138db2aaa7728e6887d03be0b83f7122,REPLACED,TARGETED_PAGE_REPAIR,REPLACED_BY_REPAIRED_PAGE,1Y00_IZEFBzWh2VtPl6ROFtEawHVXyJB-,24
d32f2ac712dc45a18096437be61d39ca4e671ee407c313c050779bcae003c4a9,c952c71e6355f2cbdf9c4520e02cf3231e4416bc297a93872a03db7ba9bcf560;046e34b307d452468278ddbdf1b501c37e86eba019116c4d773c84a435fabf55;18a557f34838d6fcb7c408614581b951be5b498250ee7b12b9f062d1903a786b;845880664c6c6ae41361871706713e4fafa02f23f9d841b2e4f8800afdcf0e66;f28e0a885230f69d4fedc042f2bab8c60fc292fd8872638ea364e16722b891d2;1c73ec96bb63db75c0816c2a5a337d2e19f68ae563f2a9451132b36098c16241;ed10c98729416f6e1b7333231e662b3fc0c30605ba70e7c1cdc7cd1d2dcc20f0;4ec670bed125e2eda1b6b5bf06099a67543439b3a96a4f118d9f01d8711b1bb3;aa40a3833494c64b502e02ddd1e252b0a2aae10090b259e86460244ff516c504;e4cae00d6479640879953570d28b9ec5b7fe184a87a7863d77e6a0d96a3592d5;96f349dc805a6b900304f254e3aeca45f0635295ea2507380a8fd9ac685abed8;9728821fc65fb5e38d7dfd5d90aeee1bf585156d55bd8a8b3e7aacb8dfb327d4;157b438101dabb9d87f3732f695fe1e372ad8df0946572da74c8f5dda74c60c3;8ce1e6966ca9f795b565bb949f2e02ad407f4cc60822863567e1f0eaf25d837f;b79badcc055f591e56608202d866245a50de1acfc3203d8597a73088a66e910a;35776b6e3cd2f77993d7e43f4918bc57cf65e9e3a3c026fad126932bfd5aa5fe;7df0474ddcf5766a2941363a842137893928b5f704ac347c6e2a9a5cd02ffea9;1d4685979fdab381b0a7616f488edde62df18aeaf0747dafeee89721f1a2c45f;b5e9560b61eaeb9fcf6daa986b3c5311138db2aaa7728e6887d03be0b83f7122,REPLACED,TARGETED_PAGE_REPAIR,REPLACED_BY_REPAIRED_PAGE,1Y00_IZEFBzWh2VtPl6ROFtEawHVXyJB-,24
5bb12f01cefe5cf3bc5991dfba33d775b560f68f6f8ef775ff7211998d81cbe9,c952c71e6355f2cbdf9c4520e02cf3231e4416bc297a93872a03db7ba9bcf560;046e34b307d452468278ddbdf1b501c37e86eba019116c4d773c84a435fabf55;18a557f34838d6fcb7c408614581b951be5b498250ee7b12b9f062d1903a786b;845880664c6c6ae41361871706713e4fafa02f23f9d841b2e4f8800afdcf0e66;f28e0a885230f69d4fedc042f2bab8c60fc292fd8872638ea364e16722b891d2;1c73ec96bb63db75c0816c2a5a337d2e19f68ae563f2a9451132b36098c16241;ed10c98729416f6e1b7333231e662b3fc0c30605ba70e7c1cdc7cd1d2dcc20f0;4ec670bed125e2eda1b6b5bf06099a67543439b3a96a4f118d9f01d8711b1bb3;aa40a3833494c64b502e02ddd1e252b0a2aae10090b259e86460244ff516c504;e4cae00d6479640879953570d28b9ec5b7fe184a87a7863d77e6a0d96a3592d5;96f349dc805a6b900304f254e3aeca45f0635295ea2507380a8fd9ac685abed8;9728821fc65fb5e38d7dfd5d90aeee1bf585156d55bd8a8b3e7aacb8dfb327d4;157b438101dabb9d87f3732f695fe1e372ad8df0946572da74c8f5dda74c60c3;8ce1e6966ca9f795b565bb949f2e02ad407f4cc60822863567e1f0eaf25d837f;b79badcc055f591e56608202d866245a50de1acfc3203d8597a73088a66e910a;35776b6e3cd2f77993d7e43f4918bc57cf65e9e3a3c026fad126932bfd5aa5fe;7df0474ddcf5766a2941363a842137893928b5f704ac347c6e2a9a5cd02ffea9;1d4685979fdab381b0a7616f488edde62df18aeaf0747dafeee89721f1a2c45f;b5e9560b61eaeb9fcf6daa986b3c5311138db2aaa7728e6887d03be0b83f7122,REPLACED,TARGETED_PAGE_REPAIR,REPLACED_BY_REPAIRED_PAGE,1Y00_IZEFBzWh2VtPl6ROFtEawHVXyJB-,24
b35e7a9d3273448e42fb418d2672c0492361a21dc61f01757d4e15766c68a646,c952c71e6355f2cbdf9c4520e02cf3231e4416bc297a93872a03db7ba9bcf560;046e34b307d452468278ddbdf1b501c37e86eba019116c4d773c84a435fabf55;18a557f34838d6fcb7c408614581b951be5b498250ee7b12b9f062d1903a786b;845880664c6c6ae41361871706713e4fafa02f23f9d841b2e4f8800afdcf0e66;f28e0a885230f69d4fedc042f2bab8c60fc292fd8872638ea364e16722b891d2;1c73ec96bb63db75c0816c2a5a337d2e19f68ae563f2a9451132b36098c16241;ed10c98729416f6e1b7333231e662b3fc0c30605ba70e7c1cdc7cd1d2dcc20f0;4ec670bed125e2eda1b6b5bf06099a67543439b3a96a4f118d9f01d8711b1bb3;aa40a3833494c64b502e02ddd1e252b0a2aae10090b259e86460244ff516c504;e4cae00d6479640879953570d28b9ec5b7fe184a87a7863d77e6a0d96a3592d5;96f349dc805a6b900304f254e3aeca45f0635295ea2507380a8fd9ac685abed8;9728821fc65fb5e38d7dfd5d90aeee1bf585156d55bd8a8b3e7aacb8dfb327d4;157b438101dabb9d87f3732f695fe1e372ad8df0946572da74c8f5dda74c60c3;8ce1e6966ca9f795b565bb949f2e02ad407f4cc60822863567e1f0eaf25d837f;b79badcc055f591e56608202d866245a50de1acfc3203d8597a73088a66e910a;35776b6e3cd2f77993d7e43f4918bc57cf65e9e3a3c026fad126932bfd5aa5fe;7df0474ddcf5766a2941363a842137893928b5f704ac347c6e2a9a5cd02ffea9;1d4685979fdab381b0a7616f488edde62df18aeaf0747dafeee89721f1a2c45f;b5e9560b61eaeb9fcf6daa986b3c5311138db2aaa7728e6887d03be0b83f7122,REPLACED,TARGETED_PAGE_REPAIR,REPLACED_BY_REPAIRED_PAGE,1Y00_IZEFBzWh2VtPl6ROFtEawHVXyJB-,24
551422b3eeb10a188bd226e53a6e72587d84418a6ffd3d5fd7b3ffc59079d68a,c952c71e6355f2cbdf9c4520e02cf3231e4416bc297a93872a03db7ba9bcf560;046e34b307d452468278ddbdf1b501c37e86eba019116c4d773c84a435fabf55;18a557f34838d6fcb7c408614581b951be5b498250ee7b12b9f062d1903a786b;845880664c6c6ae41361871706713e4fafa02f23f9d841b2e4f8800afdcf0e66;f28e0a885230f69d4fedc042f2bab8c60fc292fd8872638ea364e16722b891d2;1c73ec96bb63db75c0816c2a5a337d2e19f68ae563f2a9451132b36098c16241;ed10c98729416f6e1b7333231e662b3fc0c30605ba70e7c1cdc7cd1d2dcc20f0;4ec670bed125e2eda1b6b5bf06099a67543439b3a96a4f118d9f01d8711b1bb3;aa40a3833494c64b502e02ddd1e252b0a2aae10090b259e86460244ff516c504;e4cae00d6479640879953570d28b9ec5b7fe184a87a7863d77e6a0d96a3592d5;96f349dc805a6b900304f254e3aeca45f0635295ea2507380a8fd9ac685abed8;9728821fc65fb5e38d7dfd5d90aeee1bf585156d55bd8a8b3e7aacb8dfb327d4;157b438101dabb9d87f3732f695fe1e372ad8df0946572da74c8f5dda74c60c3;8ce1e6966ca9f795b565bb949f2e02ad407f4cc60822863567e1f0eaf25d837f;b79badcc055f591e56608202d866245a50de1acfc3203d8597a73088a66e910a;35776b6e3cd2f77993d7e43f4918bc57cf65e9e3a3c026fad126932bfd5aa5fe;7df0474ddcf5766a2941363a842137893928b5f704ac347c6e2a9a5cd02ffea9;1d4685979fdab381b0a7616f488edde62df18aeaf0747dafeee89721f1a2c45f;b5e9560b61eaeb9fcf6daa986b3c5311138db2aaa7728e6887d03be0b83f7122,REPLACED,TARGETED_PAGE_REPAIR,REPLACED_BY_REPAIRED_PAGE,1Y00_IZEFBzWh2VtPl6ROFtEawHVXyJB-,24
1eb6eb4409009728422aa7f62bded78b0b89ce273eea9a5a0e6a7c270d9b8cd4,c952c71e6355f2cbdf9c4520e02cf3231e4416bc297a93872a03db7ba9bcf560;046e34b307d452468278ddbdf1b501c37e86eba019116c4d773c84a435fabf55;18a557f34838d6fcb7c408614581b951be5b498250ee7b12b9f062d1903a786b;845880664c6c6ae41361871706713e4fafa02f23f9d841b2e4f8800afdcf0e66;f28e0a885230f69d4fedc042f2bab8c60fc292fd8872638ea364e16722b891d2;1c73ec96bb63db75c0816c2a5a337d2e19f68ae563f2a9451132b36098c16241;ed10c98729416f6e1b7333231e662b3fc0c30605ba70e7c1cdc7cd1d2dcc20f0;4ec670bed125e2eda1b6b5bf06099a67543439b3a96a4f118d9f01d8711b1bb3;aa40a3833494c64b502e02ddd1e252b0a2aae10090b259e86460244ff516c504;e4cae00d6479640879953570d28b9ec5b7fe184a87a7863d77e6a0d96a3592d5;96f349dc805a6b900304f254e3aeca45f0635295ea2507380a8fd9ac685abed8;9728821fc65fb5e38d7dfd5d90aeee1bf585156d55bd8a8b3e7aacb8dfb327d4;157b438101dabb9d87f3732f695fe1e372ad8df0946572da74c8f5dda74c60c3;8ce1e6966ca9f795b565bb949f2e02ad407f4cc60822863567e1f0eaf25d837f;b79badcc055f591e56608202d866245a50de1acfc3203d8597a73088a66e910a;35776b6e3cd2f77993d7e43f4918bc57cf65e9e3a3c026fad126932bfd5aa5fe;7df0474ddcf5766a2941363a842137893928b5f704ac347c6e2a9a5cd02ffea9;1d4685979fdab381b0a7616f488edde62df18aeaf0747dafeee89721f1a2c45f;b5e9560b61eaeb9fcf6daa986b3c5311138db2aaa7728e6887d03be0b83f7122,REPLACED,TARGETED_PAGE_REPAIR,REPLACED_BY_REPAIRED_PAGE,1Y00_IZEFBzWh2VtPl6ROFtEawHVXyJB-,24
61ec7641d464c910308516dafe20ce1f6f50f8fb18dba53ff92d977f96f52978,c952c71e6355f2cbdf9c4520e02cf3231e4416bc297a93872a03db7ba9bcf560;046e34b307d452468278ddbdf1b501c37e86eba019116c4d773c84a435fabf55;18a557f34838d6fcb7c408614581b951be5b498250ee7b12b9f062d1903a786b;845880664c6c6ae41361871706713e4fafa02f23f9d841b2e4f8800afdcf0e66;f28e0a885230f69d4fedc042f2bab8c60fc292fd8872638ea364e16722b891d2;1c73ec96bb63db75c0816c2a5a337d2e19f68ae563f2a9451132b36098c16241;ed10c98729416f6e1b7333231e662b3fc0c30605ba70e7c1cdc7cd1d2dcc20f0;4ec670bed125e2eda1b6b5bf06099a67543439b3a96a4f118d9f01d8711b1bb3;aa40a3833494c64b502e02ddd1e252b0a2aae10090b259e86460244ff516c504;e4cae00d6479640879953570d28b9ec5b7fe184a87a7863d77e6a0d96a3592d5;96f349dc805a6b900304f254e3aeca45f0635295ea2507380a8fd9ac685abed8;9728821fc65fb5e38d7dfd5d90aeee1bf585156d55bd8a8b3e7aacb8dfb327d4;157b438101dabb9d87f3732f695fe1e372ad8df0946572da74c8f5dda74c60c3;8ce1e6966ca9f795b565bb949f2e02ad407f4cc60822863567e1f0eaf25d837f;b79badcc055f591e56608202d866245a50de1acfc3203d8597a73088a66e910a;35776b6e3cd2f77993d7e43f4918bc57cf65e9e3a3c026fad126932bfd5aa5fe;7df0474ddcf5766a2941363a842137893928b5f704ac347c6e2a9a5cd02ffea9;1d4685979fdab381b0a7616f488edde62df18aeaf0747dafeee89721f1a2c45f;b5e9560b61eaeb9fcf6daa986b3c5311138db2aaa7728e6887d03be0b83f7122,REPLACED,TARGETED_PAGE_REPAIR,REPLACED_BY_REPAIRED_PAGE,1Y00_IZEFBzWh2VtPl6ROFtEawHVXyJB-,24
accbf6553d10a95aa788ea8644d4b5d072c9dec19df8eb4a7d1774a793eb8a57,c952c71e6355f2cbdf9c4520e02cf3231e4416bc297a93872a03db7ba9bcf560;046e34b307d452468278ddbdf1b501c37e86eba019116c4d773c84a435fabf55;18a557f34838d6fcb7c408614581b951be5b498250ee7b12b9f062d1903a786b;845880664c6c6ae41361871706713e4fafa02f23f9d841b2e4f8800afdcf0e66;f28e0a885230f69d4fedc042f2bab8c60fc292fd8872638ea364e16722b891d2;1c73ec96bb63db75c0816c2a5a337d2e19f68ae563f2a9451132b36098c16241;ed10c98729416f6e1b7333231e662b3fc0c30605ba70e7c1cdc7cd1d2dcc20f0;4ec670bed125e2eda1b6b5bf06099a67543439b3a96a4f118d9f01d8711b1bb3;aa40a3833494c64b502e02ddd1e252b0a2aae10090b259e86460244ff516c504;e4cae00d6479640879953570d28b9ec5b7fe184a87a7863d77e6a0d96a3592d5;96f349dc805a6b900304f254e3aeca45f0635295ea2507380a8fd9ac685abed8;9728821fc65fb5e38d7dfd5d90aeee1bf585156d55bd8a8b3e7aacb8dfb327d4;157b438101dabb9d87f3732f695fe1e372ad8df0946572da74c8f5dda74c60c3;8ce1e6966ca9f795b565bb949f2e02ad407f4cc60822863567e1f0eaf25d837f;b79badcc055f591e56608202d866245a50de1acfc3203d8597a73088a66e910a;35776b6e3cd2f77993d7e43f4918bc57cf65e9e3a3c026fad126932bfd5aa5fe;7df0474ddcf5766a2941363a842137893928b5f704ac347c6e2a9a5cd02ffea9;1d4685979fdab381b0a7616f488edde62df18aeaf0747dafeee89721f1a2c45f;b5e9560b61eaeb9fcf6daa986b3c5311138db2aaa7728e6887d03be0b83f7122,REPLACED,TARGETED_PAGE_REPAIR,REPLACED_BY_REPAIRED_PAGE,1Y00_IZEFBzWh2VtPl6ROFtEawHVXyJB-,24
3f44bc551cd8fc13940932b7ef1d34a1af27386a9aeb1cb3657be33554ad3827,c952c71e6355f2cbdf9c4520e02cf3231e4416bc297a93872a03db7ba9bcf560;046e34b307d452468278ddbdf1b501c37e86eba019116c4d773c84a435fabf55;18a557f34838d6fcb7c408614581b951be5b498250ee7b12b9f062d1903a786b;845880664c6c6ae41361871706713e4fafa02f23f9d841b2e4f8800afdcf0e66;f28e0a885230f69d4fedc042f2bab8c60fc292fd8872638ea364e16722b891d2;1c73ec96bb63db75c0816c2a5a337d2e19f68ae563f2a9451132b36098c16241;ed10c98729416f6e1b7333231e662b3fc0c30605ba70e7c1cdc7cd1d2dcc20f0;4ec670bed125e2eda1b6b5bf06099a67543439b3a96a4f118d9f01d8711b1bb3;aa40a3833494c64b502e02ddd1e252b0a2aae10090b259e86460244ff516c504;e4cae00d6479640879953570d28b9ec5b7fe184a87a7863d77e6a0d96a3592d5;96f349dc805a6b900304f254e3aeca45f0635295ea2507380a8fd9ac685abed8;9728821fc65fb5e38d7dfd5d90aeee1bf585156d55bd8a8b3e7aacb8dfb327d4;157b438101dabb9d87f3732f695fe1e372ad8df0946572da74c8f5dda74c60c3;8ce1e6966ca9f795b565bb949f2e02ad407f4cc60822863567e1f0eaf25d837f;b79badcc055f591e56608202d866245a50de1acfc3203d8597a73088a66e910a;35776b6e3cd2f77993d7e43f4918bc57cf65e9e3a3c026fad126932bfd5aa5fe;7df0474ddcf5766a2941363a842137893928b5f704ac347c6e2a9a5cd02ffea9;1d4685979fdab381b0a7616f488edde62df18aeaf0747dafeee89721f1a2c45f;b5e9560b61eaeb9fcf6daa986b3c5311138db2aaa7728e6887d03be0b83f7122,REPLACED,TARGETED_PAGE_REPAIR,REPLACED_BY_REPAIRED_PAGE,1Y00_IZEFBzWh2VtPl6ROFtEawHVXyJB-,24
5931acb05d929b1850bd4c781fd7b51b4f1caf0620fb94412acfd804b16eab45,c952c71e6355f2cbdf9c4520e02cf3231e4416bc297a93872a03db7ba9bcf560;046e34b307d452468278ddbdf1b501c37e86eba019116c4d773c84a435fabf55;18a557f34838d6fcb7c408614581b951be5b498250ee7b12b9f062d1903a786b;845880664c6c6ae41361871706713e4fafa02f23f9d841b2e4f8800afdcf0e66;f28e0a885230f69d4fedc042f2bab8c60fc292fd8872638ea364e16722b891d2;1c73ec96bb63db75c0816c2a5a337d2e19f68ae563f2a9451132b36098c16241;ed10c98729416f6e1b7333231e662b3fc0c30605ba70e7c1cdc7cd1d2dcc20f0;4ec670bed125e2eda1b6b5bf06099a67543439b3a96a4f118d9f01d8711b1bb3;aa40a3833494c64b502e02ddd1e252b0a2aae10090b259e86460244ff516c504;e4cae00d6479640879953570d28b9ec5b7fe184a87a7863d77e6a0d96a3592d5;96f349dc805a6b900304f254e3aeca45f0635295ea2507380a8fd9ac685abed8;9728821fc65fb5e38d7dfd5d90aeee1bf585156d55bd8a8b3e7aacb8dfb327d4;157b438101dabb9d87f3732f695fe1e372ad8df0946572da74c8f5dda74c60c3;8ce1e6966ca9f795b565bb949f2e02ad407f4cc60822863567e1f0eaf25d837f;b79badcc055f591e56608202d866245a50de1acfc3203d8597a73088a66e910a;35776b6e3cd2f77993d7e43f4918bc57cf65e9e3a3c026fad126932bfd5aa5fe;7df0474ddcf5766a2941363a842137893928b5f704ac347c6e2a9a5cd02ffea9;1d4685979fdab381b0a7616f488edde62df18aeaf0747dafeee89721f1a2c45f;b5e9560b61eaeb9fcf6daa986b3c5311138db2aaa7728e6887d03be0b83f7122,REPLACED,TARGETED_PAGE_REPAIR,REPLACED_BY_REPAIRED_PAGE,1Y00_IZEFBzWh2VtPl6ROFtEawHVXyJB-,24
7ccda80cd46eefe0fb7a5a2a604b0bcf8bb52e63bf8a1db7acede09b8be136ba,c952c71e6355f2cbdf9c4520e02cf3231e4416bc297a93872a03db7ba9bcf560;046e34b307d452468278ddbdf1b501c37e86eba019116c4d773c84a435fabf55;18a557f34838d6fcb7c408614581b951be5b498250ee7b12b9f062d1903a786b;845880664c6c6ae41361871706713e4fafa02f23f9d841b2e4f8800afdcf0e66;f28e0a885230f69d4fedc042f2bab8c60fc292fd8872638ea364e16722b891d2;1c73ec96bb63db75c0816c2a5a337d2e19f68ae563f2a9451132b36098c16241;ed10c98729416f6e1b7333231e662b3fc0c30605ba70e7c1cdc7cd1d2dcc20f0;4ec670bed125e2eda1b6b5bf06099a67543439b3a96a4f118d9f01d8711b1bb3;aa40a3833494c64b502e02ddd1e252b0a2aae10090b259e86460244ff516c504;e4cae00d6479640879953570d28b9ec5b7fe184a87a7863d77e6a0d96a3592d5;96f349dc805a6b900304f254e3aeca45f0635295ea2507380a8fd9ac685abed8;9728821fc65fb5e38d7dfd5d90aeee1bf585156d55bd8a8b3e7aacb8dfb327d4;157b438101dabb9d87f3732f695fe1e372ad8df0946572da74c8f5dda74c60c3;8ce1e6966ca9f795b565bb949f2e02ad407f4cc60822863567e1f0eaf25d837f;b79badcc055f591e56608202d866245a50de1acfc3203d8597a73088a66e910a;35776b6e3cd2f77993d7e43f4918bc57cf65e9e3a3c026fad126932bfd5aa5fe;7df0474ddcf5766a2941363a842137893928b5f704ac347c6e2a9a5cd02ffea9;1d4685979fdab381b0a7616f488edde62df18aeaf0747dafeee89721f1a2c45f;b5e9560b61eaeb9fcf6daa986b3c5311138db2aaa7728e6887d03be0b83f7122,REPLACED,TARGETED_PAGE_REPAIR,REPLACED_BY_REPAIRED_PAGE,1Y00_IZEFBzWh2VtPl6ROFtEawHVXyJB-,24
c9adaf3c926dc5b2c272aee087e59c093e209b6e20878cc234bd4b360c63d052,c952c71e6355f2cbdf9c4520e02cf3231e4416bc297a93872a03db7ba9bcf560;046e34b307d452468278ddbdf1b501c37e86eba019116c4d773c84a435fabf55;18a557f34838d6fcb7c408614581b951be5b498250ee7b12b9f062d1903a786b;845880664c6c6ae41361871706713e4fafa02f23f9d841b2e4f8800afdcf0e66;f28e0a885230f69d4fedc042f2bab8c60fc292fd8872638ea364e16722b891d2;1c73ec96bb63db75c0816c2a5a337d2e19f68ae563f2a9451132b36098c16241;ed10c98729416f6e1b7333231e662b3fc0c30605ba70e7c1cdc7cd1d2dcc20f0;4ec670bed125e2eda1b6b5bf06099a67543439b3a96a4f118d9f01d8711b1bb3;aa40a3833494c64b502e02ddd1e252b0a2aae10090b259e86460244ff516c504;e4cae00d6479640879953570d28b9ec5b7fe184a87a7863d77e6a0d96a3592d5;96f349dc805a6b900304f254e3aeca45f0635295ea2507380a8fd9ac685abed8;9728821fc65fb5e38d7dfd5d90aeee1bf585156d55bd8a8b3e7aacb8dfb327d4;157b438101dabb9d87f3732f695fe1e372ad8df0946572da74c8f5dda74c60c3;8ce1e6966ca9f795b565bb949f2e02ad407f4cc60822863567e1f0eaf25d837f;b79badcc055f591e56608202d866245a50de1acfc3203d8597a73088a66e910a;35776b6e3cd2f77993d7e43f4918bc57cf65e9e3a3c026fad126932bfd5aa5fe;7df0474ddcf5766a2941363a842137893928b5f704ac347c6e2a9a5cd02ffea9;1d4685979fdab381b0a7616f488edde62df18aeaf0747dafeee89721f1a2c45f;b5e9560b61eaeb9fcf6daa986b3c5311138db2aaa7728e6887d03be0b83f7122,REPLACED,TARGETED_PAGE_REPAIR,REPLACED_BY_REPAIRED_PAGE,1Y00_IZEFBzWh2VtPl6ROFtEawHVXyJB-,24
29fb4a52d024b280ead32f0ba335d709308fab80a6268962c87ddfefa419ac0c,c952c71e6355f2cbdf9c4520e02cf3231e4416bc297a93872a03db7ba9bcf560;046e34b307d452468278ddbdf1b501c37e86eba019116c4d773c84a435fabf55;18a557f34838d6fcb7c408614581b951be5b498250ee7b12b9f062d1903a786b;845880664c6c6ae41361871706713e4fafa02f23f9d841b2e4f8800afdcf0e66;f28e0a885230f69d4fedc042f2bab8c60fc292fd8872638ea364e16722b891d2;1c73ec96bb63db75c0816c2a5a337d2e19f68ae563f2a9451132b36098c16241;ed10c98729416f6e1b7333231e662b3fc0c30605ba70e7c1cdc7cd1d2dcc20f0;4ec670bed125e2eda1b6b5bf06099a67543439b3a96a4f118d9f01d8711b1bb3;aa40a3833494c64b502e02ddd1e252b0a2aae10090b259e86460244ff516c504;e4cae00d6479640879953570d28b9ec5b7fe184a87a7863d77e6a0d96a3592d5;96f349dc805a6b900304f254e3aeca45f0635295ea2507380a8fd9ac685abed8;9728821fc65fb5e38d7dfd5d90aeee1bf585156d55bd8a8b3e7aacb8dfb327d4;157b438101dabb9d87f3732f695fe1e372ad8df0946572da74c8f5dda74c60c3;8ce1e6966ca9f795b565bb949f2e02ad407f4cc60822863567e1f0eaf25d837f;b79badcc055f591e56608202d866245a50de1acfc3203d8597a73088a66e910a;35776b6e3cd2f77993d7e43f4918bc57cf65e9e3a3c026fad126932bfd5aa5fe;7df0474ddcf5766a2941363a842137893928b5f704ac347c6e2a9a5cd02ffea9;1d4685979fdab381b0a7616f488edde62df18aeaf0747dafeee89721f1a2c45f;b5e9560b61eaeb9fcf6daa986b3c5311138db2aaa7728e6887d03be0b83f7122,REPLACED,TARGETED_PAGE_REPAIR,REPLACED_BY_REPAIRED_PAGE,1Y00_IZEFBzWh2VtPl6ROFtEawHVXyJB-,24
e2ce94d931bb5960d01c4d960f7ee558591b0bf66e828f54fb24d980ba14df00,c952c71e6355f2cbdf9c4520e02cf3231e4416bc297a93872a03db7ba9bcf560;046e34b307d452468278ddbdf1b501c37e86eba019116c4d773c84a435fabf55;18a557f34838d6fcb7c408614581b951be5b498250ee7b12b9f062d1903a786b;845880664c6c6ae41361871706713e4fafa02f23f9d841b2e4f8800afdcf0e66;f28e0a885230f69d4fedc042f2bab8c60fc292fd8872638ea364e16722b891d2;1c73ec96bb63db75c0816c2a5a337d2e19f68ae563f2a9451132b36098c16241;ed10c98729416f6e1b7333231e662b3fc0c30605ba70e7c1cdc7cd1d2dcc20f0;4ec670bed125e2eda1b6b5bf06099a67543439b3a96a4f118d9f01d8711b1bb3;aa40a3833494c64b502e02ddd1e252b0a2aae10090b259e86460244ff516c504;e4cae00d6479640879953570d28b9ec5b7fe184a87a7863d77e6a0d96a3592d5;96f349dc805a6b900304f254e3aeca45f0635295ea2507380a8fd9ac685abed8;9728821fc65fb5e38d7dfd5d90aeee1bf585156d55bd8a8b3e7aacb8dfb327d4;157b438101dabb9d87f3732f695fe1e372ad8df0946572da74c8f5dda74c60c3;8ce1e6966ca9f795b565bb949f2e02ad407f4cc60822863567e1f0eaf25d837f;b79badcc055f591e56608202d866245a50de1acfc3203d8597a73088a66e910a;35776b6e3cd2f77993d7e43f4918bc57cf65e9e3a3c026fad126932bfd5aa5fe;7df0474ddcf5766a2941363a842137893928b5f704ac347c6e2a9a5cd02ffea9;1d4685979fdab381b0a7616f488edde62df18aeaf0747dafeee89721f1a2c45f;b5e9560b61eaeb9fcf6daa986b3c5311138db2aaa7728e6887d03be0b83f7122,REPLACED,TARGETED_PAGE_REPAIR,REPLACED_BY_REPAIRED_PAGE,1Y00_IZEFBzWh2VtPl6ROFtEawHVXyJB-,24
2a19376319e43dd90dd4f22d277a5696ab566213caeedaf1745fda8aa3d2e71e,c952c71e6355f2cbdf9c4520e02cf3231e4416bc297a93872a03db7ba9bcf560;046e34b307d452468278ddbdf1b501c37e86eba019116c4d773c84a435fabf55;18a557f34838d6fcb7c408614581b951be5b498250ee7b12b9f062d1903a786b;845880664c6c6ae41361871706713e4fafa02f23f9d841b2e4f8800afdcf0e66;f28e0a885230f69d4fedc042f2bab8c60fc292fd8872638ea364e16722b891d2;1c73ec96bb63db75c0816c2a5a337d2e19f68ae563f2a9451132b36098c16241;ed10c98729416f6e1b7333231e662b3fc0c30605ba70e7c1cdc7cd1d2dcc20f0;4ec670bed125e2eda1b6b5bf06099a67543439b3a96a4f118d9f01d8711b1bb3;aa40a3833494c64b502e02ddd1e252b0a2aae10090b259e86460244ff516c504;e4cae00d6479640879953570d28b9ec5b7fe184a87a7863d77e6a0d96a3592d5;96f349dc805a6b900304f254e3aeca45f0635295ea2507380a8fd9ac685abed8;9728821fc65fb5e38d7dfd5d90aeee1bf585156d55bd8a8b3e7aacb8dfb327d4;157b438101dabb9d87f3732f695fe1e372ad8df0946572da74c8f5dda74c60c3;8ce1e6966ca9f795b565bb949f2e02ad407f4cc60822863567e1f0eaf25d837f;b79badcc055f591e56608202d866245a50de1acfc3203d8597a73088a66e910a;35776b6e3cd2f77993d7e43f4918bc57cf65e9e3a3c026fad126932bfd5aa5fe;7df0474ddcf5766a2941363a842137893928b5f704ac347c6e2a9a5cd02ffea9;1d4685979fdab381b0a7616f488edde62df18aeaf0747dafeee89721f1a2c45f;b5e9560b61eaeb9fcf6daa986b3c5311138db2aaa7728e6887d03be0b83f7122,REPLACED,TARGETED_PAGE_REPAIR,REPLACED_BY_REPAIRED_PAGE,1Y00_IZEFBzWh2VtPl6ROFtEawHVXyJB-,24
8a739de9674813aa4451619a971dfc22ebb1bd5fb41122adf44ea3a5a726f43d,c952c71e6355f2cbdf9c4520e02cf3231e4416bc297a93872a03db7ba9bcf560;046e34b307d452468278ddbdf1b501c37e86eba019116c4d773c84a435fabf55;18a557f34838d6fcb7c408614581b951be5b498250ee7b12b9f062d1903a786b;845880664c6c6ae41361871706713e4fafa02f23f9d841b2e4f8800afdcf0e66;f28e0a885230f69d4fedc042f2bab8c60fc292fd8872638ea364e16722b891d2;1c73ec96bb63db75c0816c2a5a337d2e19f68ae563f2a9451132b36098c16241;ed10c98729416f6e1b7333231e662b3fc0c30605ba70e7c1cdc7cd1d2dcc20f0;4ec670bed125e2eda1b6b5bf06099a67543439b3a96a4f118d9f01d8711b1bb3;aa40a3833494c64b502e02ddd1e252b0a2aae10090b259e86460244ff516c504;e4cae00d6479640879953570d28b9ec5b7fe184a87a7863d77e6a0d96a3592d5;96f349dc805a6b900304f254e3aeca45f0635295ea2507380a8fd9ac685abed8;9728821fc65fb5e38d7dfd5d90aeee1bf585156d55bd8a8b3e7aacb8dfb327d4;157b438101dabb9d87f3732f695fe1e372ad8df0946572da74c8f5dda74c60c3;8ce1e6966ca9f795b565bb949f2e02ad407f4cc60822863567e1f0eaf25d837f;b79badcc055f591e56608202d866245a50de1acfc3203d8597a73088a66e910a;35776b6e3cd2f77993d7e43f4918bc57cf65e9e3a3c026fad126932bfd5aa5fe;7df0474ddcf5766a2941363a842137893928b5f704ac347c6e2a9a5cd02ffea9;1d4685979fdab381b0a7616f488edde62df18aeaf0747dafeee89721f1a2c45f;b5e9560b61eaeb9fcf6daa986b3c5311138db2aaa7728e6887d03be0b83f7122,REPLACED,TARGETED_PAGE_REPAIR,REPLACED_BY_REPAIRED_PAGE,1Y00_IZEFBzWh2VtPl6ROFtEawHVXyJB-,24
8354a9ff6d0b0ffed912320cd4bb10e74ae3e3c6ba741e6e6e0795069ec483fa,c952c71e6355f2cbdf9c4520e02cf3231e4416bc297a93872a03db7ba9bcf560;046e34b307d452468278ddbdf1b501c37e86eba019116c4d773c84a435fabf55;18a557f34838d6fcb7c408614581b951be5b498250ee7b12b9f062d1903a786b;845880664c6c6ae41361871706713e4fafa02f23f9d841b2e4f8800afdcf0e66;f28e0a885230f69d4fedc042f2bab8c60fc292fd8872638ea364e16722b891d2;1c73ec96bb63db75c0816c2a5a337d2e19f68ae563f2a9451132b36098c16241;ed10c98729416f6e1b7333231e662b3fc0c30605ba70e7c1cdc7cd1d2dcc20f0;4ec670bed125e2eda1b6b5bf06099a67543439b3a96a4f118d9f01d8711b1bb3;aa40a3833494c64b502e02ddd1e252b0a2aae10090b259e86460244ff516c504;e4cae00d6479640879953570d28b9ec5b7fe184a87a7863d77e6a0d96a3592d5;96f349dc805a6b900304f254e3aeca45f0635295ea2507380a8fd9ac685abed8;9728821fc65fb5e38d7dfd5d90aeee1bf585156d55bd8a8b3e7aacb8dfb327d4;157b438101dabb9d87f3732f695fe1e372ad8df0946572da74c8f5dda74c60c3;8ce1e6966ca9f795b565bb949f2e02ad407f4cc60822863567e1f0eaf25d837f;b79badcc055f591e56608202d866245a50de1acfc3203d8597a73088a66e910a;35776b6e3cd2f77993d7e43f4918bc57cf65e9e3a3c026fad126932bfd5aa5fe;7df0474ddcf5766a2941363a842137893928b5f704ac347c6e2a9a5cd02ffea9;1d4685979fdab381b0a7616f488edde62df18aeaf0747dafeee89721f1a2c45f;b5e9560b61eaeb9fcf6daa986b3c5311138db2aaa7728e6887d03be0b83f7122,REPLACED,TARGETED_PAGE_REPAIR,REPLACED_BY_REPAIRED_PAGE,1Y00_IZEFBzWh2VtPl6ROFtEawHVXyJB-,24
713e575d3783734b255f17c1646680f3cb76cabd42005e8520509b3f3d1bdbbc,713e575d3783734b255f17c1646680f3cb76cabd42005e8520509b3f3d1bdbbc,RETRIEVAL_ONLY,HUMAN_REVIEW_FINAL,KEEP_RETRIEVAL_ONLY,1Y00_IZEFBzWh2VtPl6ROFtEawHVXyJB-,25
79aca97d68befe0f60713a49455ebe2f8284d0645833c5a1028fad866aab6daf,79aca97d68befe0f60713a49455ebe2f8284d0645833c5a1028fad866aab6daf,UNCHANGED_RETAINED,AUTOMATED_FULL_CORPUS_AUDIT,AUTO_QUALITY_PASS,1Y00_IZEFBzWh2VtPl6ROFtEawHVXyJB-,25
6338f20fa71e9b1d6f4f4800041049d84a5db8a566ae8b74ccc58b9ef5aca64f,6338f20fa71e9b1d6f4f4800041049d84a5db8a566ae8b74ccc58b9ef5aca64f,UNCHANGED_RETAINED,AUTOMATED_FULL_CORPUS_AUDIT,AUTO_QUALITY_PASS,1Y00_IZEFBzWh2VtPl6ROFtEawHVXyJB-,25
53e7d9431b4ef031a95e3ac152278de6f4fa50e550264a0a92e04000215ce52c,53e7d9431b4ef031a95e3ac152278de6f4fa50e550264a0a92e04000215ce52c,UNCHANGED_RETAINED,AUTOMATED_FULL_CORPUS_AUDIT,AUTO_QUALITY_PASS,1Y00_IZEFBzWh2VtPl6ROFtEawHVXyJB-,25
22f1e318e960bc5807d107d0467858f891e42693e72d00d9eba77942d6ecda5d,22f1e318e960bc5807d107d0467858f891e42693e72d00d9eba77942d6ecda5d,UNCHANGED_RETAINED,AUTOMATED_FULL_CORPUS_AUDIT,AUTO_QUALITY_PASS,1Y00_IZEFBzWh2VtPl6ROFtEawHVXyJB-,25
64a2cbf6400b55d0d62e05b259dda6099ee3364da45452a4ca00dca8b47bb67b,64a2cbf6400b55d0d62e05b259dda6099ee3364da45452a4ca00dca8b47bb67b,UNCHANGED_RETAINED,AUTOMATED_FULL_CORPUS_AUDIT,AUTO_QUALITY_PASS,1Y00_IZEFBzWh2VtPl6ROFtEawHVXyJB-,25
a58ff9031341e9f5d8e0e8abfcba4626ef625d9b8f5b31dfb9c40af5c3dd8d3d,a58ff9031341e9f5d8e0e8abfcba4626ef625d9b8f5b31dfb9c40af5c3dd8d3d,UNCHANGED_RETAINED,AUTOMATED_FULL_CORPUS_AUDIT,AUTO_QUALITY_PASS,1Y00_IZEFBzWh2VtPl6ROFtEawHVXyJB-,25
7e9125c18e0b663c1cc09d5720b902faa0d18c0de4c063a221cf9408bba5ceb4,7e9125c18e0b663c1cc09d5720b902faa0d18c0de4c063a221cf9408bba5ceb4,UNCHANGED_RETAINED,AUTOMATED_FULL_CORPUS_AUDIT,AUTO_QUALITY_PASS,1Y00_IZEFBzWh2VtPl6ROFtEawHVXyJB-,25
8f903a74ae9b50cb3d0fb4956725181449989bc997be966d919ec604a06c3ddc,8f903a74ae9b50cb3d0fb4956725181449989bc997be966d919ec604a06c3ddc,UNCHANGED_RETAINED,AUTOMATED_FULL_CORPUS_AUDIT,AUTO_QUALITY_PASS,1Y00_IZEFBzWh2VtPl6ROFtEawHVXyJB-,25
fc3001fb6cc024270a367b7aecf0f791a276acd50da90f163c61587a1d0da7e1,fc3001fb6cc024270a367b7aecf0f791a276acd50da90f163c61587a1d0da7e1,UNCHANGED_RETAINED,AUTOMATED_FULL_CORPUS_AUDIT,AUTO_QUALITY_PASS,1Y00_IZEFBzWh2VtPl6ROFtEawHVXyJB-,25
7afb5f1d4d1cc429dd63055d45ef94ba1e4c5bc1e6a710f125ebeaf5f8ed731b,7afb5f1d4d1cc429dd63055d45ef94ba1e4c5bc1e6a710f125ebeaf5f8ed731b,UNCHANGED_RETAINED,AUTOMATED_FULL_CORPUS_AUDIT,AUTO_QUALITY_PASS,1Y00_IZEFBzWh2VtPl6ROFtEawHVXyJB-,25
8872c49d4c0f3cec67a593bca53049a0dcecb470936f09e88a914ba95297e22f,8872c49d4c0f3cec67a593bca53049a0dcecb470936f09e88a914ba95297e22f,UNCHANGED_RETAINED,AUTOMATED_FULL_CORPUS_AUDIT,AUTO_QUALITY_PASS,1Y00_IZEFBzWh2VtPl6ROFtEawHVXyJB-,25
deaffad97b74c246cab067c376c66a2cc2d4ad20ac48816965bca238a44da602,deaffad97b74c246cab067c376c66a2cc2d4ad20ac48816965bca238a44da602,UNCHANGED_RETAINED,AUTOMATED_FULL_CORPUS_AUDIT,AUTO_QUALITY_PASS,1Y00_IZEFBzWh2VtPl6ROFtEawHVXyJB-,25
5efbd62be4c2a15894d256370a9adb25d86d927152e4cc8e07edb2318bac63f0,5efbd62be4c2a15894d256370a9adb25d86d927152e4cc8e07edb2318bac63f0,RETRIEVAL_ONLY,HUMAN_REVIEW_FINAL,KEEP_RETRIEVAL_ONLY,1Y00_IZEFBzWh2VtPl6ROFtEawHVXyJB-,25
33c13b068797b8402293bf3ba98908a9169b9beaa27ad96b2b7a16ba45c114e1,33c13b068797b8402293bf3ba98908a9169b9beaa27ad96b2b7a16ba45c114e1,UNCHANGED_RETAINED,AUTOMATED_FULL_CORPUS_AUDIT,AUTO_QUALITY_PASS,1Y00_IZEFBzWh2VtPl6ROFtEawHVXyJB-,25
8d92d6dc612afc09f741449a0f02e7adf9ac593d3d114614fd77f4d79a83a44f,8d92d6dc612afc09f741449a0f02e7adf9ac593d3d114614fd77f4d79a83a44f,UNCHANGED_RETAINED,AUTOMATED_FULL_CORPUS_AUDIT,AUTO_QUALITY_PASS,1Y00_IZEFBzWh2VtPl6ROFtEawHVXyJB-,25
6b9894bb0f85915f379931ba477d239eaaf0d231e46fa653d41267f01955b632,6b9894bb0f85915f379931ba477d239eaaf0d231e46fa653d41267f01955b632,UNCHANGED_RETAINED,AUTOMATED_FULL_CORPUS_AUDIT,AUTO_QUALITY_PASS,1Y00_IZEFBzWh2VtPl6ROFtEawHVXyJB-,25
63e8e49397b76b10b9304c7d1c26fe573f7cb271adafcd786a72c2735586ae1c,63e8e49397b76b10b9304c7d1c26fe573f7cb271adafcd786a72c2735586ae1c,UNCHANGED_RETAINED,AUTOMATED_FULL_CORPUS_AUDIT,AUTO_QUALITY_PASS,1Y00_IZEFBzWh2VtPl6ROFtEawHVXyJB-,25
dd7a3921f53b4eb33db4d5174798d2d9da69000e78f944a0b99ee9bd5b63e2d3,dd7a3921f53b4eb33db4d5174798d2d9da69000e78f944a0b99ee9bd5b63e2d3,UNCHANGED_RETAINED,AUTOMATED_FULL_CORPUS_AUDIT,AUTO_QUALITY_PASS,1Y00_IZEFBzWh2VtPl6ROFtEawHVXyJB-,25
2d83a5bbe66d1c2a0bbee66bf49f6ba86ee32bf3e9708133ffcd6fb9037b38a3,2d83a5bbe66d1c2a0bbee66bf49f6ba86ee32bf3e9708133ffcd6fb9037b38a3,UNCHANGED_RETAINED,AUTOMATED_FULL_CORPUS_AUDIT,AUTO_QUALITY_PASS,1Y00_IZEFBzWh2VtPl6ROFtEawHVXyJB-,25
0c95d84b5594dbab6f31c16826838c19dc5d3049597bd28e09e564ce0828a879,0c95d84b5594dbab6f31c16826838c19dc5d3049597bd28e09e564ce0828a879,UNCHANGED_RETAINED,AUTOMATED_FULL_CORPUS_AUDIT,AUTO_QUALITY_PASS,1Y00_IZEFBzWh2VtPl6ROFtEawHVXyJB-,25
75db7453cf57117aa9babe1be0efc6decbccd983bda63337116afae98c2538aa,75db7453cf57117aa9babe1be0efc6decbccd983bda63337116afae98c2538aa,UNCHANGED_RETAINED,AUTOMATED_FULL_CORPUS_AUDIT,AUTO_QUALITY_PASS,1Y00_IZEFBzWh2VtPl6ROFtEawHVXyJB-,25
8be586cb1579ce10e093ebeba91130ad9bcc23d9936dccd77610898df26099d1,8be586cb1579ce10e093ebeba91130ad9bcc23d9936dccd77610898df26099d1,UNCHANGED_RETAINED,AUTOMATED_FULL_CORPUS_AUDIT,AUTO_QUALITY_PASS,1Y00_IZEFBzWh2VtPl6ROFtEawHVXyJB-,25
cad76a41b080a6fb6b9e577a955d9efca1b90fc37c720c7dc2b584780ebf5b6a,cad76a41b080a6fb6b9e577a955d9efca1b90fc37c720c7dc2b584780ebf5b6a,RETRIEVAL_ONLY,HUMAN_REVIEW_FINAL,KEEP_RETRIEVAL_ONLY,1Y00_IZEFBzWh2VtPl6ROFtEawHVXyJB-,26
ba672f41c0511ce3936e2b350f05bfda083a007fd4a473fa38b0da3d1035a69d,ba672f41c0511ce3936e2b350f05bfda083a007fd4a473fa38b0da3d1035a69d,UNCHANGED_RETAINED,AUTOMATED_FULL_CORPUS_AUDIT,AUTO_QUALITY_PASS,1Y00_IZEFBzWh2VtPl6ROFtEawHVXyJB-,26
853e75a82469ae65f02e0cbf446cb08afbc8d5df84bd61dad406104718657a36,853e75a82469ae65f02e0cbf446cb08afbc8d5df84bd61dad406104718657a36,UNCHANGED_RETAINED,AUTOMATED_FULL_CORPUS_AUDIT,AUTO_QUALITY_PASS,1Y00_IZEFBzWh2VtPl6ROFtEawHVXyJB-,26
28c012e82cd1872f673f6cecee34ba5161361bb0d313c66623bd92691d481923,28c012e82cd1872f673f6cecee34ba5161361bb0d313c66623bd92691d481923,UNCHANGED_RETAINED,AUTOMATED_FULL_CORPUS_AUDIT,AUTO_QUALITY_PASS,1Y00_IZEFBzWh2VtPl6ROFtEawHVXyJB-,26
699e261e6fc2271c764025ec87abb1e353804740537d6bad4e7370cbd0584f7d,699e261e6fc2271c764025ec87abb1e353804740537d6bad4e7370cbd0584f7d,RETRIEVAL_ONLY,HUMAN_REVIEW_FINAL,KEEP_RETRIEVAL_ONLY,1Y00_IZEFBzWh2VtPl6ROFtEawHVXyJB-,26
7352600a7d81de72c989ab25cc3f02a8a14e4d8b69bb256cc4afaff595dda4f8,7352600a7d81de72c989ab25cc3f02a8a14e4d8b69bb256cc4afaff595dda4f8,UNCHANGED_RETAINED,AUTOMATED_FULL_CORPUS_AUDIT,AUTO_QUALITY_PASS,1Y00_IZEFBzWh2VtPl6ROFtEawHVXyJB-,26
4a3fdf7560410470486fa0063466b2cd4eb8c48ff517b1a5cb9c94492567284d,4a3fdf7560410470486fa0063466b2cd4eb8c48ff517b1a5cb9c94492567284d,UNCHANGED_RETAINED,AUTOMATED_FULL_CORPUS_AUDIT,AUTO_QUALITY_PASS,1Y00_IZEFBzWh2VtPl6ROFtEawHVXyJB-,26
b6ba2c11f86380047f0e0695578278582d1e575a37358fae36dd4f15e253a7df,b6ba2c11f86380047f0e0695578278582d1e575a37358fae36dd4f15e253a7df,UNCHANGED_RETAINED,AUTOMATED_FULL_CORPUS_AUDIT,AUTO_QUALITY_PASS,1Y00_IZEFBzWh2VtPl6ROFtEawHVXyJB-,26
ede14b09425a8391a40d6612f35ae895a82bd553ca26b9edb7895515da50c38d,ede14b09425a8391a40d6612f35ae895a82bd553ca26b9edb7895515da50c38d,UNCHANGED_RETAINED,AUTOMATED_FULL_CORPUS_AUDIT,AUTO_QUALITY_PASS,1Y00_IZEFBzWh2VtPl6ROFtEawHVXyJB-,26
7088f34a24da0f130e1f9e0f66d59277914e331baf3c23106c266db0005a568d,7088f34a24da0f130e1f9e0f66d59277914e331baf3c23106c266db0005a568d,RETRIEVAL_ONLY,HUMAN_REVIEW_FINAL,KEEP_RETRIEVAL_ONLY,1Y00_IZEFBzWh2VtPl6ROFtEawHVXyJB-,26
fa891161e6982fe0af2f653de0b7f47b85df64834cb1a4fe2dfd49b8c60156b2,fa891161e6982fe0af2f653de0b7f47b85df64834cb1a4fe2dfd49b8c60156b2,RETRIEVAL_ONLY,HUMAN_REVIEW_FINAL,KEEP_RETRIEVAL_ONLY,1Y00_IZEFBzWh2VtPl6ROFtEawHVXyJB-,26
9c3ba3b00cb192b942e67ce069017004c096387b2d85e84315149256cd78fef6,9c3ba3b00cb192b942e67ce069017004c096387b2d85e84315149256cd78fef6,UNCHANGED_RETAINED,AUTOMATED_FULL_CORPUS_AUDIT,AUTO_QUALITY_PASS,1Y00_IZEFBzWh2VtPl6ROFtEawHVXyJB-,26
91edd568a9e10faf1778d51638ac3ec48bd7fe9ba16258d06f4a36001af3172f,91edd568a9e10faf1778d51638ac3ec48bd7fe9ba16258d06f4a36001af3172f,UNCHANGED_RETAINED,AUTOMATED_FULL_CORPUS_AUDIT,AUTO_QUALITY_PASS,1Y00_IZEFBzWh2VtPl6ROFtEawHVXyJB-,26
59db00c1f14da6b29fceff69861e7db257c073a246eacc245ec704ed923a3299,59db00c1f14da6b29fceff69861e7db257c073a246eacc245ec704ed923a3299,UNCHANGED_RETAINED,AUTOMATED_FULL_CORPUS_AUDIT,AUTO_QUALITY_PASS,1Y00_IZEFBzWh2VtPl6ROFtEawHVXyJB-,26
f726bf66009eb8289c53ace099736ae933815bd0097d375c42f595e291ff8aa2,f726bf66009eb8289c53ace099736ae933815bd0097d375c42f595e291ff8aa2,UNCHANGED_RETAINED,AUTOMATED_FULL_CORPUS_AUDIT,AUTO_QUALITY_PASS,1Y00_IZEFBzWh2VtPl6ROFtEawHVXyJB-,26
2965b3203a7d1ea3d41ab27b54916b44f66d2afd6f2caade121883cff144bb5b,2965b3203a7d1ea3d41ab27b54916b44f66d2afd6f2caade121883cff144bb5b,UNCHANGED_RETAINED,AUTOMATED_FULL_CORPUS_AUDIT,AUTO_QUALITY_PASS,1Y00_IZEFBzWh2VtPl6ROFtEawHVXyJB-,26
78a342d3c432306b9361fd62226e1b4b02ca1afd9cb32dde5b5d26365a593b9b,78a342d3c432306b9361fd62226e1b4b02ca1afd9cb32dde5b5d26365a593b9b,UNCHANGED_RETAINED,AUTOMATED_FULL_CORPUS_AUDIT,AUTO_QUALITY_PASS,1Y00_IZEFBzWh2VtPl6ROFtEawHVXyJB-,26
ee21de4136716e39abf649aa0e14c2506f8d11d74adb319413c729dfaf0ac8f1,ee21de4136716e39abf649aa0e14c2506f8d11d74adb319413c729dfaf0ac8f1,UNCHANGED_RETAINED,AUTOMATED_FULL_CORPUS_AUDIT,AUTO_QUALITY_PASS,1Y00_IZEFBzWh2VtPl6ROFtEawHVXyJB-,26
6089b46a7014184efa767f7990ae1c9b9cf98805a969589c651104e5899f2b31,6089b46a7014184efa767f7990ae1c9b9cf98805a969589c651104e5899f2b31,UNCHANGED_RETAINED,AUTOMATED_FULL_CORPUS_AUDIT,AUTO_QUALITY_PASS,1Y00_IZEFBzWh2VtPl6ROFtEawHVXyJB-,26
5d2142fc750fc3d313fa5b9fddd568a85e2fa5f9ccbe893810cbd5deb5db2ac7,5d2142fc750fc3d313fa5b9fddd568a85e2fa5f9ccbe893810cbd5deb5db2ac7,RETRIEVAL_ONLY,HUMAN_REVIEW_FINAL,KEEP_RETRIEVAL_ONLY,1Y00_IZEFBzWh2VtPl6ROFtEawHVXyJB-,27
2be9a0fd9295117d06f15edfae2eff7f8f7a9b6868a637c6b0ee944c4ff003bc,2be9a0fd9295117d06f15edfae2eff7f8f7a9b6868a637c6b0ee944c4ff003bc,UNCHANGED_RETAINED,AUTOMATED_FULL_CORPUS_AUDIT,AUTO_QUALITY_PASS,1Y00_IZEFBzWh2VtPl6ROFtEawHVXyJB-,27
e94e60ef20e47183cbb7ce80aeb4d0e794251147c81c4946480075a525608441,e94e60ef20e47183cbb7ce80aeb4d0e794251147c81c4946480075a525608441,UNCHANGED_RETAINED,AUTOMATED_FULL_CORPUS_AUDIT,AUTO_QUALITY_PASS,1Y00_IZEFBzWh2VtPl6ROFtEawHVXyJB-,27
4cdf19785ca0cd9ea726fdb4d3763d6fb5ebcfc7d28940b7595dbcd6a9eecf2c,4cdf19785ca0cd9ea726fdb4d3763d6fb5ebcfc7d28940b7595dbcd6a9eecf2c,UNCHANGED_RETAINED,AUTOMATED_FULL_CORPUS_AUDIT,AUTO_QUALITY_PASS,1Y00_IZEFBzWh2VtPl6ROFtEawHVXyJB-,27
5812eb6c2fdeab2e366a57d6507588b3080c84c71e04e68506cdcef854db7a15,5812eb6c2fdeab2e366a57d6507588b3080c84c71e04e68506cdcef854db7a15,UNCHANGED_RETAINED,AUTOMATED_FULL_CORPUS_AUDIT,AUTO_QUALITY_PASS,1Y00_IZEFBzWh2VtPl6ROFtEawHVXyJB-,27
a2d54d3f1e634ecc70009ec61b2f442d6b4539b4c58403e31d69aa9b13451dab,a2d54d3f1e634ecc70009ec61b2f442d6b4539b4c58403e31d69aa9b13451dab,RETRIEVAL_ONLY,HUMAN_REVIEW_FINAL,KEEP_RETRIEVAL_ONLY,1Y00_IZEFBzWh2VtPl6ROFtEawHVXyJB-,27
63dca0da4cc02b3f0d1847b40eb9d8825e485c23c12d76c7912a74f684c27fd1,63dca0da4cc02b3f0d1847b40eb9d8825e485c23c12d76c7912a74f684c27fd1,UNCHANGED_RETAINED,AUTOMATED_FULL_CORPUS_AUDIT,AUTO_QUALITY_PASS,1Y00_IZEFBzWh2VtPl6ROFtEawHVXyJB-,27
76d883ab475897e171f9b2609cf45a56a2fcbf2963f2fd1d9c0dacb7662f4091,76d883ab475897e171f9b2609cf45a56a2fcbf2963f2fd1d9c0dacb7662f4091,UNCHANGED_RETAINED,AUTOMATED_FULL_CORPUS_AUDIT,AUTO_QUALITY_PASS,1Y00_IZEFBzWh2VtPl6ROFtEawHVXyJB-,27
485491d4ff6314ca8c21058616cc9a8827e8bbe8bd533d510650797bdf05cae4,485491d4ff6314ca8c21058616cc9a8827e8bbe8bd533d510650797bdf05cae4,RETRIEVAL_ONLY,HUMAN_REVIEW_FINAL,KEEP_RETRIEVAL_ONLY,1Y00_IZEFBzWh2VtPl6ROFtEawHVXyJB-,27
554989f0158f990461b8ea752dc99f3a338363e7c5a6787017f33c400a49b120,554989f0158f990461b8ea752dc99f3a338363e7c5a6787017f33c400a49b120,UNCHANGED_RETAINED,AUTOMATED_FULL_CORPUS_AUDIT,AUTO_QUALITY_PASS,1Y00_IZEFBzWh2VtPl6ROFtEawHVXyJB-,27
b4d916d60b6476ea8cf89618aebf0a92d443947cb58ca51426ac2daf01599d11,b4d916d60b6476ea8cf89618aebf0a92d443947cb58ca51426ac2daf01599d11,UNCHANGED_RETAINED,AUTOMATED_FULL_CORPUS_AUDIT,AUTO_QUALITY_PASS,1Y00_IZEFBzWh2VtPl6ROFtEawHVXyJB-,27
c3af3b40df1110d2294aebcd441cfa0ae6bcb6634478329c2d84f095ae6e6b08,c3af3b40df1110d2294aebcd441cfa0ae6bcb6634478329c2d84f095ae6e6b08,UNCHANGED_RETAINED,AUTOMATED_FULL_CORPUS_AUDIT,AUTO_QUALITY_PASS,1Y00_IZEFBzWh2VtPl6ROFtEawHVXyJB-,27
e81befa5abb867d5353db117aaf723660bf1436d9028fd3b6df1d8933ab42271,e81befa5abb867d5353db117aaf723660bf1436d9028fd3b6df1d8933ab42271,UNCHANGED_RETAINED,AUTOMATED_FULL_CORPUS_AUDIT,AUTO_QUALITY_PASS,1Y00_IZEFBzWh2VtPl6ROFtEawHVXyJB-,27
b770fbdfc64ad4500d7b7d80ecb0d5623067546fd5c18a45c85a34944bd150dc,b770fbdfc64ad4500d7b7d80ecb0d5623067546fd5c18a45c85a34944bd150dc,UNCHANGED_RETAINED,AUTOMATED_FULL_CORPUS_AUDIT,AUTO_QUALITY_PASS,1Y00_IZEFBzWh2VtPl6ROFtEawHVXyJB-,27
681d13746b8e29b0cd515a1b725337fd9558bd774da6a3b8d60560437f449676,681d13746b8e29b0cd515a1b725337fd9558bd774da6a3b8d60560437f449676,UNCHANGED_RETAINED,AUTOMATED_FULL_CORPUS_AUDIT,AUTO_QUALITY_PASS,1Y00_IZEFBzWh2VtPl6ROFtEawHVXyJB-,27
2f5d3828788f54e6f3c37b375c70343aae99c865c078c4276c8951d8bcf92e57,2f5d3828788f54e6f3c37b375c70343aae99c865c078c4276c8951d8bcf92e57,UNCHANGED_RETAINED,AUTOMATED_FULL_CORPUS_AUDIT,AUTO_QUALITY_PASS,1Y00_IZEFBzWh2VtPl6ROFtEawHVXyJB-,27
19cd047b6b302d797c59009f24a109cfd517039d16aedf77ff48ff9f33b9ff77,19cd047b6b302d797c59009f24a109cfd517039d16aedf77ff48ff9f33b9ff77,UNCHANGED_RETAINED,AUTOMATED_FULL_CORPUS_AUDIT,AUTO_QUALITY_PASS,1Y00_IZEFBzWh2VtPl6ROFtEawHVXyJB-,27
bfa7275350718fa99f3ccf6c4a6f218af65a3efe6abb0b7c8d44d9ff2eb26263,,HUMAN_CONFIRMATION_QUARANTINE,HUMAN_REVIEW_FINAL,HUMAN_CONFIRMATION_REQUIRED,1Y00_IZEFBzWh2VtPl6ROFtEawHVXyJB-,28
81ea8714dbc2ac55d5ceef769d63cbc1cd133c8cc2e34c839d1ef12606483985,81ea8714dbc2ac55d5ceef769d63cbc1cd133c8cc2e34c839d1ef12606483985,UNCHANGED_RETAINED,AUTOMATED_FULL_CORPUS_AUDIT,AUTO_QUALITY_PASS,1YUwwzd8gyj5AkN7bCyCXVd9INbgGoyFi,1
e5dfafa80b1ec69efe184e2887235f8fa37b51baa5012105cc930d1d2126e9f6,e5dfafa80b1ec69efe184e2887235f8fa37b51baa5012105cc930d1d2126e9f6,UNCHANGED_RETAINED,AUTOMATED_FULL_CORPUS_AUDIT,AUTO_QUALITY_PASS,1YUwwzd8gyj5AkN7bCyCXVd9INbgGoyFi,1
46028eba7d39180244497a2fe0f08dfdf1909b812ea727a100696c19b8806860,46028eba7d39180244497a2fe0f08dfdf1909b812ea727a100696c19b8806860,UNCHANGED_RETAINED,AUTOMATED_FULL_CORPUS_AUDIT,AUTO_QUALITY_PASS,1Z0Xj34r2HOSeI0BY35tCKQ8vspbcjbIO,1
60dd616351eddae2dd4861ace848e50d2416016e048ccef27672ef95240fd547,60dd616351eddae2dd4861ace848e50d2416016e048ccef27672ef95240fd547,UNCHANGED_RETAINED,AUTOMATED_FULL_CORPUS_AUDIT,AUTO_QUALITY_PASS,1Z0Xj34r2HOSeI0BY35tCKQ8vspbcjbIO,2
ec06101258e7597fce7df597bb3b05d0939adb1b030db61c41cf9314cfeeb6c5,ec06101258e7597fce7df597bb3b05d0939adb1b030db61c41cf9314cfeeb6c5,UNCHANGED_RETAINED,AUTOMATED_FULL_CORPUS_AUDIT,AUTO_QUALITY_PASS,1Z0Xj34r2HOSeI0BY35tCKQ8vspbcjbIO,2
547536384c4d49b037134a953dd43d9c00a018d273873f62aa4b31b777440195,547536384c4d49b037134a953dd43d9c00a018d273873f62aa4b31b777440195,UNCHANGED_RETAINED,AUTOMATED_FULL_CORPUS_AUDIT,AUTO_QUALITY_PASS,1Z0Xj34r2HOSeI0BY35tCKQ8vspbcjbIO,3
3b2010dced59fe9debb7470b8fd1bc46c0cddacce5cf118ca8014a9ca8bb676b,3b2010dced59fe9debb7470b8fd1bc46c0cddacce5cf118ca8014a9ca8bb676b,UNCHANGED_RETAINED,AUTOMATED_FULL_CORPUS_AUDIT,AUTO_QUALITY_PASS,1Z0Xj34r2HOSeI0BY35tCKQ8vspbcjbIO,3
16316c6c080bc90df93d2c89bd5ffa858988240590364685f97cb9471c2d0fb3,16316c6c080bc90df93d2c89bd5ffa858988240590364685f97cb9471c2d0fb3,UNCHANGED_RETAINED,AUTOMATED_FULL_CORPUS_AUDIT,AUTO_QUALITY_PASS,1Z0Xj34r2HOSeI0BY35tCKQ8vspbcjbIO,3
18fbd98c10e328ce24a74a87cabe653e704762d306e164d48a6e2322cfe27b4a,18fbd98c10e328ce24a74a87cabe653e704762d306e164d48a6e2322cfe27b4a,UNCHANGED_RETAINED,AUTOMATED_FULL_CORPUS_AUDIT,AUTO_QUALITY_PASS,1Z0Xj34r2HOSeI0BY35tCKQ8vspbcjbIO,3
a200fe820422328e46cd09efabd6b1fe7ccfb1e5f6447fd0a3ad32784923a989,a200fe820422328e46cd09efabd6b1fe7ccfb1e5f6447fd0a3ad32784923a989,UNCHANGED_RETAINED,AUTOMATED_FULL_CORPUS_AUDIT,AUTO_QUALITY_PASS,1Z0Xj34r2HOSeI0BY35tCKQ8vspbcjbIO,4
9e4091a0b1a368f256618e21e947d2af8f0d02e5da43c49bb7c17fdeed755c89,9e4091a0b1a368f256618e21e947d2af8f0d02e5da43c49bb7c17fdeed755c89,UNCHANGED_RETAINED,AUTOMATED_FULL_CORPUS_AUDIT,AUTO_QUALITY_PASS,1Z0Xj34r2HOSeI0BY35tCKQ8vspbcjbIO,4
d3ff101e19d132976fec4d02f6b67aba5aa8d17f63a2c0f1e029125c09f780be,d3ff101e19d132976fec4d02f6b67aba5aa8d17f63a2c0f1e029125c09f780be,UNCHANGED_RETAINED,AUTOMATED_FULL_CORPUS_AUDIT,AUTO_QUALITY_PASS,1Z0Xj34r2HOSeI0BY35tCKQ8vspbcjbIO,4
6d7010fb3e36ddc0c3fd3f386223f8b120c2eb76d41a59ef9340ccbebb768542,6d7010fb3e36ddc0c3fd3f386223f8b120c2eb76d41a59ef9340ccbebb768542,UNCHANGED_RETAINED,AUTOMATED_FULL_CORPUS_AUDIT,AUTO_QUALITY_PASS,1Z0Xj34r2HOSeI0BY35tCKQ8vspbcjbIO,5
05b875242f381c416ecdd61183a99e091f09e81bd04376fd2d033f67bd6d197f,05b875242f381c416ecdd61183a99e091f09e81bd04376fd2d033f67bd6d197f,UNCHANGED_RETAINED,AUTOMATED_FULL_CORPUS_AUDIT,AUTO_QUALITY_PASS,1Z0Xj34r2HOSeI0BY35tCKQ8vspbcjbIO,5
17042fd97f65cdf22257e9cd207ce4a9609e0fabdbecf070d911b26d2086ff3c,17042fd97f65cdf22257e9cd207ce4a9609e0fabdbecf070d911b26d2086ff3c,UNCHANGED_RETAINED,AUTOMATED_FULL_CORPUS_AUDIT,AUTO_QUALITY_PASS,1Z0Xj34r2HOSeI0BY35tCKQ8vspbcjbIO,5
884a9e8e93c6543ccebcacea1507c3b143b275b9da4fb3777177225214aa1be9,884a9e8e93c6543ccebcacea1507c3b143b275b9da4fb3777177225214aa1be9,UNCHANGED_RETAINED,AUTOMATED_FULL_CORPUS_AUDIT,AUTO_QUALITY_PASS,1Z0Xj34r2HOSeI0BY35tCKQ8vspbcjbIO,5
fc1341af75b4d90d64158a6ca4036bec1a43c5829ceee667ae4c0990f89debe0,fc1341af75b4d90d64158a6ca4036bec1a43c5829ceee667ae4c0990f89debe0,UNCHANGED_RETAINED,AUTOMATED_FULL_CORPUS_AUDIT,AUTO_QUALITY_PASS,1Z0Xj34r2HOSeI0BY35tCKQ8vspbcjbIO,6
ba31ee45d4588aeea2af6efc5d33a168d0dc8fca325ba442699f647b160997df,ba31ee45d4588aeea2af6efc5d33a168d0dc8fca325ba442699f647b160997df,UNCHANGED_RETAINED,AUTOMATED_FULL_CORPUS_AUDIT,AUTO_QUALITY_PASS,1Z0Xj34r2HOSeI0BY35tCKQ8vspbcjbIO,6
03a120d3b7c1f665382b7957d5634b4f000f5dcf8aacd649d301583dd3a59cf5,,REMOVED_GENERIC,HUMAN_REVIEW_FINAL,EXCLUDE_GENERIC_OR_NON_EVIDENTIARY_TEXT,1Z0Xj34r2HOSeI0BY35tCKQ8vspbcjbIO,6
c5e737f7128a2af8e9a512b2f31c801f301bd50de2c02110eb8e79635807357f,c5e737f7128a2af8e9a512b2f31c801f301bd50de2c02110eb8e79635807357f,UNCHANGED_RETAINED,AUTOMATED_FULL_CORPUS_AUDIT,AUTO_QUALITY_PASS,1Z0Xj34r2HOSeI0BY35tCKQ8vspbcjbIO,6
7289692acd6e2b0ae8025d41f2972205fab7639af929667b3619f45a2a5c75e3,7289692acd6e2b0ae8025d41f2972205fab7639af929667b3619f45a2a5c75e3,UNCHANGED_RETAINED,AUTOMATED_FULL_CORPUS_AUDIT,AUTO_QUALITY_PASS,1Z0Xj34r2HOSeI0BY35tCKQ8vspbcjbIO,7
9bc211683e84a04d0d5a1f05a0f7be9304cb3172d0a16f29caf80da213a66bcd,9bc211683e84a04d0d5a1f05a0f7be9304cb3172d0a16f29caf80da213a66bcd,UNCHANGED_RETAINED,AUTOMATED_FULL_CORPUS_AUDIT,AUTO_QUALITY_PASS,1Z0Xj34r2HOSeI0BY35tCKQ8vspbcjbIO,7
6809ddd0ca501650529d70c6b1aab7033232ab99c92b44609624395cd54a3cd3,6809ddd0ca501650529d70c6b1aab7033232ab99c92b44609624395cd54a3cd3,UNCHANGED_RETAINED,AUTOMATED_FULL_CORPUS_AUDIT,AUTO_QUALITY_PASS,1Z0Xj34r2HOSeI0BY35tCKQ8vspbcjbIO,7
73a2929f2cbd4c1f4cca82ab2fd96721ce4fafb63140cdef276e67acea986a2a,73a2929f2cbd4c1f4cca82ab2fd96721ce4fafb63140cdef276e67acea986a2a,UNCHANGED_RETAINED,AUTOMATED_FULL_CORPUS_AUDIT,AUTO_QUALITY_PASS,1Z0Xj34r2HOSeI0BY35tCKQ8vspbcjbIO,8
ae37b60d4b6bdc468abed844c25804b781a84fa85a4bf9fae73b6d524f86be59,ae37b60d4b6bdc468abed844c25804b781a84fa85a4bf9fae73b6d524f86be59,UNCHANGED_RETAINED,AUTOMATED_FULL_CORPUS_AUDIT,AUTO_QUALITY_PASS,1Z0Xj34r2HOSeI0BY35tCKQ8vspbcjbIO,8
c6a8f0a8db52697fcbaef5e2d13f3a7563c1b6b4de19b8c8dec0e5a768acdf3d,c6a8f0a8db52697fcbaef5e2d13f3a7563c1b6b4de19b8c8dec0e5a768acdf3d,UNCHANGED_RETAINED,AUTOMATED_FULL_CORPUS_AUDIT,AUTO_QUALITY_PASS,1Z0Xj34r2HOSeI0BY35tCKQ8vspbcjbIO,8
0bdab76674eb7d6c9803ab34e36cbd6c99813f960b0260540c1053d4cff259df,0bdab76674eb7d6c9803ab34e36cbd6c99813f960b0260540c1053d4cff259df,UNCHANGED_RETAINED,AUTOMATED_FULL_CORPUS_AUDIT,AUTO_QUALITY_PASS,1Z0Xj34r2HOSeI0BY35tCKQ8vspbcjbIO,8
e00fb586d4b5cff43a219994eede46eb2d59e5a12eee7bf4e32b9aaf1007ac82,e00fb586d4b5cff43a219994eede46eb2d59e5a12eee7bf4e32b9aaf1007ac82,UNCHANGED_RETAINED,AUTOMATED_FULL_CORPUS_AUDIT,AUTO_QUALITY_PASS,1Z0Xj34r2HOSeI0BY35tCKQ8vspbcjbIO,9
4f725be4858cb0aa66fb19317a2e19c45540680695db6356f51bff203262edbc,4f725be4858cb0aa66fb19317a2e19c45540680695db6356f51bff203262edbc,UNCHANGED_RETAINED,AUTOMATED_FULL_CORPUS_AUDIT,AUTO_QUALITY_PASS,1Z0Xj34r2HOSeI0BY35tCKQ8vspbcjbIO,9
90da56da8f2742c1501a52de39a0b0513973ac61c15bc0c3aaf56e13eab90809,90da56da8f2742c1501a52de39a0b0513973ac61c15bc0c3aaf56e13eab90809,UNCHANGED_RETAINED,AUTOMATED_FULL_CORPUS_AUDIT,AUTO_QUALITY_PASS,1Z0Xj34r2HOSeI0BY35tCKQ8vspbcjbIO,9
411423b10aacc1f8c359831706020736f7d67b2c9411fba87012e3798f4ae77f,411423b10aacc1f8c359831706020736f7d67b2c9411fba87012e3798f4ae77f,UNCHANGED_RETAINED,AUTOMATED_FULL_CORPUS_AUDIT,AUTO_QUALITY_PASS,1Z0Xj34r2HOSeI0BY35tCKQ8vspbcjbIO,9
e38af99ce128b512a1030ef6f6c791e5b87d7e8d99e0e380f3fac3203af6f872,e38af99ce128b512a1030ef6f6c791e5b87d7e8d99e0e380f3fac3203af6f872,UNCHANGED_RETAINED,AUTOMATED_FULL_CORPUS_AUDIT,AUTO_QUALITY_PASS,1Z0Xj34r2HOSeI0BY35tCKQ8vspbcjbIO,9
b87da22b8c48c0a91093c79105ef3a8ad766de02426f48c63f6406f5b79625bc,b87da22b8c48c0a91093c79105ef3a8ad766de02426f48c63f6406f5b79625bc,UNCHANGED_RETAINED,AUTOMATED_FULL_CORPUS_AUDIT,AUTO_QUALITY_PASS,1Z0Xj34r2HOSeI0BY35tCKQ8vspbcjbIO,10
943d8ed779216b1eba80b25e9e6d4fd6bdb674a21eee4d6d2926ff6547765cb8,1f8da0db266a5531e149d61729c7c2680a13c850f25a19464706ea8c6e1658ac;263aa56448d5c54096fb9172044799f695e4a040a3d05ae0c724d55c73317c04;c730c4522ccd73d2d536357cd87950dc2321f98979ecc909427486ea0e8d155a;1ff0287fc5ca586c6bc71da14ba7f8178e3bc673bf87defc2fff29bd22cb3404,REPLACED,TARGETED_PAGE_REPAIR,REPLACED_BY_REPAIRED_PAGE,1Z0Xj34r2HOSeI0BY35tCKQ8vspbcjbIO,11
d8f710625aa84a8bcd3d29b0ecac3a247808b59034b6f0e3e5fc9b75264acac9,1f8da0db266a5531e149d61729c7c2680a13c850f25a19464706ea8c6e1658ac;263aa56448d5c54096fb9172044799f695e4a040a3d05ae0c724d55c73317c04;c730c4522ccd73d2d536357cd87950dc2321f98979ecc909427486ea0e8d155a;1ff0287fc5ca586c6bc71da14ba7f8178e3bc673bf87defc2fff29bd22cb3404,REPLACED,TARGETED_PAGE_REPAIR,REPLACED_BY_REPAIRED_PAGE,1Z0Xj34r2HOSeI0BY35tCKQ8vspbcjbIO,11
11ac7fc0b9e064019d56e74d00c79f36b0412799076c7582df91e0154a0291ad,1f8da0db266a5531e149d61729c7c2680a13c850f25a19464706ea8c6e1658ac;263aa56448d5c54096fb9172044799f695e4a040a3d05ae0c724d55c73317c04;c730c4522ccd73d2d536357cd87950dc2321f98979ecc909427486ea0e8d155a;1ff0287fc5ca586c6bc71da14ba7f8178e3bc673bf87defc2fff29bd22cb3404,REPLACED,TARGETED_PAGE_REPAIR,REPLACED_BY_REPAIRED_PAGE,1Z0Xj34r2HOSeI0BY35tCKQ8vspbcjbIO,11
58b943ff7ec69f756a5f931a415076b5ba8788003be7a5e8a3f66741aefff452,1f8da0db266a5531e149d61729c7c2680a13c850f25a19464706ea8c6e1658ac;263aa56448d5c54096fb9172044799f695e4a040a3d05ae0c724d55c73317c04;c730c4522ccd73d2d536357cd87950dc2321f98979ecc909427486ea0e8d155a;1ff0287fc5ca586c6bc71da14ba7f8178e3bc673bf87defc2fff29bd22cb3404,REPLACED,TARGETED_PAGE_REPAIR,REPLACED_BY_REPAIRED_PAGE,1Z0Xj34r2HOSeI0BY35tCKQ8vspbcjbIO,11
4fd2aa053d6d80bf633bbd4476735512aa47bf77f463d40f605e441c98dddf3e,4fd2aa053d6d80bf633bbd4476735512aa47bf77f463d40f605e441c98dddf3e,UNCHANGED_RETAINED,AUTOMATED_FULL_CORPUS_AUDIT,AUTO_QUALITY_PASS,1Z0Xj34r2HOSeI0BY35tCKQ8vspbcjbIO,12
f3fa465740c5529b1acfbcbb8ce44f1d8996b2f8a1fb10310450ccb7eebc5747,f3fa465740c5529b1acfbcbb8ce44f1d8996b2f8a1fb10310450ccb7eebc5747,UNCHANGED_RETAINED,AUTOMATED_FULL_CORPUS_AUDIT,AUTO_QUALITY_PASS,1Z0Xj34r2HOSeI0BY35tCKQ8vspbcjbIO,13
a67962261e8a961e30c3a41a0536f5e7f5ab54aab95ef8b1d27b0bd1f9fb6dfd,a67962261e8a961e30c3a41a0536f5e7f5ab54aab95ef8b1d27b0bd1f9fb6dfd,UNCHANGED_RETAINED,AUTOMATED_FULL_CORPUS_AUDIT,AUTO_QUALITY_PASS,1Z0Xj34r2HOSeI0BY35tCKQ8vspbcjbIO,13
53992e4ca933d1eb5ab53f10972dc3d68b1dd3124e6af926217499a810357d56,53992e4ca933d1eb5ab53f10972dc3d68b1dd3124e6af926217499a810357d56,UNCHANGED_RETAINED,AUTOMATED_FULL_CORPUS_AUDIT,AUTO_QUALITY_PASS,1Z0Xj34r2HOSeI0BY35tCKQ8vspbcjbIO,13
10b51c4797ad78b19b60b6cfd4072cabf2c61c45203b40069977d86566a7c29e,10b51c4797ad78b19b60b6cfd4072cabf2c61c45203b40069977d86566a7c29e,UNCHANGED_RETAINED,HUMAN_REVIEW_FINAL,KEEP_RETRIEVAL_AND_DISPLAY,1Z0Xj34r2HOSeI0BY35tCKQ8vspbcjbIO,14
1d68aebfa447915c7b60b92be6a877310cd230ecbf4c0037b3bae9c15e0a92f9,1d68aebfa447915c7b60b92be6a877310cd230ecbf4c0037b3bae9c15e0a92f9,UNCHANGED_RETAINED,AUTOMATED_FULL_CORPUS_AUDIT,AUTO_QUALITY_PASS,1Z0Xj34r2HOSeI0BY35tCKQ8vspbcjbIO,14
726007c5a9503f93a83bc3d1bd7331e6f7cfe7b943d63e3b0739ba2b472aba07,726007c5a9503f93a83bc3d1bd7331e6f7cfe7b943d63e3b0739ba2b472aba07,UNCHANGED_RETAINED,AUTOMATED_FULL_CORPUS_AUDIT,AUTO_QUALITY_PASS,1Z0Xj34r2HOSeI0BY35tCKQ8vspbcjbIO,14
366e01402b6753fb67a09e86fb23a5d2fea8753a50b5fc0a7681c8783af0a48f,366e01402b6753fb67a09e86fb23a5d2fea8753a50b5fc0a7681c8783af0a48f,UNCHANGED_RETAINED,AUTOMATED_FULL_CORPUS_AUDIT,AUTO_QUALITY_PASS,1Z0Xj34r2HOSeI0BY35tCKQ8vspbcjbIO,15
8a7553bc3b493600e77f32fbdde6b37709afc4481297a1aaf31190fe32e38bc3,8a7553bc3b493600e77f32fbdde6b37709afc4481297a1aaf31190fe32e38bc3,UNCHANGED_RETAINED,AUTOMATED_FULL_CORPUS_AUDIT,AUTO_QUALITY_PASS,1Z0Xj34r2HOSeI0BY35tCKQ8vspbcjbIO,15
1063057a621a0c205b874801db3e7c2ec63ecd029733772e5bd6f05ee04d4f40,1063057a621a0c205b874801db3e7c2ec63ecd029733772e5bd6f05ee04d4f40,UNCHANGED_RETAINED,AUTOMATED_FULL_CORPUS_AUDIT,AUTO_QUALITY_PASS,1Z0Xj34r2HOSeI0BY35tCKQ8vspbcjbIO,15
e06ea9fbf7cf3bcb0f486795876807277a1572d33ab3f8e871ce714a22e488b1,e06ea9fbf7cf3bcb0f486795876807277a1572d33ab3f8e871ce714a22e488b1,UNCHANGED_RETAINED,AUTOMATED_FULL_CORPUS_AUDIT,AUTO_QUALITY_PASS,1Z0Xj34r2HOSeI0BY35tCKQ8vspbcjbIO,16
ffd5150925dc6c38a6f7df1846d7b5beb1cf3a818c87dd89c54629092947de5c,ffd5150925dc6c38a6f7df1846d7b5beb1cf3a818c87dd89c54629092947de5c,UNCHANGED_RETAINED,AUTOMATED_FULL_CORPUS_AUDIT,AUTO_QUALITY_PASS,1Z0Xj34r2HOSeI0BY35tCKQ8vspbcjbIO,16
2261663128512941502b615cf6031b4852f05f5e06f17d47cb17e1b9326de5bd,2261663128512941502b615cf6031b4852f05f5e06f17d47cb17e1b9326de5bd,UNCHANGED_RETAINED,AUTOMATED_FULL_CORPUS_AUDIT,AUTO_QUALITY_PASS,1Z0Xj34r2HOSeI0BY35tCKQ8vspbcjbIO,16
630e68994764363f226b2727e9f6bb7a43421696a3c78802487b4980a3f7bea1,630e68994764363f226b2727e9f6bb7a43421696a3c78802487b4980a3f7bea1,UNCHANGED_RETAINED,AUTOMATED_FULL_CORPUS_AUDIT,AUTO_QUALITY_PASS,1Z0Xj34r2HOSeI0BY35tCKQ8vspbcjbIO,18
ad9ef0181d5014cddc8c5c3bc287ae6f376104013cda865f65827cd2548991bd,ad9ef0181d5014cddc8c5c3bc287ae6f376104013cda865f65827cd2548991bd,UNCHANGED_RETAINED,HUMAN_REVIEW_FINAL,KEEP_RETRIEVAL_AND_DISPLAY,1Z0Xj34r2HOSeI0BY35tCKQ8vspbcjbIO,19
6b9b439b3bd843dfe92d7cffb76dd2bd1be836fb821da6f1db07a034e884fda5,6b9b439b3bd843dfe92d7cffb76dd2bd1be836fb821da6f1db07a034e884fda5,UNCHANGED_RETAINED,AUTOMATED_FULL_CORPUS_AUDIT,AUTO_QUALITY_PASS,1_AYXMXTs3ztPDoQSptHy3zF9tI2_5Uy4,1
afd8a64335933ce569e61b912860fb3c02fc2c8cf07b5ac29bc8d82ce7309046,afd8a64335933ce569e61b912860fb3c02fc2c8cf07b5ac29bc8d82ce7309046,UNCHANGED_RETAINED,AUTOMATED_FULL_CORPUS_AUDIT,AUTO_QUALITY_PASS,1_AYXMXTs3ztPDoQSptHy3zF9tI2_5Uy4,1
8b6f7d6377e7f9806cf9ebc65cedc2e21b143521effece63c1d779354510fdc9,8b6f7d6377e7f9806cf9ebc65cedc2e21b143521effece63c1d779354510fdc9,UNCHANGED_RETAINED,AUTOMATED_FULL_CORPUS_AUDIT,AUTO_QUALITY_PASS,1a4tFq5whjcPlSgWJ0c7Ev7wLQqLNYZYa,1
0cf8e8db7e8143f016e8b90d72544a532b807df8a14653891f10b4e08eeb872a,0cf8e8db7e8143f016e8b90d72544a532b807df8a14653891f10b4e08eeb872a,UNCHANGED_RETAINED,AUTOMATED_FULL_CORPUS_AUDIT,AUTO_QUALITY_PASS,1a4tFq5whjcPlSgWJ0c7Ev7wLQqLNYZYa,1
7092bdcf2bf3af42673e92c5759e4be55290d0d66cdb5ac3299419c9a6a5c67d,7092bdcf2bf3af42673e92c5759e4be55290d0d66cdb5ac3299419c9a6a5c67d,UNCHANGED_RETAINED,HUMAN_REVIEW_FINAL,KEEP_RETRIEVAL_AND_DISPLAY,1aE0WgJr-ouLjRTbiFyu2r6mHFJwb4mEZ,1
57444ca16275468f6a91914442bfbaab3d4224d9d783205026937e40a95514ab,57444ca16275468f6a91914442bfbaab3d4224d9d783205026937e40a95514ab,UNCHANGED_RETAINED,AUTOMATED_FULL_CORPUS_AUDIT,AUTO_QUALITY_PASS,1aE0WgJr-ouLjRTbiFyu2r6mHFJwb4mEZ,1
e198a3df8910974a263b255f4a07c20d40ace3834810cbe6df181269a1d21337,e198a3df8910974a263b255f4a07c20d40ace3834810cbe6df181269a1d21337,UNCHANGED_RETAINED,AUTOMATED_FULL_CORPUS_AUDIT,AUTO_QUALITY_PASS,1aXV7yq06PGQFl6RtnPWFQW_98lYfgHzq,1
252b6366ea8b6dfd144632dca3f21b70b471fc43c67c79165e21016c46df85bf,252b6366ea8b6dfd144632dca3f21b70b471fc43c67c79165e21016c46df85bf,UNCHANGED_RETAINED,AUTOMATED_FULL_CORPUS_AUDIT,AUTO_QUALITY_PASS,1aXV7yq06PGQFl6RtnPWFQW_98lYfgHzq,1
937e76f872d5c6b9f693e37267857c0f1a7a8260c01e489b2a8157f9c739fec9,937e76f872d5c6b9f693e37267857c0f1a7a8260c01e489b2a8157f9c739fec9,UNCHANGED_RETAINED,AUTOMATED_FULL_CORPUS_AUDIT,AUTO_QUALITY_PASS,1a_fh3nM4QBmnmC9BXKKivma62ngBzhdY,1
34e12247d74c0c15e5795ccadf5eefe6697fefc593fe281b3d213f1e9d5eae5f,34e12247d74c0c15e5795ccadf5eefe6697fefc593fe281b3d213f1e9d5eae5f,UNCHANGED_RETAINED,AUTOMATED_FULL_CORPUS_AUDIT,AUTO_QUALITY_PASS,1a_fh3nM4QBmnmC9BXKKivma62ngBzhdY,1
a29c8902e359af0bc4d5e4ea4ee7a1f1f8a8b5a122b452317cae444061d9450f,a29c8902e359af0bc4d5e4ea4ee7a1f1f8a8b5a122b452317cae444061d9450f,UNCHANGED_RETAINED,AUTOMATED_FULL_CORPUS_AUDIT,AUTO_QUALITY_PASS,1bSxYw15j3MCPomBjpri6Bpb_JFVn56pG,1
5910ac5f80d9e4eca861a9a762199ff09c066f42fe5bf929f63553cd5966cba1,5910ac5f80d9e4eca861a9a762199ff09c066f42fe5bf929f63553cd5966cba1,UNCHANGED_RETAINED,AUTOMATED_FULL_CORPUS_AUDIT,AUTO_QUALITY_PASS,1bSxYw15j3MCPomBjpri6Bpb_JFVn56pG,1
b5035d5ab0d31a44fd18f7a465d7aca2709dee93d44dc009a1b15740a9e18994,b5035d5ab0d31a44fd18f7a465d7aca2709dee93d44dc009a1b15740a9e18994,UNCHANGED_RETAINED,AUTOMATED_FULL_CORPUS_AUDIT,AUTO_QUALITY_PASS,1cvlwep4xkLrpW5-UvIhKIOoBNotdiJDl,1
7f26983793d0f7a9cf091570e61ccc630174fab31ef2e6fce120452ab5b05e41,7f26983793d0f7a9cf091570e61ccc630174fab31ef2e6fce120452ab5b05e41,UNCHANGED_RETAINED,AUTOMATED_FULL_CORPUS_AUDIT,AUTO_QUALITY_PASS,1cvlwep4xkLrpW5-UvIhKIOoBNotdiJDl,2
3e4c860876a0fbae4537de94298f0b6ba21fbea124e15ac80444194c2a8a127b,3e4c860876a0fbae4537de94298f0b6ba21fbea124e15ac80444194c2a8a127b,UNCHANGED_RETAINED,AUTOMATED_FULL_CORPUS_AUDIT,AUTO_QUALITY_PASS,1cvlwep4xkLrpW5-UvIhKIOoBNotdiJDl,2
14c07e261324f8ad7afb3f5540d94f248683694073e73bc7647c38b1bc3b1d27,14c07e261324f8ad7afb3f5540d94f248683694073e73bc7647c38b1bc3b1d27,UNCHANGED_RETAINED,AUTOMATED_FULL_CORPUS_AUDIT,AUTO_QUALITY_PASS,1cvlwep4xkLrpW5-UvIhKIOoBNotdiJDl,2
287b279256a61f1289bb301ed674c8d1a1ea72ba17c5ecdc47827503e335098f,287b279256a61f1289bb301ed674c8d1a1ea72ba17c5ecdc47827503e335098f,UNCHANGED_RETAINED,AUTOMATED_FULL_CORPUS_AUDIT,AUTO_QUALITY_PASS,1cvlwep4xkLrpW5-UvIhKIOoBNotdiJDl,3
d6b1ac441d364ca16eda4a84637e354f5249cb8db0edd7557e4fa0c15a3b52d8,d6b1ac441d364ca16eda4a84637e354f5249cb8db0edd7557e4fa0c15a3b52d8,UNCHANGED_RETAINED,AUTOMATED_FULL_CORPUS_AUDIT,AUTO_QUALITY_PASS,1cvlwep4xkLrpW5-UvIhKIOoBNotdiJDl,3
cf2f1455f78d7dd5940745aebd65b8861ae3e0d0213287cdc7df6e8671656383,cf2f1455f78d7dd5940745aebd65b8861ae3e0d0213287cdc7df6e8671656383,UNCHANGED_RETAINED,AUTOMATED_FULL_CORPUS_AUDIT,AUTO_QUALITY_PASS,1cvlwep4xkLrpW5-UvIhKIOoBNotdiJDl,3
63f460f2d1cb7b84e93857b7dc21baebe2fdfb9ba08d1bd28e11bf3656e9118b,63f460f2d1cb7b84e93857b7dc21baebe2fdfb9ba08d1bd28e11bf3656e9118b,UNCHANGED_RETAINED,AUTOMATED_FULL_CORPUS_AUDIT,AUTO_QUALITY_PASS,1cvlwep4xkLrpW5-UvIhKIOoBNotdiJDl,3
7cc237bdd155866a2855f988995a6026b064bdec4e5ebe70b019edab3c17ab37,7cc237bdd155866a2855f988995a6026b064bdec4e5ebe70b019edab3c17ab37,UNCHANGED_RETAINED,AUTOMATED_FULL_CORPUS_AUDIT,AUTO_QUALITY_PASS,1cvlwep4xkLrpW5-UvIhKIOoBNotdiJDl,4
343c9888deb6b478677e5adf974560880ed824d78c46bf1777f148e2e2011695,343c9888deb6b478677e5adf974560880ed824d78c46bf1777f148e2e2011695,UNCHANGED_RETAINED,AUTOMATED_FULL_CORPUS_AUDIT,AUTO_QUALITY_PASS,1cvlwep4xkLrpW5-UvIhKIOoBNotdiJDl,4
3249b5f73cb794ff06bdfca8d348f902ea04fa90421e79534dc33b346b3b8466,3249b5f73cb794ff06bdfca8d348f902ea04fa90421e79534dc33b346b3b8466,UNCHANGED_RETAINED,AUTOMATED_FULL_CORPUS_AUDIT,AUTO_QUALITY_PASS,1cvlwep4xkLrpW5-UvIhKIOoBNotdiJDl,4
355ffcd80deb070d37b4401134bdebe4399af74064131b7b2cf5d7c7fd849ad6,355ffcd80deb070d37b4401134bdebe4399af74064131b7b2cf5d7c7fd849ad6,UNCHANGED_RETAINED,AUTOMATED_FULL_CORPUS_AUDIT,AUTO_QUALITY_PASS,1cvlwep4xkLrpW5-UvIhKIOoBNotdiJDl,5
c725a08660a54e78bcaf27505f00d465255d309ad05a62c60d0f76ef1ba40e6a,c725a08660a54e78bcaf27505f00d465255d309ad05a62c60d0f76ef1ba40e6a,UNCHANGED_RETAINED,AUTOMATED_FULL_CORPUS_AUDIT,AUTO_QUALITY_PASS,1cvlwep4xkLrpW5-UvIhKIOoBNotdiJDl,5
a4ca4bbd5455e37292181f164c0a7eb56e45c5a58ff1a925b5abea2643f2d61e,a4ca4bbd5455e37292181f164c0a7eb56e45c5a58ff1a925b5abea2643f2d61e,UNCHANGED_RETAINED,AUTOMATED_FULL_CORPUS_AUDIT,AUTO_QUALITY_PASS,1cvlwep4xkLrpW5-UvIhKIOoBNotdiJDl,5
bcabb189e63192c8ac9e88320626488cd21b967dc302ee673900ebd2c15dbbdb,bcabb189e63192c8ac9e88320626488cd21b967dc302ee673900ebd2c15dbbdb,UNCHANGED_RETAINED,AUTOMATED_FULL_CORPUS_AUDIT,AUTO_QUALITY_PASS,1cvlwep4xkLrpW5-UvIhKIOoBNotdiJDl,6
ac81052543b187f7d9332df4f91e00c8559ce1db0d73b2d27bd865d46729380d,ac81052543b187f7d9332df4f91e00c8559ce1db0d73b2d27bd865d46729380d,UNCHANGED_RETAINED,AUTOMATED_FULL_CORPUS_AUDIT,AUTO_QUALITY_PASS,1cvlwep4xkLrpW5-UvIhKIOoBNotdiJDl,6
227bf741b3f572a520e78687e93e1aaa791a2cb0ea01caf9d780786ac26be9e0,227bf741b3f572a520e78687e93e1aaa791a2cb0ea01caf9d780786ac26be9e0,UNCHANGED_RETAINED,AUTOMATED_FULL_CORPUS_AUDIT,AUTO_QUALITY_PASS,1cvlwep4xkLrpW5-UvIhKIOoBNotdiJDl,6
339b41e3065dd02705945d94a17426710b9c190d81f79403302c41f2a6a5ad55,339b41e3065dd02705945d94a17426710b9c190d81f79403302c41f2a6a5ad55,UNCHANGED_RETAINED,AUTOMATED_FULL_CORPUS_AUDIT,AUTO_QUALITY_PASS,1cvlwep4xkLrpW5-UvIhKIOoBNotdiJDl,7
722cd1f8c0d058e2151e6cd00ccb6efdb0e047618f7741f634ba2ac8f955f384,722cd1f8c0d058e2151e6cd00ccb6efdb0e047618f7741f634ba2ac8f955f384,UNCHANGED_RETAINED,AUTOMATED_FULL_CORPUS_AUDIT,AUTO_QUALITY_PASS,1cvlwep4xkLrpW5-UvIhKIOoBNotdiJDl,7
42f0d2c3a73aa676d8098b1baa542354d52ca48604ed4c748c344a6f9163da18,42f0d2c3a73aa676d8098b1baa542354d52ca48604ed4c748c344a6f9163da18,UNCHANGED_RETAINED,AUTOMATED_FULL_CORPUS_AUDIT,AUTO_QUALITY_PASS,1cvlwep4xkLrpW5-UvIhKIOoBNotdiJDl,7
28f32cccd6c934f9bbf7e1d7268f5b5261f66c1b524188eb81ed864b4c67e481,,HUMAN_CONFIRMATION_QUARANTINE,HUMAN_REVIEW_FINAL,HUMAN_CONFIRMATION_REQUIRED,1cvlwep4xkLrpW5-UvIhKIOoBNotdiJDl,7
6e23a6bed4756c6c731ed853cd1df26cca8f7a1e54726e4311ec2c25d3a9251d,6e23a6bed4756c6c731ed853cd1df26cca8f7a1e54726e4311ec2c25d3a9251d,UNCHANGED_RETAINED,AUTOMATED_FULL_CORPUS_AUDIT,AUTO_QUALITY_PASS,1cvlwep4xkLrpW5-UvIhKIOoBNotdiJDl,8
32d912cd363b3e5a5df79f088b12f39098b1ef206e3caeab69c1ea645d01665a,32d912cd363b3e5a5df79f088b12f39098b1ef206e3caeab69c1ea645d01665a,UNCHANGED_RETAINED,AUTOMATED_FULL_CORPUS_AUDIT,AUTO_QUALITY_PASS,1d9vOgd2J2YtIBgnupbWdFKy-SiBVgtQm,1
aed6387032f20deb9a1929f6cc944822bd57905c6d7bab8e7faab165fce580b4,,HUMAN_CONFIRMATION_QUARANTINE,HUMAN_REVIEW_FINAL,HUMAN_CONFIRMATION_REQUIRED,1d9vOgd2J2YtIBgnupbWdFKy-SiBVgtQm,1
c3725d6be29230bac8b20ce52824c580229a0a66f2b985422730b09bae7673c3,c3725d6be29230bac8b20ce52824c580229a0a66f2b985422730b09bae7673c3,UNCHANGED_RETAINED,AUTOMATED_FULL_CORPUS_AUDIT,AUTO_QUALITY_PASS,1ddq8xGA5OrmXdnT2j8efJba1vZ8RM6HS,1
b53d0699be8e2c19ee9ce2c2ffad4ba5900d1b5b13ffa54e7e3a6647bf1e6ed6,b53d0699be8e2c19ee9ce2c2ffad4ba5900d1b5b13ffa54e7e3a6647bf1e6ed6,UNCHANGED_RETAINED,AUTOMATED_FULL_CORPUS_AUDIT,AUTO_QUALITY_PASS,1ddq8xGA5OrmXdnT2j8efJba1vZ8RM6HS,1
c3569a278157fb55b9a48142673895ed782ea5d9282dc53fff962bd309a17ba0,c3569a278157fb55b9a48142673895ed782ea5d9282dc53fff962bd309a17ba0,UNCHANGED_RETAINED,AUTOMATED_FULL_CORPUS_AUDIT,AUTO_QUALITY_PASS,1ddq8xGA5OrmXdnT2j8efJba1vZ8RM6HS,1
fc287a9500f5df88f8a85cc9fa00fbc5fb8d7431d78a7bc5504999745d262c1c,fc287a9500f5df88f8a85cc9fa00fbc5fb8d7431d78a7bc5504999745d262c1c,UNCHANGED_RETAINED,AUTOMATED_FULL_CORPUS_AUDIT,AUTO_QUALITY_PASS,1ddq8xGA5OrmXdnT2j8efJba1vZ8RM6HS,2
6b59f8836d9c9500213a7d66db9652fd9c2c07a45734d56bea72b94d76c8415e,6b59f8836d9c9500213a7d66db9652fd9c2c07a45734d56bea72b94d76c8415e,UNCHANGED_RETAINED,AUTOMATED_FULL_CORPUS_AUDIT,AUTO_QUALITY_PASS,1ddq8xGA5OrmXdnT2j8efJba1vZ8RM6HS,2
452859c1c6969d7a583ad3838200f41842af52f6581ff10c0ae9783e06e93e77,452859c1c6969d7a583ad3838200f41842af52f6581ff10c0ae9783e06e93e77,UNCHANGED_RETAINED,AUTOMATED_FULL_CORPUS_AUDIT,AUTO_QUALITY_PASS,1ecu_leKs_DKZSzZBqZ2OfrJqR4OPEyNQ,1
d5c0aa98cff25fd840f38f6529fd91bb6379428e504d537bd33b0b329f0d7fe5,d5c0aa98cff25fd840f38f6529fd91bb6379428e504d537bd33b0b329f0d7fe5,UNCHANGED_RETAINED,AUTOMATED_FULL_CORPUS_AUDIT,AUTO_QUALITY_PASS,1ecu_leKs_DKZSzZBqZ2OfrJqR4OPEyNQ,1
0bb362a916050c8390a33ec4779bc82f40e1bdc670f6e23e4d55a2a2090c7c29,0bb362a916050c8390a33ec4779bc82f40e1bdc670f6e23e4d55a2a2090c7c29,UNCHANGED_RETAINED,HUMAN_REVIEW_FINAL,KEEP_RETRIEVAL_AND_DISPLAY,1fEbizqn6EMgDzdiRjaYgwug58VleOjIJ,1
2c807e45c96871826525ef4608e333c5abe5084122486a528f1fcfefe3ea5f15,,HUMAN_CONFIRMATION_QUARANTINE,HUMAN_REVIEW_FINAL,HUMAN_CONFIRMATION_REQUIRED,1fEbizqn6EMgDzdiRjaYgwug58VleOjIJ,1
d28b63c84824471ffa59f735268c9d9142d143f630d735196731901b9dce375f,d28b63c84824471ffa59f735268c9d9142d143f630d735196731901b9dce375f,UNCHANGED_RETAINED,AUTOMATED_FULL_CORPUS_AUDIT,AUTO_QUALITY_PASS,1fH9GkrO3ASzH01irbsM0wFj3xbhhMFEw,1
2de375fe1187a2ff91bcf50d4b8ee12fb7fa87952d02221e2372848154dcf994,2de375fe1187a2ff91bcf50d4b8ee12fb7fa87952d02221e2372848154dcf994,UNCHANGED_RETAINED,AUTOMATED_FULL_CORPUS_AUDIT,AUTO_QUALITY_PASS,1gPeiosBYnMzIHYDZn4teHmv6AFMHUT2b,1
79d6178f2a6afce48644e596a7e19c77b108cc50e2f7602f881d874eeebcb7a5,79d6178f2a6afce48644e596a7e19c77b108cc50e2f7602f881d874eeebcb7a5,UNCHANGED_RETAINED,AUTOMATED_FULL_CORPUS_AUDIT,AUTO_QUALITY_PASS,1gUcTIXKst-oHOHQAZLNXCrfCrul8wV4e,1
3e4a855375c51b9494222a695e088b142bb29533f40325b8fffbf2f28e0ff8a9,3e4a855375c51b9494222a695e088b142bb29533f40325b8fffbf2f28e0ff8a9,UNCHANGED_RETAINED,HUMAN_REVIEW_FINAL,KEEP_RETRIEVAL_AND_DISPLAY,1hJidKkvHmJByesfudvLVUui8X8L1c_SK,1
ce5010bfc7ae06e52344a003d074f9b2e945c1aae283a109dd4a8b49f31d35c2,ce5010bfc7ae06e52344a003d074f9b2e945c1aae283a109dd4a8b49f31d35c2,UNCHANGED_RETAINED,AUTOMATED_FULL_CORPUS_AUDIT,AUTO_QUALITY_PASS,1iyhMx8dBGqC1zoev0DSg9Glc6gg8sAt6,1
64f51bc0ff394926fb60bc76e82dd7d60d5a7447086df5dd6edfab7fc34ac9c5,64f51bc0ff394926fb60bc76e82dd7d60d5a7447086df5dd6edfab7fc34ac9c5,UNCHANGED_RETAINED,AUTOMATED_FULL_CORPUS_AUDIT,AUTO_QUALITY_PASS,1iyhMx8dBGqC1zoev0DSg9Glc6gg8sAt6,1
0e73e275300cbfa8f907c05561501abaa47a643db8d2e7673c633ee1af73aaa5,0e73e275300cbfa8f907c05561501abaa47a643db8d2e7673c633ee1af73aaa5,UNCHANGED_RETAINED,AUTOMATED_FULL_CORPUS_AUDIT,AUTO_QUALITY_PASS,1jK70wcYKKfz_oRXhJ-h2yT8NMXHVoGKW,1
a81332d194501cdaad4912190e2cea9c18b783013acc2b818820b0d889d11a82,a81332d194501cdaad4912190e2cea9c18b783013acc2b818820b0d889d11a82,UNCHANGED_RETAINED,AUTOMATED_FULL_CORPUS_AUDIT,AUTO_QUALITY_PASS,1jK70wcYKKfz_oRXhJ-h2yT8NMXHVoGKW,1
ac4b20b43479ffd44218b9ee36549401b46e07a746076036e4e0590c64e41446,ac4b20b43479ffd44218b9ee36549401b46e07a746076036e4e0590c64e41446,UNCHANGED_RETAINED,AUTOMATED_FULL_CORPUS_AUDIT,AUTO_QUALITY_PASS,1kZ2duB64mvhAM06ORwHvJijmHbYkikIe,1
d863c3f9aa6e11a538078d795b702e7948c08e5c2e342becaec404a4ef764c50,d863c3f9aa6e11a538078d795b702e7948c08e5c2e342becaec404a4ef764c50,UNCHANGED_RETAINED,AUTOMATED_FULL_CORPUS_AUDIT,AUTO_QUALITY_PASS,1kZ2duB64mvhAM06ORwHvJijmHbYkikIe,1
362c0caad5a2768ef15975409ffca21d053af99e588c546ce3d2c3261aaed1ed,362c0caad5a2768ef15975409ffca21d053af99e588c546ce3d2c3261aaed1ed,UNCHANGED_RETAINED,AUTOMATED_FULL_CORPUS_AUDIT,AUTO_QUALITY_PASS,1kZ2duB64mvhAM06ORwHvJijmHbYkikIe,1
5e70a96497b358dfefc1a476db212cce4bfb522a4d04efaaeb0475377b1654bd,5e70a96497b358dfefc1a476db212cce4bfb522a4d04efaaeb0475377b1654bd,UNCHANGED_RETAINED,HUMAN_REVIEW_FINAL,KEEP_RETRIEVAL_AND_DISPLAY,1kZ2duB64mvhAM06ORwHvJijmHbYkikIe,2
8fd46c65e1094ad3cb3f10c4d421ec45d3fa13fc1b215f66d48297f5755059cd,8fd46c65e1094ad3cb3f10c4d421ec45d3fa13fc1b215f66d48297f5755059cd,UNCHANGED_RETAINED,AUTOMATED_FULL_CORPUS_AUDIT,AUTO_QUALITY_PASS,1kZ2duB64mvhAM06ORwHvJijmHbYkikIe,2
8373d38c7a41d66aae50f8582fa174f0760615e631de8f76177230568e9093f7,8373d38c7a41d66aae50f8582fa174f0760615e631de8f76177230568e9093f7,UNCHANGED_RETAINED,AUTOMATED_FULL_CORPUS_AUDIT,AUTO_QUALITY_PASS,1kZ2duB64mvhAM06ORwHvJijmHbYkikIe,2
52bb019a11a60f5adbbf7a0da6bcbc4c8514a30e131892cda69ad99efd7f1388,52bb019a11a60f5adbbf7a0da6bcbc4c8514a30e131892cda69ad99efd7f1388,UNCHANGED_RETAINED,AUTOMATED_FULL_CORPUS_AUDIT,AUTO_QUALITY_PASS,1kZ2duB64mvhAM06ORwHvJijmHbYkikIe,3
d4c80211c875fc138b896d8e439502084a8119de40c5fc39705da811f921c463,d4c80211c875fc138b896d8e439502084a8119de40c5fc39705da811f921c463,UNCHANGED_RETAINED,AUTOMATED_FULL_CORPUS_AUDIT,AUTO_QUALITY_PASS,1kZ2duB64mvhAM06ORwHvJijmHbYkikIe,3
6179ea28cdcf639b4577df84bd2aa5183038eb2a5299100ecbe27e8b88038ae4,6179ea28cdcf639b4577df84bd2aa5183038eb2a5299100ecbe27e8b88038ae4,UNCHANGED_RETAINED,AUTOMATED_FULL_CORPUS_AUDIT,AUTO_QUALITY_PASS,1kZ2duB64mvhAM06ORwHvJijmHbYkikIe,3
708a6ee3ed353b4f483a02d9ffe76510e0e08fb9e4f51d674eca335ae946c8e1,708a6ee3ed353b4f483a02d9ffe76510e0e08fb9e4f51d674eca335ae946c8e1,UNCHANGED_RETAINED,AUTOMATED_FULL_CORPUS_AUDIT,AUTO_QUALITY_PASS,1kZ2duB64mvhAM06ORwHvJijmHbYkikIe,3
10c6ca5bdd09c3d6c4700c003a31b7fab544192dd5eb0a7ec25e2fdbcbdd333a,10c6ca5bdd09c3d6c4700c003a31b7fab544192dd5eb0a7ec25e2fdbcbdd333a,UNCHANGED_RETAINED,AUTOMATED_FULL_CORPUS_AUDIT,AUTO_QUALITY_PASS,1kZ2duB64mvhAM06ORwHvJijmHbYkikIe,4
81f5aaa3aa053415f4f280e819338eb2fca46657d58a96096e48ee3793ed763a,81f5aaa3aa053415f4f280e819338eb2fca46657d58a96096e48ee3793ed763a,UNCHANGED_RETAINED,AUTOMATED_FULL_CORPUS_AUDIT,AUTO_QUALITY_PASS,1kZ2duB64mvhAM06ORwHvJijmHbYkikIe,4
0d75619d6ed36954bd719b41064a1bd5f799065d1c70914be6e1a73a64293969,0d75619d6ed36954bd719b41064a1bd5f799065d1c70914be6e1a73a64293969,UNCHANGED_RETAINED,AUTOMATED_FULL_CORPUS_AUDIT,AUTO_QUALITY_PASS,1kZ2duB64mvhAM06ORwHvJijmHbYkikIe,4
cf48cb33a0bfef0d6dd7f0f3eefbf0522ddcc3feda4a438b57ddab65155fff7c,cf48cb33a0bfef0d6dd7f0f3eefbf0522ddcc3feda4a438b57ddab65155fff7c,UNCHANGED_RETAINED,HUMAN_REVIEW_FINAL,KEEP_RETRIEVAL_AND_DISPLAY,1kis2Su3NpTpMjA_okd8KLXrRSQrZce5i,1
a40ca76775e0e92fa539a963cbedf2b2ffee7c29458bcbcb89697760efbb6b42,a40ca76775e0e92fa539a963cbedf2b2ffee7c29458bcbcb89697760efbb6b42,UNCHANGED_RETAINED,AUTOMATED_FULL_CORPUS_AUDIT,AUTO_QUALITY_PASS,1lBR4uKSSNeHYm4LCycXEsTHs0U2K9fLE,1
88e9870e535091159d87db168d8480d697091e2069897e1b8e79a6d5332a4e2c,88e9870e535091159d87db168d8480d697091e2069897e1b8e79a6d5332a4e2c,UNCHANGED_RETAINED,AUTOMATED_FULL_CORPUS_AUDIT,AUTO_QUALITY_PASS,1lBR4uKSSNeHYm4LCycXEsTHs0U2K9fLE,1
89888bee5f53ac7bfcee883e4f2722308e814716750a35be8aae88175bad8166,89888bee5f53ac7bfcee883e4f2722308e814716750a35be8aae88175bad8166,UNCHANGED_RETAINED,AUTOMATED_FULL_CORPUS_AUDIT,AUTO_QUALITY_PASS,1lBR4uKSSNeHYm4LCycXEsTHs0U2K9fLE,1
53bf36954e9b08861ba49c1a41d4ab815972847f819cd6a604608a7dc2c3492b,53bf36954e9b08861ba49c1a41d4ab815972847f819cd6a604608a7dc2c3492b,UNCHANGED_RETAINED,AUTOMATED_FULL_CORPUS_AUDIT,AUTO_QUALITY_PASS,1lWT5c03uYQIrmE18GaohsfERjGmw3cTr,1
31946c9bd5845fc18143d54d53ae9a076fadeb6df498078e42d4bff0e1b29b18,31946c9bd5845fc18143d54d53ae9a076fadeb6df498078e42d4bff0e1b29b18,UNCHANGED_RETAINED,AUTOMATED_FULL_CORPUS_AUDIT,AUTO_QUALITY_PASS,1lfMHp5Xr50M0BUhTIwTLuitFRW36HVfy,1
afbf2a260c9e66cc4163521d2768f935d813ba9cdfec249d104a0838e1f9c80e,,LINKAGE_REVIEW,HUMAN_REVIEW_FINAL,REVIEW_REFERENCE_LINKAGE,1lfMHp5Xr50M0BUhTIwTLuitFRW36HVfy,1
2b4aab8c7b33a98cc213378479c68100332083da59ca1806d0128411b61bafd1,0ff510c9fd2989eed57a8ad539e000c4ee6de149566670149b96d3483dadf23e;06197b0abb6e207fbed5ea801b22bcefd7f706dabe2c615fe3c450ee7a525684,REPLACED,TARGETED_PAGE_REPAIR,REPLACED_BY_REPAIRED_PAGE,1lrqoN0Ca3ciBwE3dGGiILXPONKWwyM-o,1
29f2fab0a7e41b683beb8c698245c9ff926ccb7facaff61893b6244e6a540da5,0ff510c9fd2989eed57a8ad539e000c4ee6de149566670149b96d3483dadf23e;06197b0abb6e207fbed5ea801b22bcefd7f706dabe2c615fe3c450ee7a525684,REPLACED,TARGETED_PAGE_REPAIR,REPLACED_BY_REPAIRED_PAGE,1lrqoN0Ca3ciBwE3dGGiILXPONKWwyM-o,1
5c2d3a36ee7aa7ff5f4fe04a49542005c23f9e4416c78844571871af5976d16d,5c2d3a36ee7aa7ff5f4fe04a49542005c23f9e4416c78844571871af5976d16d,UNCHANGED_RETAINED,HUMAN_REVIEW_FINAL,KEEP_RETRIEVAL_AND_DISPLAY,1m3nQaeKHccyWdsT5DCDRDRR-GFZMnj1m,1
970685e9742c7db60243ace0c2f7c69f047323a533067b78710cb0cff67757d3,970685e9742c7db60243ace0c2f7c69f047323a533067b78710cb0cff67757d3,UNCHANGED_RETAINED,AUTOMATED_FULL_CORPUS_AUDIT,AUTO_QUALITY_PASS,1mEtZjJEYhTrDCcSJyzlxlc1CCpwjpKvk,1
66f7cc8b69afff5b1ff1a898a56c1c87bcde34cddd97653e41123475c84db52c,66f7cc8b69afff5b1ff1a898a56c1c87bcde34cddd97653e41123475c84db52c,UNCHANGED_RETAINED,AUTOMATED_FULL_CORPUS_AUDIT,AUTO_QUALITY_PASS,1mEtZjJEYhTrDCcSJyzlxlc1CCpwjpKvk,2
6a642e74d8c00d087a3c3d918d944c71616997a283cc014bde1fdfa9fabee56f,6a642e74d8c00d087a3c3d918d944c71616997a283cc014bde1fdfa9fabee56f,UNCHANGED_RETAINED,AUTOMATED_FULL_CORPUS_AUDIT,AUTO_QUALITY_PASS,1mEtZjJEYhTrDCcSJyzlxlc1CCpwjpKvk,2
4100bdbb06ff5094a2a92c12c45b61754ffbd994a56ca615efb00fe76c31cee8,4100bdbb06ff5094a2a92c12c45b61754ffbd994a56ca615efb00fe76c31cee8,UNCHANGED_RETAINED,AUTOMATED_FULL_CORPUS_AUDIT,AUTO_QUALITY_PASS,1mEtZjJEYhTrDCcSJyzlxlc1CCpwjpKvk,2
eb03c4992e3e57a47252af4bac2fa968f8c5a450d701c6dea224fb7e73cb6a58,eb03c4992e3e57a47252af4bac2fa968f8c5a450d701c6dea224fb7e73cb6a58,UNCHANGED_RETAINED,AUTOMATED_FULL_CORPUS_AUDIT,AUTO_QUALITY_PASS,1mEtZjJEYhTrDCcSJyzlxlc1CCpwjpKvk,2
f76224f814fdd135030ede2683b390c92d6247fd651507f1fdccf5bc0edbfe8e,f76224f814fdd135030ede2683b390c92d6247fd651507f1fdccf5bc0edbfe8e,UNCHANGED_RETAINED,AUTOMATED_FULL_CORPUS_AUDIT,AUTO_QUALITY_PASS,1mEtZjJEYhTrDCcSJyzlxlc1CCpwjpKvk,3
0ee9cf7f7c1669563502f4df2fb4b728e61859abbec447db2b9382844b4c809f,0ee9cf7f7c1669563502f4df2fb4b728e61859abbec447db2b9382844b4c809f,UNCHANGED_RETAINED,AUTOMATED_FULL_CORPUS_AUDIT,AUTO_QUALITY_PASS,1mEtZjJEYhTrDCcSJyzlxlc1CCpwjpKvk,3
9c6ca9a5cf591b4ac692de8d4296674f08acc39dfa5f4db98d43247c1901d5ec,9c6ca9a5cf591b4ac692de8d4296674f08acc39dfa5f4db98d43247c1901d5ec,UNCHANGED_RETAINED,AUTOMATED_FULL_CORPUS_AUDIT,AUTO_QUALITY_PASS,1mEtZjJEYhTrDCcSJyzlxlc1CCpwjpKvk,3
7027d2a7564d6766d1d051ee70b6a30dbb82aa407170c8de081d60861138c6b0,7027d2a7564d6766d1d051ee70b6a30dbb82aa407170c8de081d60861138c6b0,UNCHANGED_RETAINED,AUTOMATED_FULL_CORPUS_AUDIT,AUTO_QUALITY_PASS,1mEtZjJEYhTrDCcSJyzlxlc1CCpwjpKvk,4
2e96668624286641f9e286092ad9b36aedffa8e71e82feb1b9a517f7b13bfeb6,2e96668624286641f9e286092ad9b36aedffa8e71e82feb1b9a517f7b13bfeb6,UNCHANGED_RETAINED,AUTOMATED_FULL_CORPUS_AUDIT,AUTO_QUALITY_PASS,1mEtZjJEYhTrDCcSJyzlxlc1CCpwjpKvk,4
1172704369646ed4ef57606580cdf0cb7a29a4793472f9f2da23e8bdd3ef460c,1172704369646ed4ef57606580cdf0cb7a29a4793472f9f2da23e8bdd3ef460c,UNCHANGED_RETAINED,HUMAN_REVIEW_FINAL,KEEP_RETRIEVAL_AND_DISPLAY,1mEtZjJEYhTrDCcSJyzlxlc1CCpwjpKvk,4
6752bdee6d43f9e134eb73202278e2db9876a77f36bfaf328ec2cfe60fba4123,6752bdee6d43f9e134eb73202278e2db9876a77f36bfaf328ec2cfe60fba4123,UNCHANGED_RETAINED,AUTOMATED_FULL_CORPUS_AUDIT,AUTO_QUALITY_PASS,1mEtZjJEYhTrDCcSJyzlxlc1CCpwjpKvk,5
3480ea2e5cc6c59755d8cee2d1433c30162057310992ce55372d0a435c8d7886,3480ea2e5cc6c59755d8cee2d1433c30162057310992ce55372d0a435c8d7886,UNCHANGED_RETAINED,AUTOMATED_FULL_CORPUS_AUDIT,AUTO_QUALITY_PASS,1mEtZjJEYhTrDCcSJyzlxlc1CCpwjpKvk,5
fbfe10f89ef5c47d7c73dde47379fe8f0b1b2ebf70cb531e5d106ccd32ee037f,fbfe10f89ef5c47d7c73dde47379fe8f0b1b2ebf70cb531e5d106ccd32ee037f,UNCHANGED_RETAINED,AUTOMATED_FULL_CORPUS_AUDIT,AUTO_QUALITY_PASS,1mEtZjJEYhTrDCcSJyzlxlc1CCpwjpKvk,5
7b847ac58da07c2bc9789e2f8a85a03531025022e1bfb6e3364e4ee674190966,7b847ac58da07c2bc9789e2f8a85a03531025022e1bfb6e3364e4ee674190966,UNCHANGED_RETAINED,AUTOMATED_FULL_CORPUS_AUDIT,AUTO_QUALITY_PASS,1mEtZjJEYhTrDCcSJyzlxlc1CCpwjpKvk,5
b73adbc40e72b422c512dbaf566bbba109aa62fed3d0229fa23dc0d2d3729a3b,b73adbc40e72b422c512dbaf566bbba109aa62fed3d0229fa23dc0d2d3729a3b,RETRIEVAL_ONLY,HUMAN_REVIEW_FINAL,KEEP_RETRIEVAL_ONLY,1mEtZjJEYhTrDCcSJyzlxlc1CCpwjpKvk,6
82b2500ea3f4b838ca4d9b3346420635f90982f0a04d1e3afc447aa6480dfe03,82b2500ea3f4b838ca4d9b3346420635f90982f0a04d1e3afc447aa6480dfe03,UNCHANGED_RETAINED,AUTOMATED_FULL_CORPUS_AUDIT,AUTO_QUALITY_PASS,1mEtZjJEYhTrDCcSJyzlxlc1CCpwjpKvk,6
eb192dee2258c18bb2ebf32937057494f9a1ac26d9bc3b82d8227d45265bfd50,eb192dee2258c18bb2ebf32937057494f9a1ac26d9bc3b82d8227d45265bfd50,UNCHANGED_RETAINED,AUTOMATED_FULL_CORPUS_AUDIT,AUTO_QUALITY_PASS,1mEtZjJEYhTrDCcSJyzlxlc1CCpwjpKvk,6
2e89c6a3ecc9d3aa73bbec431b356c3d7e40798f58f03306f75f651927cd429f,2e89c6a3ecc9d3aa73bbec431b356c3d7e40798f58f03306f75f651927cd429f,UNCHANGED_RETAINED,AUTOMATED_FULL_CORPUS_AUDIT,AUTO_QUALITY_PASS,1mEtZjJEYhTrDCcSJyzlxlc1CCpwjpKvk,6
c32cec9f38214f13ea3479580c7e18958191c2f795447b63916b85b3870f97ab,,HUMAN_CONFIRMATION_QUARANTINE,HUMAN_REVIEW_FINAL,HUMAN_CONFIRMATION_REQUIRED,1mEtZjJEYhTrDCcSJyzlxlc1CCpwjpKvk,7
8765c25a55eac839e6686f5164ab4198fa5dba909f3e9a876d1e4d89c81fa2d3,,HUMAN_CONFIRMATION_QUARANTINE,HUMAN_REVIEW_FINAL,HUMAN_CONFIRMATION_REQUIRED,1mEtZjJEYhTrDCcSJyzlxlc1CCpwjpKvk,8
a3d6d5fdddba6349079e2ebba36589a9b35b043dddb59bcf4551bd019eb5cb25,a3d6d5fdddba6349079e2ebba36589a9b35b043dddb59bcf4551bd019eb5cb25,UNCHANGED_RETAINED,HUMAN_REVIEW_FINAL,KEEP_RETRIEVAL_AND_DISPLAY,1mG7sahgoFcJhX5FkK9wd_RgMxIioiizw,1
3cc4d468585a6193e77e71dddea12108b1c02bd86b89a907d8a34b66d0f13638,3cc4d468585a6193e77e71dddea12108b1c02bd86b89a907d8a34b66d0f13638,UNCHANGED_RETAINED,AUTOMATED_FULL_CORPUS_AUDIT,AUTO_QUALITY_PASS,1mG7sahgoFcJhX5FkK9wd_RgMxIioiizw,1
6c2bdac29592004419baa72345aa7a90b1429fef008b9e2c55cf6236550f61ee,6c2bdac29592004419baa72345aa7a90b1429fef008b9e2c55cf6236550f61ee,UNCHANGED_RETAINED,AUTOMATED_FULL_CORPUS_AUDIT,AUTO_QUALITY_PASS,1oPwFJ_AObo291B3JKHrmgvnB2Ln7j2hj,1
4a12b1b37eff4a0b05b3a1c38ff8f5c1691f1ae73ee79810b2165c06990eb93c,,HUMAN_CONFIRMATION_QUARANTINE,HUMAN_REVIEW_FINAL,HUMAN_CONFIRMATION_REQUIRED,1ojV0m6i-eE88zYJ9FbvT_mh7F87gh_ym,1
5050b25af871ccf5f24438a09460f14fb98b3e0683646f578d91c3b95682c055,5050b25af871ccf5f24438a09460f14fb98b3e0683646f578d91c3b95682c055,UNCHANGED_RETAINED,AUTOMATED_FULL_CORPUS_AUDIT,AUTO_QUALITY_PASS,1ojV0m6i-eE88zYJ9FbvT_mh7F87gh_ym,1
a9b733dfe9f45dba247f3ea55fb456e9bd23618ff6161159788438df6ceeab1c,a9b733dfe9f45dba247f3ea55fb456e9bd23618ff6161159788438df6ceeab1c,UNCHANGED_RETAINED,AUTOMATED_FULL_CORPUS_AUDIT,AUTO_QUALITY_PASS,1ojV0m6i-eE88zYJ9FbvT_mh7F87gh_ym,1
aa49dadca7de5ca2946c93c380864e31bfc39464683e967deb760d13d331d9fe,aa49dadca7de5ca2946c93c380864e31bfc39464683e967deb760d13d331d9fe,UNCHANGED_RETAINED,AUTOMATED_FULL_CORPUS_AUDIT,AUTO_QUALITY_PASS,1ojV0m6i-eE88zYJ9FbvT_mh7F87gh_ym,1
6568b44b44fd5d28a7cf22f8ff2234c7ebec139dbe5a1b2d928bcd417c1cf918,6568b44b44fd5d28a7cf22f8ff2234c7ebec139dbe5a1b2d928bcd417c1cf918,UNCHANGED_RETAINED,AUTOMATED_FULL_CORPUS_AUDIT,AUTO_QUALITY_PASS,1ojV0m6i-eE88zYJ9FbvT_mh7F87gh_ym,2
620c4c3c8079171c802cacf292f1f0b397ca702b47be64383d4a598cd634054b,620c4c3c8079171c802cacf292f1f0b397ca702b47be64383d4a598cd634054b,UNCHANGED_RETAINED,AUTOMATED_FULL_CORPUS_AUDIT,AUTO_QUALITY_PASS,1ojV0m6i-eE88zYJ9FbvT_mh7F87gh_ym,2
6239c2636df3761bf68eee10539e0b4090a6eea550925eb7694a19bee538a116,6239c2636df3761bf68eee10539e0b4090a6eea550925eb7694a19bee538a116,UNCHANGED_RETAINED,AUTOMATED_FULL_CORPUS_AUDIT,AUTO_QUALITY_PASS,1ojV0m6i-eE88zYJ9FbvT_mh7F87gh_ym,2
59604a2af988961da370b59d659a20e939a23e03b6754939925edd27026c46e3,59604a2af988961da370b59d659a20e939a23e03b6754939925edd27026c46e3,UNCHANGED_RETAINED,AUTOMATED_FULL_CORPUS_AUDIT,AUTO_QUALITY_PASS,1p-weTz-hwGJVWaqgmsdS8HQ65zI3b3sT,1
e04940251b6ad162b6761c4dbf83c6ec3c4395c129cd0e7ad4c01202e34eaf24,e04940251b6ad162b6761c4dbf83c6ec3c4395c129cd0e7ad4c01202e34eaf24,UNCHANGED_RETAINED,AUTOMATED_FULL_CORPUS_AUDIT,AUTO_QUALITY_PASS,1p-weTz-hwGJVWaqgmsdS8HQ65zI3b3sT,2
e1f97244b3b7e3da40f6e41c3667978a9b703a5dc0d48ff8694f33894f0e2e31,e1f97244b3b7e3da40f6e41c3667978a9b703a5dc0d48ff8694f33894f0e2e31,UNCHANGED_RETAINED,AUTOMATED_FULL_CORPUS_AUDIT,AUTO_QUALITY_PASS,1p-weTz-hwGJVWaqgmsdS8HQ65zI3b3sT,2
4162e1baebfc2f3ac369338984f6ff72eed8df7ea22108617305d226b3d1e9d3,4162e1baebfc2f3ac369338984f6ff72eed8df7ea22108617305d226b3d1e9d3,UNCHANGED_RETAINED,HUMAN_REVIEW_FINAL,KEEP_RETRIEVAL_AND_DISPLAY,1p-weTz-hwGJVWaqgmsdS8HQ65zI3b3sT,2
8f2de777e36c3ad1534233769145b7c16b7ac5f2377ee4e196acd40293d0de6f,8f2de777e36c3ad1534233769145b7c16b7ac5f2377ee4e196acd40293d0de6f,UNCHANGED_RETAINED,HUMAN_REVIEW_FINAL,KEEP_RETRIEVAL_AND_DISPLAY,1p-weTz-hwGJVWaqgmsdS8HQ65zI3b3sT,3
8f6b5fe9e6d54736aded22d181b984f6a7503036a7a27383636686888b7ff577,8f6b5fe9e6d54736aded22d181b984f6a7503036a7a27383636686888b7ff577,UNCHANGED_RETAINED,AUTOMATED_FULL_CORPUS_AUDIT,AUTO_QUALITY_PASS,1p-weTz-hwGJVWaqgmsdS8HQ65zI3b3sT,3
db1b12bc8423dd98d2f8e19ab7eb19e236dbe4f59f7be9b5d89b2c1f66d0d06b,db1b12bc8423dd98d2f8e19ab7eb19e236dbe4f59f7be9b5d89b2c1f66d0d06b,UNCHANGED_RETAINED,AUTOMATED_FULL_CORPUS_AUDIT,AUTO_QUALITY_PASS,1p-weTz-hwGJVWaqgmsdS8HQ65zI3b3sT,3
7dda7a74dda5321f33b238ceb2bb92eb50e48975cd757a1676097ed8a04c9532,7dda7a74dda5321f33b238ceb2bb92eb50e48975cd757a1676097ed8a04c9532,UNCHANGED_RETAINED,AUTOMATED_FULL_CORPUS_AUDIT,AUTO_QUALITY_PASS,1p-weTz-hwGJVWaqgmsdS8HQ65zI3b3sT,3
9df741516d2fd890d2f5638e0c8ac20d7a99ad5e6656bca13a687ab9e21e40b0,9df741516d2fd890d2f5638e0c8ac20d7a99ad5e6656bca13a687ab9e21e40b0,UNCHANGED_RETAINED,HUMAN_REVIEW_FINAL,KEEP_RETRIEVAL_AND_DISPLAY,1p-weTz-hwGJVWaqgmsdS8HQ65zI3b3sT,4
afc7e8ebfff90120facd32f6e67a346ff7699678f5016c70f5a6001fb98ee878,afc7e8ebfff90120facd32f6e67a346ff7699678f5016c70f5a6001fb98ee878,UNCHANGED_RETAINED,AUTOMATED_FULL_CORPUS_AUDIT,AUTO_QUALITY_PASS,1p-weTz-hwGJVWaqgmsdS8HQ65zI3b3sT,4
a812e9ad1b3f2f8b0bd3c73d09fe03dba02d04a414b324a2f122ea43d52ec62e,a812e9ad1b3f2f8b0bd3c73d09fe03dba02d04a414b324a2f122ea43d52ec62e,UNCHANGED_RETAINED,AUTOMATED_FULL_CORPUS_AUDIT,AUTO_QUALITY_PASS,1p-weTz-hwGJVWaqgmsdS8HQ65zI3b3sT,4
1d4a4c80f9ab0c828e08990d5d4e1bc7f68940aff4999a17f1c6a9c73f9516b9,1d4a4c80f9ab0c828e08990d5d4e1bc7f68940aff4999a17f1c6a9c73f9516b9,UNCHANGED_RETAINED,AUTOMATED_FULL_CORPUS_AUDIT,AUTO_QUALITY_PASS,1p-weTz-hwGJVWaqgmsdS8HQ65zI3b3sT,5
1c9c01ae569622061a66fc789859c3dec071545c2a51d9ff592ee460f53124f4,1c9c01ae569622061a66fc789859c3dec071545c2a51d9ff592ee460f53124f4,UNCHANGED_RETAINED,AUTOMATED_FULL_CORPUS_AUDIT,AUTO_QUALITY_PASS,1p-weTz-hwGJVWaqgmsdS8HQ65zI3b3sT,5
0b8e5418816651039a54f434f8f68bbb3d5579a75ac20c2e646bf37772b322b3,0b8e5418816651039a54f434f8f68bbb3d5579a75ac20c2e646bf37772b322b3,UNCHANGED_RETAINED,AUTOMATED_FULL_CORPUS_AUDIT,AUTO_QUALITY_PASS,1p-weTz-hwGJVWaqgmsdS8HQ65zI3b3sT,5
a2979f51a57c7d35d88770e5a598953b97d2a886b6ef6fdc06d8a8c07b2c7b93,a2979f51a57c7d35d88770e5a598953b97d2a886b6ef6fdc06d8a8c07b2c7b93,UNCHANGED_RETAINED,AUTOMATED_FULL_CORPUS_AUDIT,AUTO_QUALITY_PASS,1p-weTz-hwGJVWaqgmsdS8HQ65zI3b3sT,5
6fd323aa0366681358ce40812b419c458de98e53858c234abaa0225cb4edc78e,6fd323aa0366681358ce40812b419c458de98e53858c234abaa0225cb4edc78e,UNCHANGED_RETAINED,AUTOMATED_FULL_CORPUS_AUDIT,AUTO_QUALITY_PASS,1p-weTz-hwGJVWaqgmsdS8HQ65zI3b3sT,6
8af78ce39f26f2c1751f074c9f3d0f29f661607a4685944d7428a42523c0cffe,8af78ce39f26f2c1751f074c9f3d0f29f661607a4685944d7428a42523c0cffe,UNCHANGED_RETAINED,AUTOMATED_FULL_CORPUS_AUDIT,AUTO_QUALITY_PASS,1p-weTz-hwGJVWaqgmsdS8HQ65zI3b3sT,7
7b98a9e7efa658f016362da93a7eca68c9d924495413c9e95fe42cf2d620886a,7b98a9e7efa658f016362da93a7eca68c9d924495413c9e95fe42cf2d620886a,UNCHANGED_RETAINED,HUMAN_REVIEW_FINAL,KEEP_RETRIEVAL_AND_DISPLAY,1p3AmhHorC2wVIWeVzdNaw2UI5E4USjyW,1
e9945759d8098d7241cc13630c5b6db31d8b4253afd925f24ccea36a9e3a874e,,HUMAN_CONFIRMATION_QUARANTINE,HUMAN_REVIEW_FINAL,HUMAN_CONFIRMATION_REQUIRED,1p3AmhHorC2wVIWeVzdNaw2UI5E4USjyW,1
57f7200472263ec803ba6cc31f02a28f749be91e9667a1f9006dd957c00ababb,57f7200472263ec803ba6cc31f02a28f749be91e9667a1f9006dd957c00ababb,UNCHANGED_RETAINED,HUMAN_REVIEW_FINAL,KEEP_RETRIEVAL_AND_DISPLAY,1p9uK1ghqnDAGObn5QKtf8xwA9LiobIQs,1
5a032351845ea99e43428071d93c25fb566f8457ec44bc392a8ee515cb3c60ea,,HUMAN_CONFIRMATION_QUARANTINE,HUMAN_REVIEW_FINAL,HUMAN_CONFIRMATION_REQUIRED,1p9uK1ghqnDAGObn5QKtf8xwA9LiobIQs,1
b9da4b4c199ee66329a6d86dc52b0d3b39fbf1c655728317b341b82b4b558b8f,b9da4b4c199ee66329a6d86dc52b0d3b39fbf1c655728317b341b82b4b558b8f,UNCHANGED_RETAINED,HUMAN_REVIEW_FINAL,KEEP_RETRIEVAL_AND_DISPLAY,1p9uK1ghqnDAGObn5QKtf8xwA9LiobIQs,1
b8ebc1dcded7484f7feeb5201f5a5233b80a3bcce03cc2d9de631ca1738bf1f9,,HUMAN_CONFIRMATION_QUARANTINE,HUMAN_REVIEW_FINAL,HUMAN_CONFIRMATION_REQUIRED,1p9uK1ghqnDAGObn5QKtf8xwA9LiobIQs,2
00780fcfe6df1d1b748d23bcce5fc0f5fcf75fd48867bf5147c258a9d35bd8ee,00780fcfe6df1d1b748d23bcce5fc0f5fcf75fd48867bf5147c258a9d35bd8ee,UNCHANGED_RETAINED,AUTOMATED_FULL_CORPUS_AUDIT,AUTO_QUALITY_PASS,1pQt072oWc7-hDo3GqZUnfsnH073FE2UK,1
31b89cb754bc8d68af989099bf3e722b38ed92de1b74a6e57a1ac0737e5ab3d7,31b89cb754bc8d68af989099bf3e722b38ed92de1b74a6e57a1ac0737e5ab3d7,UNCHANGED_RETAINED,AUTOMATED_FULL_CORPUS_AUDIT,AUTO_QUALITY_PASS,1pQt072oWc7-hDo3GqZUnfsnH073FE2UK,1
e217c89c135383ae74a8e7998e33dc0785f8f022dda95f215659c21152005fe3,e217c89c135383ae74a8e7998e33dc0785f8f022dda95f215659c21152005fe3,UNCHANGED_RETAINED,AUTOMATED_FULL_CORPUS_AUDIT,AUTO_QUALITY_PASS,1pijjpkl8OO5cJ8b2QyiiNdnspAnD5Nsv,1
b9d1362cf3943e8273c60b2748346ed3dc6e88de0d4c2001b657263983b510ee,b9d1362cf3943e8273c60b2748346ed3dc6e88de0d4c2001b657263983b510ee,UNCHANGED_RETAINED,AUTOMATED_FULL_CORPUS_AUDIT,AUTO_QUALITY_PASS,1pijjpkl8OO5cJ8b2QyiiNdnspAnD5Nsv,2
f0f4df1a60f57099d52e7e8dddc107b654993961a8dbc3670734b35de1dc9482,f0f4df1a60f57099d52e7e8dddc107b654993961a8dbc3670734b35de1dc9482,UNCHANGED_RETAINED,AUTOMATED_FULL_CORPUS_AUDIT,AUTO_QUALITY_PASS,1pijjpkl8OO5cJ8b2QyiiNdnspAnD5Nsv,3
89bbdf5ae76904fff30e203e3b705b64c91aecb8552d630d4428a60c0f72509a,89bbdf5ae76904fff30e203e3b705b64c91aecb8552d630d4428a60c0f72509a,UNCHANGED_RETAINED,AUTOMATED_FULL_CORPUS_AUDIT,AUTO_QUALITY_PASS,1pijjpkl8OO5cJ8b2QyiiNdnspAnD5Nsv,3
97eeaa96caf5620daad206984a76fd75a7e70bfcbfbccb3c6cf02591ba158df3,97eeaa96caf5620daad206984a76fd75a7e70bfcbfbccb3c6cf02591ba158df3,UNCHANGED_RETAINED,AUTOMATED_FULL_CORPUS_AUDIT,AUTO_QUALITY_PASS,1pijjpkl8OO5cJ8b2QyiiNdnspAnD5Nsv,4
eb77663e9b10f630783b2f94f59eb0fa968add45f6fba7ddd8420e902173c793,eb77663e9b10f630783b2f94f59eb0fa968add45f6fba7ddd8420e902173c793,UNCHANGED_RETAINED,AUTOMATED_FULL_CORPUS_AUDIT,AUTO_QUALITY_PASS,1pijjpkl8OO5cJ8b2QyiiNdnspAnD5Nsv,4
dedbe012c945f887a7df0ee1b314ebd3dc52c7f4b0f6b11de99d91050120d94c,dedbe012c945f887a7df0ee1b314ebd3dc52c7f4b0f6b11de99d91050120d94c,UNCHANGED_RETAINED,HUMAN_REVIEW_FINAL,KEEP_RETRIEVAL_AND_DISPLAY,1pijjpkl8OO5cJ8b2QyiiNdnspAnD5Nsv,5
d49394010d41c61ba6f2c54b962a374055ec287d4d6093b7c519657accff913d,d49394010d41c61ba6f2c54b962a374055ec287d4d6093b7c519657accff913d,UNCHANGED_RETAINED,AUTOMATED_FULL_CORPUS_AUDIT,AUTO_QUALITY_PASS,1pijjpkl8OO5cJ8b2QyiiNdnspAnD5Nsv,5
2de34aa7a5d8b358f31d8d270d8eddd6580011e63a9250abbb54079172c77bce,2de34aa7a5d8b358f31d8d270d8eddd6580011e63a9250abbb54079172c77bce,UNCHANGED_RETAINED,AUTOMATED_FULL_CORPUS_AUDIT,AUTO_QUALITY_PASS,1pijjpkl8OO5cJ8b2QyiiNdnspAnD5Nsv,6
de2667dca577599cd6b1598353a74533f187646b13b9fba3d9f503ebc3c2642a,de2667dca577599cd6b1598353a74533f187646b13b9fba3d9f503ebc3c2642a,UNCHANGED_RETAINED,AUTOMATED_FULL_CORPUS_AUDIT,AUTO_QUALITY_PASS,1pijjpkl8OO5cJ8b2QyiiNdnspAnD5Nsv,6
f3b65e12fa7aefb685353bb5fb765ae57d12297e26bbd7bbb7fd66c2d582cdeb,f3b65e12fa7aefb685353bb5fb765ae57d12297e26bbd7bbb7fd66c2d582cdeb,UNCHANGED_RETAINED,AUTOMATED_FULL_CORPUS_AUDIT,AUTO_QUALITY_PASS,1pijjpkl8OO5cJ8b2QyiiNdnspAnD5Nsv,7
659e2ec9161b3a40f11a3e5e6abeb31149b25dab8d82eba5bbf797d0325ec1c5,659e2ec9161b3a40f11a3e5e6abeb31149b25dab8d82eba5bbf797d0325ec1c5,UNCHANGED_RETAINED,AUTOMATED_FULL_CORPUS_AUDIT,AUTO_QUALITY_PASS,1pijjpkl8OO5cJ8b2QyiiNdnspAnD5Nsv,8
afa619c360c82b03d8243c36642f99234a074c7b914d47132df002aa1072acb2,afa619c360c82b03d8243c36642f99234a074c7b914d47132df002aa1072acb2,UNCHANGED_RETAINED,AUTOMATED_FULL_CORPUS_AUDIT,AUTO_QUALITY_PASS,1piyhlKhUIZmMo8SKGso4SktxPRllrE_5,1
29dbe2cac1718848c4f2da77a0f446b1ed0761141781a6193db0b670449f8516,,HUMAN_CONFIRMATION_QUARANTINE,HUMAN_REVIEW_FINAL,HUMAN_CONFIRMATION_REQUIRED,1piyhlKhUIZmMo8SKGso4SktxPRllrE_5,1
74520d321d933e2a9febac4537a26624e27aad0da9924c1b29155bb3ab456955,74520d321d933e2a9febac4537a26624e27aad0da9924c1b29155bb3ab456955,UNCHANGED_RETAINED,AUTOMATED_FULL_CORPUS_AUDIT,AUTO_QUALITY_PASS,1pysfstdQIJsKTIMKB2eukxYm0YyULX6F,1
838f08bf90a429b52f5ba0e3c2f29dc96fd64d012a2d13d1fe4aba4ebf084b39,838f08bf90a429b52f5ba0e3c2f29dc96fd64d012a2d13d1fe4aba4ebf084b39,UNCHANGED_RETAINED,AUTOMATED_FULL_CORPUS_AUDIT,AUTO_QUALITY_PASS,1pysfstdQIJsKTIMKB2eukxYm0YyULX6F,1
69000f2c51d21bbbf73a64fbee6d9febcc2a4e11e95c83552c0e90a961b815e8,69000f2c51d21bbbf73a64fbee6d9febcc2a4e11e95c83552c0e90a961b815e8,UNCHANGED_RETAINED,AUTOMATED_FULL_CORPUS_AUDIT,AUTO_QUALITY_PASS,1q8OCFwbuip0FJzqnlyVdvdjdu2YRsEUf,1
7d00fb31d51043be831f15e6b063714c065d6f8a3faccc67b094fa6e3ece04c2,7d00fb31d51043be831f15e6b063714c065d6f8a3faccc67b094fa6e3ece04c2,UNCHANGED_RETAINED,AUTOMATED_FULL_CORPUS_AUDIT,AUTO_QUALITY_PASS,1q8OCFwbuip0FJzqnlyVdvdjdu2YRsEUf,1
36cfb377cdd14a3164ff9cafc9c9cffd30cf1ad4107a073957c729ae6a76ae5c,36cfb377cdd14a3164ff9cafc9c9cffd30cf1ad4107a073957c729ae6a76ae5c,UNCHANGED_RETAINED,AUTOMATED_FULL_CORPUS_AUDIT,AUTO_QUALITY_PASS,1q8OCFwbuip0FJzqnlyVdvdjdu2YRsEUf,2
bd9d1ba0e6abfdd0b3816a65d7be9bc5386314a9dfa048571860979fbe18b1e6,bd9d1ba0e6abfdd0b3816a65d7be9bc5386314a9dfa048571860979fbe18b1e6,UNCHANGED_RETAINED,AUTOMATED_FULL_CORPUS_AUDIT,AUTO_QUALITY_PASS,1q8OCFwbuip0FJzqnlyVdvdjdu2YRsEUf,2
ea40a9ef548341819e0b6c2abc70807929819d242704c84159b5ccd8c03f84a1,ea40a9ef548341819e0b6c2abc70807929819d242704c84159b5ccd8c03f84a1,UNCHANGED_RETAINED,AUTOMATED_FULL_CORPUS_AUDIT,AUTO_QUALITY_PASS,1rQf-m40Wrca-4bB-PDHpfYOWLalc7XEg,1
8e562c47715a69df50c2a05f2f821e4eae23a9bd2b08676e3b3e28ae64fb0f9b,8e562c47715a69df50c2a05f2f821e4eae23a9bd2b08676e3b3e28ae64fb0f9b,UNCHANGED_RETAINED,AUTOMATED_FULL_CORPUS_AUDIT,AUTO_QUALITY_PASS,1rtNGazTRADDQxbMNBFF-kDFP7a1RQXbP,1
1799b0e7e8642d48845cd88e28bfda5986efb5eb21188239d9b729538e9ceee8,1799b0e7e8642d48845cd88e28bfda5986efb5eb21188239d9b729538e9ceee8,UNCHANGED_RETAINED,AUTOMATED_FULL_CORPUS_AUDIT,AUTO_QUALITY_PASS,1rtNGazTRADDQxbMNBFF-kDFP7a1RQXbP,1
47eed39f8a111b73abdf0b9291394111104d09db279585872dff290029bf53b0,47eed39f8a111b73abdf0b9291394111104d09db279585872dff290029bf53b0,UNCHANGED_RETAINED,HUMAN_REVIEW_FINAL,KEEP_RETRIEVAL_AND_DISPLAY,1s6dj-4UDTl-w0cnKVjfTluZMWJt_f9lN,1
3b6ccaf41858f6c0ddec01e5e8c3a7e7a27c093bcf80c96bc4509bc7d76830b0,3b6ccaf41858f6c0ddec01e5e8c3a7e7a27c093bcf80c96bc4509bc7d76830b0,UNCHANGED_RETAINED,AUTOMATED_FULL_CORPUS_AUDIT,AUTO_QUALITY_PASS,1s6dj-4UDTl-w0cnKVjfTluZMWJt_f9lN,1
41c06729478fd14530cbca9487c3c8efaad8e7bf35fb6218c05d03bcab578d6e,41c06729478fd14530cbca9487c3c8efaad8e7bf35fb6218c05d03bcab578d6e,UNCHANGED_RETAINED,AUTOMATED_FULL_CORPUS_AUDIT,AUTO_QUALITY_PASS,1sSwcwhmTYjaZhICCs-ZK4Nplrt0flgpf,1
6370f7bb983517276f001f6f19b7c2c921dafd329849a39b8d22b34f1b053c59,6370f7bb983517276f001f6f19b7c2c921dafd329849a39b8d22b34f1b053c59,UNCHANGED_RETAINED,AUTOMATED_FULL_CORPUS_AUDIT,AUTO_QUALITY_PASS,1sSwcwhmTYjaZhICCs-ZK4Nplrt0flgpf,1
d709fb1774fb8d30c855274a6e5a4fb70d7b215d34ba75e1518b47776594ed23,d709fb1774fb8d30c855274a6e5a4fb70d7b215d34ba75e1518b47776594ed23,UNCHANGED_RETAINED,AUTOMATED_FULL_CORPUS_AUDIT,AUTO_QUALITY_PASS,1sSwcwhmTYjaZhICCs-ZK4Nplrt0flgpf,2
b2173dd880f08eb1c6c6d6a7968314699117e215afa9504184748d0f6cab9057,b2173dd880f08eb1c6c6d6a7968314699117e215afa9504184748d0f6cab9057,UNCHANGED_RETAINED,AUTOMATED_FULL_CORPUS_AUDIT,AUTO_QUALITY_PASS,1sSwcwhmTYjaZhICCs-ZK4Nplrt0flgpf,2
211f1f14db7baaa1206a936237bb1af1f55473ef7ae3dea804d6772cb883aa9c,211f1f14db7baaa1206a936237bb1af1f55473ef7ae3dea804d6772cb883aa9c,UNCHANGED_RETAINED,AUTOMATED_FULL_CORPUS_AUDIT,AUTO_QUALITY_PASS,1sSwcwhmTYjaZhICCs-ZK4Nplrt0flgpf,2
8f22118843092833dd5b9c8fbc25a6651cdb55971b8828384206f94706181ee2,8f22118843092833dd5b9c8fbc25a6651cdb55971b8828384206f94706181ee2,UNCHANGED_RETAINED,AUTOMATED_FULL_CORPUS_AUDIT,AUTO_QUALITY_PASS,1sSwcwhmTYjaZhICCs-ZK4Nplrt0flgpf,3
385e9824ae2998579ae46d38e5b932c61d09d3978352146d10f06125e2fd5175,385e9824ae2998579ae46d38e5b932c61d09d3978352146d10f06125e2fd5175,UNCHANGED_RETAINED,AUTOMATED_FULL_CORPUS_AUDIT,AUTO_QUALITY_PASS,1sSwcwhmTYjaZhICCs-ZK4Nplrt0flgpf,3
1d7c27c7696829058c003586f66b169543aa11cae5b3ab5162cacfd76b795be4,1d7c27c7696829058c003586f66b169543aa11cae5b3ab5162cacfd76b795be4,UNCHANGED_RETAINED,AUTOMATED_FULL_CORPUS_AUDIT,AUTO_QUALITY_PASS,1sSwcwhmTYjaZhICCs-ZK4Nplrt0flgpf,3
0915dd7cd5dc2818dbf37243a7b96d6bf2f930e6c9d6e9c9454df5650ef1f245,0915dd7cd5dc2818dbf37243a7b96d6bf2f930e6c9d6e9c9454df5650ef1f245,UNCHANGED_RETAINED,AUTOMATED_FULL_CORPUS_AUDIT,AUTO_QUALITY_PASS,1sSwcwhmTYjaZhICCs-ZK4Nplrt0flgpf,3
fa3f45e647218c7f6afa2a5c8c63969eb59850439f3c4a51d3bb74df147594c9,fa3f45e647218c7f6afa2a5c8c63969eb59850439f3c4a51d3bb74df147594c9,UNCHANGED_RETAINED,AUTOMATED_FULL_CORPUS_AUDIT,AUTO_QUALITY_PASS,1sSwcwhmTYjaZhICCs-ZK4Nplrt0flgpf,3
f2c32175e59c09af3c8b2ef8690928021dbe1a9264007cc320abb8aededbf43d,f2c32175e59c09af3c8b2ef8690928021dbe1a9264007cc320abb8aededbf43d,UNCHANGED_RETAINED,AUTOMATED_FULL_CORPUS_AUDIT,AUTO_QUALITY_PASS,1sSwcwhmTYjaZhICCs-ZK4Nplrt0flgpf,4
06089ea9b40de6f24f82d7dc6742913042eb560beb664cb6e6a1e6010e72b8bd,06089ea9b40de6f24f82d7dc6742913042eb560beb664cb6e6a1e6010e72b8bd,UNCHANGED_RETAINED,AUTOMATED_FULL_CORPUS_AUDIT,AUTO_QUALITY_PASS,1s_X0yU08xr59r1nAwhiNiZyqztwxGz8x,1
5595c45da1380273c51af01a17e1550ac0f500beeac466c01d9248327b6dc750,2a606d36bd8c7d7e1333e7884b2f706e996041b490efdfc247e7449175fff11c,REPLACED,TARGETED_PAGE_REPAIR,REPLACED_BY_REPAIRED_PAGE,1sgAc96hguNzRPhG3-eKF9NYzs3uvYrjr,1
9d135c58c262cb020060172e1ae526efed95b6e59cb31b22cd9636ff7ac48373,9d135c58c262cb020060172e1ae526efed95b6e59cb31b22cd9636ff7ac48373,UNCHANGED_RETAINED,HUMAN_REVIEW_FINAL,KEEP_RETRIEVAL_AND_DISPLAY,1smDV7kjI2lP87MOYz_u0BliY5a8PURXT,1
623d02e6b2a512aac576acb7f6e0118b1ebe1ed7d9594ac981577a370fc46115,623d02e6b2a512aac576acb7f6e0118b1ebe1ed7d9594ac981577a370fc46115,UNCHANGED_RETAINED,AUTOMATED_FULL_CORPUS_AUDIT,AUTO_QUALITY_PASS,1smDV7kjI2lP87MOYz_u0BliY5a8PURXT,1
f625b101c406818a958c0c0d3606a4bd40e22e311aa0902bbd387cf93fde088f,f625b101c406818a958c0c0d3606a4bd40e22e311aa0902bbd387cf93fde088f,UNCHANGED_RETAINED,AUTOMATED_FULL_CORPUS_AUDIT,AUTO_QUALITY_PASS,1tX_xKbIgWWZ9WsmmX7ZT_5OxUFBEfoXg,1
304e29d0615d33cf429436d4c8e97099332c7f05091d5ca343864eae793963f7,,HUMAN_CONFIRMATION_QUARANTINE,HUMAN_REVIEW_FINAL,HUMAN_CONFIRMATION_REQUIRED,1tX_xKbIgWWZ9WsmmX7ZT_5OxUFBEfoXg,1
e5f6f498bc21642002d498f60c04d4e1012f6e228f1d8fc1bbc4e20e61669397,e5f6f498bc21642002d498f60c04d4e1012f6e228f1d8fc1bbc4e20e61669397,UNCHANGED_RETAINED,AUTOMATED_FULL_CORPUS_AUDIT,AUTO_QUALITY_PASS,1tr1b5HtkDOmZ33vX77XN0jnEscLAom-L,1
c0f5677b76acc8644b973b7eb4152e33ce27919227f6b80ef17b64673edc5096,c0f5677b76acc8644b973b7eb4152e33ce27919227f6b80ef17b64673edc5096,UNCHANGED_RETAINED,AUTOMATED_FULL_CORPUS_AUDIT,AUTO_QUALITY_PASS,1uIoGtIE9HFhAqWih7ViGe4qayTON638A,1
2b5c75538f16db8054cf7ca1977f5ac704cc4266e72ccc402fb1b4a93c01140c,2b5c75538f16db8054cf7ca1977f5ac704cc4266e72ccc402fb1b4a93c01140c,UNCHANGED_RETAINED,AUTOMATED_FULL_CORPUS_AUDIT,AUTO_QUALITY_PASS,1uIoGtIE9HFhAqWih7ViGe4qayTON638A,1
eaea6e597ecd1b8a19f1d7e93e1c682db7513abe80d5a0da9480f8b9fe7e90a8,eaea6e597ecd1b8a19f1d7e93e1c682db7513abe80d5a0da9480f8b9fe7e90a8,UNCHANGED_RETAINED,AUTOMATED_FULL_CORPUS_AUDIT,AUTO_QUALITY_PASS,1v-Ug5gZhb6Eb1gecBrNjwfPwSMQFtajb,1
c19e4ee945f5edb8efc1c49686f461af60ca166741a34fd7f76f710e38246147,c19e4ee945f5edb8efc1c49686f461af60ca166741a34fd7f76f710e38246147,UNCHANGED_RETAINED,AUTOMATED_FULL_CORPUS_AUDIT,AUTO_QUALITY_PASS,1vUlQkC1S_qQRLvqivVKa2NMmItKX7i6P,1
1b77501b3b9b2b5d7a7564b47c71f98aee0f23e5a55f21f66d1a1493a0552deb,,HUMAN_CONFIRMATION_QUARANTINE,HUMAN_REVIEW_FINAL,HUMAN_CONFIRMATION_REQUIRED,1vUlQkC1S_qQRLvqivVKa2NMmItKX7i6P,1
6d5b3ea9e0c715430ab58a59a16a78bfa33bd7a388e2786d843ea800fd8ab08f,6d5b3ea9e0c715430ab58a59a16a78bfa33bd7a388e2786d843ea800fd8ab08f,UNCHANGED_RETAINED,HUMAN_REVIEW_FINAL,KEEP_RETRIEVAL_AND_DISPLAY,1wJm-L71p7ofZe40LLVNEWR0bz9d-FRJ6,1
a741fd962cad02dfed68d2c4b4cfda26ca3db1530865033b0057ecaea0fa3b4f,a741fd962cad02dfed68d2c4b4cfda26ca3db1530865033b0057ecaea0fa3b4f,UNCHANGED_RETAINED,HUMAN_REVIEW_FINAL,KEEP_RETRIEVAL_AND_DISPLAY,1wJm-L71p7ofZe40LLVNEWR0bz9d-FRJ6,1
3fcbca1e85555cd899eecf64bc83d5fe75486069d43181cd4cbf35c695f68092,3fcbca1e85555cd899eecf64bc83d5fe75486069d43181cd4cbf35c695f68092,UNCHANGED_RETAINED,AUTOMATED_FULL_CORPUS_AUDIT,AUTO_QUALITY_PASS,1wYaNWpBqblz2YfULo3-cubLcaletjRzb,1
856c240b542e1d19f83f9593609991f1413968a4fa3c0db1be1f424abb982c7c,856c240b542e1d19f83f9593609991f1413968a4fa3c0db1be1f424abb982c7c,UNCHANGED_RETAINED,AUTOMATED_FULL_CORPUS_AUDIT,AUTO_QUALITY_PASS,1wYaNWpBqblz2YfULo3-cubLcaletjRzb,2
f71d625a5889745581de0a516cbd7aa6354cbbe9c63d65fb8cb9c13ffc6412bd,f71d625a5889745581de0a516cbd7aa6354cbbe9c63d65fb8cb9c13ffc6412bd,UNCHANGED_RETAINED,AUTOMATED_FULL_CORPUS_AUDIT,AUTO_QUALITY_PASS,1wj1ZFHuybUOjvcrfC0PIjgy2b6x_CxkA,1
f28fa9a6131ffce6a49937b25c21a9a4ce8669342ffd3a9de0ee7bfc89493b5d,f28fa9a6131ffce6a49937b25c21a9a4ce8669342ffd3a9de0ee7bfc89493b5d,UNCHANGED_RETAINED,AUTOMATED_FULL_CORPUS_AUDIT,AUTO_QUALITY_PASS,1wj1ZFHuybUOjvcrfC0PIjgy2b6x_CxkA,1
ce591a6fa86299bad564dd18818cddd2c43256858b9d591faf042c6def93291d,ce591a6fa86299bad564dd18818cddd2c43256858b9d591faf042c6def93291d,UNCHANGED_RETAINED,AUTOMATED_FULL_CORPUS_AUDIT,AUTO_QUALITY_PASS,1wj1ZFHuybUOjvcrfC0PIjgy2b6x_CxkA,1
471186a8867407e1191b0c90170f297d5d5f11a3f9359b809e4a6749a0a1ed19,471186a8867407e1191b0c90170f297d5d5f11a3f9359b809e4a6749a0a1ed19,UNCHANGED_RETAINED,AUTOMATED_FULL_CORPUS_AUDIT,AUTO_QUALITY_PASS,1wj1ZFHuybUOjvcrfC0PIjgy2b6x_CxkA,1
ce39f8df8d116f948d26510e29ce121880658af051e0c79f721a3dc43deb87d3,ce39f8df8d116f948d26510e29ce121880658af051e0c79f721a3dc43deb87d3,UNCHANGED_RETAINED,HUMAN_REVIEW_FINAL,KEEP_RETRIEVAL_AND_DISPLAY,1xEA1KfnakIoi1kGiUyjGjlpZkKmndkuF,1
b64085b0684141f758c42e03d707ebb8e5489e832ed9a3eb86431d25e0f345c1,,HUMAN_CONFIRMATION_QUARANTINE,HUMAN_REVIEW_FINAL,HUMAN_CONFIRMATION_REQUIRED,1xEA1KfnakIoi1kGiUyjGjlpZkKmndkuF,1
3c0ad297a5a4b5529744c7f14dca526c60840a29e61c4f53d63325f08f46f6a6,3c0ad297a5a4b5529744c7f14dca526c60840a29e61c4f53d63325f08f46f6a6,UNCHANGED_RETAINED,AUTOMATED_FULL_CORPUS_AUDIT,AUTO_QUALITY_PASS,1xUU3kcc_teJFv6Jvqx5AwJuwgkEEBKMS,1
39ce3d462c2e5d40e58c5ee9c71b4970e9b598a1573ac0ea529679a3574c8af3,39ce3d462c2e5d40e58c5ee9c71b4970e9b598a1573ac0ea529679a3574c8af3,UNCHANGED_RETAINED,AUTOMATED_FULL_CORPUS_AUDIT,AUTO_QUALITY_PASS,1xUU3kcc_teJFv6Jvqx5AwJuwgkEEBKMS,1
f9f6c13e1db7f1708c98abe97a41903e768a95f0ca3d33eb3f91b14b680447f0,f9f6c13e1db7f1708c98abe97a41903e768a95f0ca3d33eb3f91b14b680447f0,UNCHANGED_RETAINED,AUTOMATED_FULL_CORPUS_AUDIT,AUTO_QUALITY_PASS,1xUU3kcc_teJFv6Jvqx5AwJuwgkEEBKMS,1
fbaeee8613bcdac0accc664a569c09db8b467223ba9c953bc927a4b99e665848,fbaeee8613bcdac0accc664a569c09db8b467223ba9c953bc927a4b99e665848,UNCHANGED_RETAINED,AUTOMATED_FULL_CORPUS_AUDIT,AUTO_QUALITY_PASS,1xUU3kcc_teJFv6Jvqx5AwJuwgkEEBKMS,2
a09e3ee1e223e455ac21dfef6fa72788588c94eb4d923c7164eca817e0da76da,a09e3ee1e223e455ac21dfef6fa72788588c94eb4d923c7164eca817e0da76da,UNCHANGED_RETAINED,AUTOMATED_FULL_CORPUS_AUDIT,AUTO_QUALITY_PASS,1xUU3kcc_teJFv6Jvqx5AwJuwgkEEBKMS,2
a94e2807b5450e61ae5f4abd2b195cb9153e39baf9a65acc6397277cfb8d7d34,a94e2807b5450e61ae5f4abd2b195cb9153e39baf9a65acc6397277cfb8d7d34,UNCHANGED_RETAINED,AUTOMATED_FULL_CORPUS_AUDIT,AUTO_QUALITY_PASS,1xUU3kcc_teJFv6Jvqx5AwJuwgkEEBKMS,2
12bd4c0f3efc710ceb39c26a3219ec85c9257e42904f3e8149d71d3bcebc6960,12bd4c0f3efc710ceb39c26a3219ec85c9257e42904f3e8149d71d3bcebc6960,UNCHANGED_RETAINED,AUTOMATED_FULL_CORPUS_AUDIT,AUTO_QUALITY_PASS,1xUU3kcc_teJFv6Jvqx5AwJuwgkEEBKMS,3
cb2bbc412c42e96230419a7b01ae34b98897b5c7e600456af0a2d0a98b84cb5f,cb2bbc412c42e96230419a7b01ae34b98897b5c7e600456af0a2d0a98b84cb5f,UNCHANGED_RETAINED,AUTOMATED_FULL_CORPUS_AUDIT,AUTO_QUALITY_PASS,1xUU3kcc_teJFv6Jvqx5AwJuwgkEEBKMS,3
ee3ec7ba97050f6e7abf7caad2c5d05bcc70ddc6233f5e6391aef7253ceb6771,ee3ec7ba97050f6e7abf7caad2c5d05bcc70ddc6233f5e6391aef7253ceb6771,UNCHANGED_RETAINED,AUTOMATED_FULL_CORPUS_AUDIT,AUTO_QUALITY_PASS,1xUU3kcc_teJFv6Jvqx5AwJuwgkEEBKMS,3
f0bb2ca2428d6d266e1cb14c52a301f34eb7934c284af15072525565ad767fe0,f0bb2ca2428d6d266e1cb14c52a301f34eb7934c284af15072525565ad767fe0,UNCHANGED_RETAINED,AUTOMATED_FULL_CORPUS_AUDIT,AUTO_QUALITY_PASS,1xUU3kcc_teJFv6Jvqx5AwJuwgkEEBKMS,4
2849935b388d296a649222af240ef079c96a38e290c571ffecb11000f7fe67bf,2849935b388d296a649222af240ef079c96a38e290c571ffecb11000f7fe67bf,UNCHANGED_RETAINED,AUTOMATED_FULL_CORPUS_AUDIT,AUTO_QUALITY_PASS,1xUU3kcc_teJFv6Jvqx5AwJuwgkEEBKMS,4
4445bc3bbdf75dd931336925f17db998a41ebbc381c874c7920fe68eec972405,4445bc3bbdf75dd931336925f17db998a41ebbc381c874c7920fe68eec972405,UNCHANGED_RETAINED,AUTOMATED_FULL_CORPUS_AUDIT,AUTO_QUALITY_PASS,1xUU3kcc_teJFv6Jvqx5AwJuwgkEEBKMS,4
b221962c4ad613bf58c058f4cf0f824698ce98cc559e092312841c72a48566df,b221962c4ad613bf58c058f4cf0f824698ce98cc559e092312841c72a48566df,UNCHANGED_RETAINED,AUTOMATED_FULL_CORPUS_AUDIT,AUTO_QUALITY_PASS,1xUU3kcc_teJFv6Jvqx5AwJuwgkEEBKMS,5
0de327aeebd9a71af96ecd9848b3b41045e95cd125837a9dfdc551962cbced8e,0de327aeebd9a71af96ecd9848b3b41045e95cd125837a9dfdc551962cbced8e,UNCHANGED_RETAINED,AUTOMATED_FULL_CORPUS_AUDIT,AUTO_QUALITY_PASS,1xUU3kcc_teJFv6Jvqx5AwJuwgkEEBKMS,5
23a9408690242fae611ea38b010575d4b3b61c34791e2505a3ffeea202695885,23a9408690242fae611ea38b010575d4b3b61c34791e2505a3ffeea202695885,UNCHANGED_RETAINED,AUTOMATED_FULL_CORPUS_AUDIT,AUTO_QUALITY_PASS,1xUU3kcc_teJFv6Jvqx5AwJuwgkEEBKMS,5
309696834b83c4bfeff97018ea80f8b353ae00748e035bd64c41ace64500fa04,309696834b83c4bfeff97018ea80f8b353ae00748e035bd64c41ace64500fa04,UNCHANGED_RETAINED,AUTOMATED_FULL_CORPUS_AUDIT,AUTO_QUALITY_PASS,1xUU3kcc_teJFv6Jvqx5AwJuwgkEEBKMS,5
564ea68049df21a870ceccd44a69913e2eba5477e870bcc847facfd5dde1355c,564ea68049df21a870ceccd44a69913e2eba5477e870bcc847facfd5dde1355c,UNCHANGED_RETAINED,AUTOMATED_FULL_CORPUS_AUDIT,AUTO_QUALITY_PASS,1xUU3kcc_teJFv6Jvqx5AwJuwgkEEBKMS,6
1db107162f11e3abfa1e072e85fd14a0662c4dd9a9cd47f08f09c09a448730e9,1db107162f11e3abfa1e072e85fd14a0662c4dd9a9cd47f08f09c09a448730e9,UNCHANGED_RETAINED,AUTOMATED_FULL_CORPUS_AUDIT,AUTO_QUALITY_PASS,1xUU3kcc_teJFv6Jvqx5AwJuwgkEEBKMS,6
c2759533a7c1796a1d5dbc235865ca6dc252244f5d0eb837a1095e37a81eb271,c2759533a7c1796a1d5dbc235865ca6dc252244f5d0eb837a1095e37a81eb271,UNCHANGED_RETAINED,AUTOMATED_FULL_CORPUS_AUDIT,AUTO_QUALITY_PASS,1xnmfOjsD7OP-XjlU8rOQTwgBhH_rIbBy,1
82a8d124490f10b3fe30a1200bfacdffb48400f88cb01fdfb90d94bbc2071f41,82a8d124490f10b3fe30a1200bfacdffb48400f88cb01fdfb90d94bbc2071f41,UNCHANGED_RETAINED,AUTOMATED_FULL_CORPUS_AUDIT,AUTO_QUALITY_PASS,1xnmfOjsD7OP-XjlU8rOQTwgBhH_rIbBy,1
6a5bb406998dc5a09ea2836e9196cd8247a3bc58817a09450ed3c15a4df25d48,6a5bb406998dc5a09ea2836e9196cd8247a3bc58817a09450ed3c15a4df25d48,UNCHANGED_RETAINED,AUTOMATED_FULL_CORPUS_AUDIT,AUTO_QUALITY_PASS,1xyTs6KCrU-AoYpAP7ustLE_j9myL1tM-,1
15eeb4d88c1d5f3cee6485c708229b9f811d4cd05d5505354f494c52ae866992,15eeb4d88c1d5f3cee6485c708229b9f811d4cd05d5505354f494c52ae866992,UNCHANGED_RETAINED,AUTOMATED_FULL_CORPUS_AUDIT,AUTO_QUALITY_PASS,1xyTs6KCrU-AoYpAP7ustLE_j9myL1tM-,1
69bdfe59ace6aa8a84a4ca3c064d6481d462dd348752233d14a01f3a1034a3f0,69bdfe59ace6aa8a84a4ca3c064d6481d462dd348752233d14a01f3a1034a3f0,UNCHANGED_RETAINED,AUTOMATED_FULL_CORPUS_AUDIT,AUTO_QUALITY_PASS,1yO74bWNl3iyHzQ6j03EpZLc9Z1x5Aqy9,1
7ccf108d97cca34342c3cc742c4ae5c26e595b1146e1354570eadd187024f1f4,7ccf108d97cca34342c3cc742c4ae5c26e595b1146e1354570eadd187024f1f4,UNCHANGED_RETAINED,AUTOMATED_FULL_CORPUS_AUDIT,AUTO_QUALITY_PASS,1yRshMoBUgCJ5-LOoXSHtTYErO4CgVkJR,1
a0a54a5af79b3e2c83da806c52b710161d4d3691c5e82ed953fe2f5d710f08f5,a0a54a5af79b3e2c83da806c52b710161d4d3691c5e82ed953fe2f5d710f08f5,UNCHANGED_RETAINED,AUTOMATED_FULL_CORPUS_AUDIT,AUTO_QUALITY_PASS,1yRshMoBUgCJ5-LOoXSHtTYErO4CgVkJR,1
0812c8d2d89aee1e0e131c1f020ec255913bd21d117f11e6be4ea007025a0616,0812c8d2d89aee1e0e131c1f020ec255913bd21d117f11e6be4ea007025a0616,UNCHANGED_RETAINED,AUTOMATED_FULL_CORPUS_AUDIT,AUTO_QUALITY_PASS,1yRshMoBUgCJ5-LOoXSHtTYErO4CgVkJR,2
b2b6430b0336fb02934ff6dbf6b058ed782bd31818d7cc369ce35bf6ef630a69,b2b6430b0336fb02934ff6dbf6b058ed782bd31818d7cc369ce35bf6ef630a69,UNCHANGED_RETAINED,AUTOMATED_FULL_CORPUS_AUDIT,AUTO_QUALITY_PASS,1yhkCF-jVbebHfbeziHnxhyDCmzWPlYDF,1
e2f000e1cba21d5e19259276fa861700010485bc463d2d6b103943f8966d559b,e2f000e1cba21d5e19259276fa861700010485bc463d2d6b103943f8966d559b,UNCHANGED_RETAINED,AUTOMATED_FULL_CORPUS_AUDIT,AUTO_QUALITY_PASS,1yhkCF-jVbebHfbeziHnxhyDCmzWPlYDF,1
0467df7ae41849c763216b0e5fbba5deb8f49a94d3f53c3416a4c0c260ee326c,0467df7ae41849c763216b0e5fbba5deb8f49a94d3f53c3416a4c0c260ee326c,UNCHANGED_RETAINED,AUTOMATED_FULL_CORPUS_AUDIT,AUTO_QUALITY_PASS,1yhkCF-jVbebHfbeziHnxhyDCmzWPlYDF,2
153f19726d13a8a6dbf4f8646885a4ecad61c6eeefedeefba6aa863c0b48e3c6,153f19726d13a8a6dbf4f8646885a4ecad61c6eeefedeefba6aa863c0b48e3c6,UNCHANGED_RETAINED,AUTOMATED_FULL_CORPUS_AUDIT,AUTO_QUALITY_PASS,1yhkCF-jVbebHfbeziHnxhyDCmzWPlYDF,2
7f8ba99f139c40accdea886537c4777c00a52af2be911f47c4ede19e397f3127,7f8ba99f139c40accdea886537c4777c00a52af2be911f47c4ede19e397f3127,UNCHANGED_RETAINED,AUTOMATED_FULL_CORPUS_AUDIT,AUTO_QUALITY_PASS,1yhkCF-jVbebHfbeziHnxhyDCmzWPlYDF,2
0ac51a313d770320baa719026072cf057efb636ce06038d9340921fdd16d5a63,0ac51a313d770320baa719026072cf057efb636ce06038d9340921fdd16d5a63,UNCHANGED_RETAINED,AUTOMATED_FULL_CORPUS_AUDIT,AUTO_QUALITY_PASS,1yhkCF-jVbebHfbeziHnxhyDCmzWPlYDF,3
b609ba8e4e6e14a043f9f3797a01245d670ba606cbde356a47372b4ce0ced076,b609ba8e4e6e14a043f9f3797a01245d670ba606cbde356a47372b4ce0ced076,UNCHANGED_RETAINED,AUTOMATED_FULL_CORPUS_AUDIT,AUTO_QUALITY_PASS,1yhkCF-jVbebHfbeziHnxhyDCmzWPlYDF,3
b5d74aba14e730c98f8899547e5bc10f127a5c58a368a2244f24ed0fd96467a2,b5d74aba14e730c98f8899547e5bc10f127a5c58a368a2244f24ed0fd96467a2,UNCHANGED_RETAINED,AUTOMATED_FULL_CORPUS_AUDIT,AUTO_QUALITY_PASS,1yhkCF-jVbebHfbeziHnxhyDCmzWPlYDF,3
89cedb57e002d37721b83b411e9ac2be8dd7a06e94b077174fc2cdb9909cb2ed,89cedb57e002d37721b83b411e9ac2be8dd7a06e94b077174fc2cdb9909cb2ed,UNCHANGED_RETAINED,AUTOMATED_FULL_CORPUS_AUDIT,AUTO_QUALITY_PASS,1yhkCF-jVbebHfbeziHnxhyDCmzWPlYDF,3
8f39a7d355c417d7073dc2fa6a92a74fbdc5b79c016d02435815374083696364,8f39a7d355c417d7073dc2fa6a92a74fbdc5b79c016d02435815374083696364,UNCHANGED_RETAINED,AUTOMATED_FULL_CORPUS_AUDIT,AUTO_QUALITY_PASS,1yhkCF-jVbebHfbeziHnxhyDCmzWPlYDF,4
5ae4ad77d3c9192e9f111b41eb18db59d51a221256bf2b0f52bc7319af36a79f,5ae4ad77d3c9192e9f111b41eb18db59d51a221256bf2b0f52bc7319af36a79f,RETRIEVAL_ONLY,HUMAN_REVIEW_FINAL,KEEP_RETRIEVAL_ONLY,1yhkCF-jVbebHfbeziHnxhyDCmzWPlYDF,4
8edce3e390281c7872cab0655cf907c01615d7482520192566b971d11645ebb3,8edce3e390281c7872cab0655cf907c01615d7482520192566b971d11645ebb3,UNCHANGED_RETAINED,AUTOMATED_FULL_CORPUS_AUDIT,AUTO_QUALITY_PASS,1yhkCF-jVbebHfbeziHnxhyDCmzWPlYDF,4
96292b7030f6fe8faecfe591da65b1b207a082914e8550135471cd8a21fd803f,96292b7030f6fe8faecfe591da65b1b207a082914e8550135471cd8a21fd803f,UNCHANGED_RETAINED,AUTOMATED_FULL_CORPUS_AUDIT,AUTO_QUALITY_PASS,1yhkCF-jVbebHfbeziHnxhyDCmzWPlYDF,4
e555aa2dbb67b0a841b9536dee1e1e8ad00ffacdcf35ce91710a6374b6007f85,e555aa2dbb67b0a841b9536dee1e1e8ad00ffacdcf35ce91710a6374b6007f85,UNCHANGED_RETAINED,AUTOMATED_FULL_CORPUS_AUDIT,AUTO_QUALITY_PASS,1yhkCF-jVbebHfbeziHnxhyDCmzWPlYDF,5
59835fd0f37689fb3c79a3f772ed5c624194aa90a348d1093c48b5804bd3af75,59835fd0f37689fb3c79a3f772ed5c624194aa90a348d1093c48b5804bd3af75,UNCHANGED_RETAINED,AUTOMATED_FULL_CORPUS_AUDIT,AUTO_QUALITY_PASS,1yhkCF-jVbebHfbeziHnxhyDCmzWPlYDF,5
6479bb182fd3b90f2f585ba3be3bc59d31f2806531ee2115fda26235483cb30a,6479bb182fd3b90f2f585ba3be3bc59d31f2806531ee2115fda26235483cb30a,UNCHANGED_RETAINED,AUTOMATED_FULL_CORPUS_AUDIT,AUTO_QUALITY_PASS,1yhkCF-jVbebHfbeziHnxhyDCmzWPlYDF,5
23a10cdf7feec244463d0e77f383d6172f6d71a338bffa914dded2b20335d477,23a10cdf7feec244463d0e77f383d6172f6d71a338bffa914dded2b20335d477,UNCHANGED_RETAINED,AUTOMATED_FULL_CORPUS_AUDIT,AUTO_QUALITY_PASS,1yhkCF-jVbebHfbeziHnxhyDCmzWPlYDF,5
2b6855e7d8de4ef754405cee2f67dcccc7f3de5784194a0059d30e290f1f30f6,2b6855e7d8de4ef754405cee2f67dcccc7f3de5784194a0059d30e290f1f30f6,UNCHANGED_RETAINED,AUTOMATED_FULL_CORPUS_AUDIT,AUTO_QUALITY_PASS,1yhkCF-jVbebHfbeziHnxhyDCmzWPlYDF,6
33154da696fae875674f8927e6999ba68fc7c7edf3943a39d620dee94eaeca18,33154da696fae875674f8927e6999ba68fc7c7edf3943a39d620dee94eaeca18,UNCHANGED_RETAINED,AUTOMATED_FULL_CORPUS_AUDIT,AUTO_QUALITY_PASS,1yhkCF-jVbebHfbeziHnxhyDCmzWPlYDF,6
8a564aceeb5120035fc915ba6682e304cc226b80533edd897ee922d425a42e14,8a564aceeb5120035fc915ba6682e304cc226b80533edd897ee922d425a42e14,UNCHANGED_RETAINED,AUTOMATED_FULL_CORPUS_AUDIT,AUTO_QUALITY_PASS,1yhkCF-jVbebHfbeziHnxhyDCmzWPlYDF,6
e6954cbf29af873e2e22e6c2277408b7ff598ae49e1437e8a4710f4d36f4931f,e6954cbf29af873e2e22e6c2277408b7ff598ae49e1437e8a4710f4d36f4931f,UNCHANGED_RETAINED,AUTOMATED_FULL_CORPUS_AUDIT,AUTO_QUALITY_PASS,1zmpRQXklHnY2ea3nQaZwDsJcOplYsGOM,1
c43848b83d563416ab4e0174a978e0dba841e74e37bb2ef1a15b923007575306,c43848b83d563416ab4e0174a978e0dba841e74e37bb2ef1a15b923007575306,UNCHANGED_RETAINED,AUTOMATED_FULL_CORPUS_AUDIT,AUTO_QUALITY_PASS,1zmpRQXklHnY2ea3nQaZwDsJcOplYsGOM,1
6d001c6316efe24ab212e10032128243494bd916a063f11242175c290b7f56d4,,HUMAN_CONFIRMATION_QUARANTINE,HUMAN_REVIEW_FINAL,HUMAN_CONFIRMATION_REQUIRED,1zmpRQXklHnY2ea3nQaZwDsJcOplYsGOM,1
81a1353fcf9a7ff107dccb55aa2dfc749bca5b22629a25621bbab82f68e94d60,81a1353fcf9a7ff107dccb55aa2dfc749bca5b22629a25621bbab82f68e94d60,UNCHANGED_RETAINED,AUTOMATED_FULL_CORPUS_AUDIT,AUTO_QUALITY_PASS,1zmpRQXklHnY2ea3nQaZwDsJcOplYsGOM,1
8e721bcfb4d66cd40d0fa00f1ca3aee8e6bb8a78a90f4d4f10a0a41df6a1d08e,8e721bcfb4d66cd40d0fa00f1ca3aee8e6bb8a78a90f4d4f10a0a41df6a1d08e,UNCHANGED_RETAINED,AUTOMATED_FULL_CORPUS_AUDIT,AUTO_QUALITY_PASS,1zmpRQXklHnY2ea3nQaZwDsJcOplYsGOM,2
777e96abbfefd3c6530a7b7b1ff2d52a8f2bd333e4c22b22445501d818003ee5,777e96abbfefd3c6530a7b7b1ff2d52a8f2bd333e4c22b22445501d818003ee5,UNCHANGED_RETAINED,AUTOMATED_FULL_CORPUS_AUDIT,AUTO_QUALITY_PASS,1zmpRQXklHnY2ea3nQaZwDsJcOplYsGOM,2
03fdf9d0e3f672432ae711620fb60a3792713e629197edeff1428ad61d2d7e27,03fdf9d0e3f672432ae711620fb60a3792713e629197edeff1428ad61d2d7e27,UNCHANGED_RETAINED,AUTOMATED_FULL_CORPUS_AUDIT,AUTO_QUALITY_PASS,1zmpRQXklHnY2ea3nQaZwDsJcOplYsGOM,2
970b4f4ab59c97c72108eaa34e66db40817c5b1aa806f043cc17f2e2db6cf5f3,970b4f4ab59c97c72108eaa34e66db40817c5b1aa806f043cc17f2e2db6cf5f3,UNCHANGED_RETAINED,AUTOMATED_FULL_CORPUS_AUDIT,AUTO_QUALITY_PASS,1zmpRQXklHnY2ea3nQaZwDsJcOplYsGOM,2
3bd51f042de9fbd42de0254dab46784e822c3f837283ed7554d0a9cf4b718cf0,3bd51f042de9fbd42de0254dab46784e822c3f837283ed7554d0a9cf4b718cf0,UNCHANGED_RETAINED,AUTOMATED_FULL_CORPUS_AUDIT,AUTO_QUALITY_PASS,1zmpRQXklHnY2ea3nQaZwDsJcOplYsGOM,3
019fcb9af550147729360b5293ff06166bb4976ae4a3703178d48dbeebd4c924,019fcb9af550147729360b5293ff06166bb4976ae4a3703178d48dbeebd4c924,UNCHANGED_RETAINED,AUTOMATED_FULL_CORPUS_AUDIT,AUTO_QUALITY_PASS,1zmpRQXklHnY2ea3nQaZwDsJcOplYsGOM,3
120f704bf846ac5b87e5ac6b535c02983defe0356f1b24c439e3657023478949,120f704bf846ac5b87e5ac6b535c02983defe0356f1b24c439e3657023478949,UNCHANGED_RETAINED,AUTOMATED_FULL_CORPUS_AUDIT,AUTO_QUALITY_PASS,1zmpRQXklHnY2ea3nQaZwDsJcOplYsGOM,3
5b00f7aabb72b62b7da49c0e3f06a09062fb58d61a29fc41b0359faf0a5e6dd3,5b00f7aabb72b62b7da49c0e3f06a09062fb58d61a29fc41b0359faf0a5e6dd3,UNCHANGED_RETAINED,AUTOMATED_FULL_CORPUS_AUDIT,AUTO_QUALITY_PASS,1zmpRQXklHnY2ea3nQaZwDsJcOplYsGOM,3
fa55c00820fc7636773b6abe2da32b980dbd3f7ae2b0b9a202883d99ce693bea,fa55c00820fc7636773b6abe2da32b980dbd3f7ae2b0b9a202883d99ce693bea,UNCHANGED_RETAINED,AUTOMATED_FULL_CORPUS_AUDIT,AUTO_QUALITY_PASS,1zmpRQXklHnY2ea3nQaZwDsJcOplYsGOM,3
3b0cb06abef026c9d9bb129d4d9d23ab2fc97938e0d67d8352be4c8a377680fb,3b0cb06abef026c9d9bb129d4d9d23ab2fc97938e0d67d8352be4c8a377680fb,UNCHANGED_RETAINED,AUTOMATED_FULL_CORPUS_AUDIT,AUTO_QUALITY_PASS,1zmpRQXklHnY2ea3nQaZwDsJcOplYsGOM,4
f9a196bc536be4c7928c8f0d7a9630926e1e93b4e1dd9dab9b174c827e5fab1f,f9a196bc536be4c7928c8f0d7a9630926e1e93b4e1dd9dab9b174c827e5fab1f,UNCHANGED_RETAINED,AUTOMATED_FULL_CORPUS_AUDIT,AUTO_QUALITY_PASS,1zmpRQXklHnY2ea3nQaZwDsJcOplYsGOM,4
4b5281791b75d386c59a918d9be8290618eb49d2a4b6c2302bbb707576224925,4b5281791b75d386c59a918d9be8290618eb49d2a4b6c2302bbb707576224925,UNCHANGED_RETAINED,AUTOMATED_FULL_CORPUS_AUDIT,AUTO_QUALITY_PASS,1zmpRQXklHnY2ea3nQaZwDsJcOplYsGOM,4
e0ac40edda4f63a48f37e38130dfe4399624f1aae7c5444abea188336f0ceb30,e0ac40edda4f63a48f37e38130dfe4399624f1aae7c5444abea188336f0ceb30,UNCHANGED_RETAINED,AUTOMATED_FULL_CORPUS_AUDIT,AUTO_QUALITY_PASS,1zmpRQXklHnY2ea3nQaZwDsJcOplYsGOM,4
,57e6d01fd3df56a723878d8122e5fce47c4ac5f7180b18cdafa99362a4fc7592,NEW_REPAIRED_CHUNK,TARGETED_REPAIR_QUALITY_GATE,REPAIRED_CHUNK,18r0QL1RxoXIs-fx6q8pwdjgHXPPVzw9D,1
,fafd490b6cfa2aa0f0eb229e210881d5300f6ea7d9fda09879240218d89c219c,NEW_REPAIRED_CHUNK,TARGETED_REPAIR_QUALITY_GATE,REPAIRED_CHUNK,18r0QL1RxoXIs-fx6q8pwdjgHXPPVzw9D,1
,067687fc4cc6be5e5e4f03c96f3fba0ced596125dd04f7fdfc631f6f6883cbec,NEW_REPAIRED_CHUNK,TARGETED_REPAIR_QUALITY_GATE,REPAIRED_CHUNK,12Z0Rux2KvL9GX-cQYHXvru8g1nF4MsC2,1
,2a606d36bd8c7d7e1333e7884b2f706e996041b490efdfc247e7449175fff11c,NEW_REPAIRED_CHUNK,TARGETED_REPAIR_QUALITY_GATE,REPAIRED_CHUNK,1sgAc96hguNzRPhG3-eKF9NYzs3uvYrjr,1
,b07af8375421d7adc038754ba2427faf73b65360991bc484d49348ac5c629d9f,NEW_REPAIRED_CHUNK,TARGETED_REPAIR_QUALITY_GATE,REPAIRED_CHUNK,1KqIfRav47BU2AiOprNfWX45HKuSwCWkh,2
,bb62eead904b1a9b699ee12d02b3c7250d178f396bb48b55af5fe7e78ca100dc,NEW_REPAIRED_CHUNK,TARGETED_REPAIR_QUALITY_GATE,REPAIRED_CHUNK,1KqIfRav47BU2AiOprNfWX45HKuSwCWkh,3
,2e4d6ab0e12360810295ae7795ade5a69094a6ef47387f8532e7537cce5ef6d2,NEW_REPAIRED_CHUNK,TARGETED_REPAIR_QUALITY_GATE,REPAIRED_CHUNK,1KqIfRav47BU2AiOprNfWX45HKuSwCWkh,3
,90726f3969eb8b5698961e4a8a6909e62390cdea5509687934f800c8e7719fe5,NEW_REPAIRED_CHUNK,TARGETED_REPAIR_QUALITY_GATE,REPAIRED_CHUNK,1KqIfRav47BU2AiOprNfWX45HKuSwCWkh,4
,b9f8499bd91bdaaa42f80eff3d647876b1bfc0e94f98871a16d2cc3b23d0360e,NEW_REPAIRED_CHUNK,TARGETED_REPAIR_QUALITY_GATE,REPAIRED_CHUNK,1KqIfRav47BU2AiOprNfWX45HKuSwCWkh,4
,054ce0d5ecc7bd8678bd5f75b0d21769407f3cbc0acd867ae9f678c6db7ebed3,NEW_REPAIRED_CHUNK,TARGETED_REPAIR_QUALITY_GATE,REPAIRED_CHUNK,1KqIfRav47BU2AiOprNfWX45HKuSwCWkh,4
,88cfd737fd19336297c78a4b4fb8deba66609e9f383934e2ab1aeaa489ba43f0,NEW_REPAIRED_CHUNK,TARGETED_REPAIR_QUALITY_GATE,REPAIRED_CHUNK,18FkhkQWqnNaQdyn5DviVHZAVspGfvy_n,14
,c56e9ad12355ec18d82a8f927e8c32ef7f44de0568d7f1854f8db8c38ad42ce1,NEW_REPAIRED_CHUNK,TARGETED_REPAIR_QUALITY_GATE,REPAIRED_CHUNK,18FkhkQWqnNaQdyn5DviVHZAVspGfvy_n,14
,9a427c245c53f9e24736e0cf51b915d2d7ba80d37640f708eb73b61cf2a4ee00,NEW_REPAIRED_CHUNK,TARGETED_REPAIR_QUALITY_GATE,REPAIRED_CHUNK,18FkhkQWqnNaQdyn5DviVHZAVspGfvy_n,14
,0a41b48c116de99454fb7e64a350ca1623b4919287f623fd686c4fb95eea93e0,NEW_REPAIRED_CHUNK,TARGETED_REPAIR_QUALITY_GATE,REPAIRED_CHUNK,18FkhkQWqnNaQdyn5DviVHZAVspGfvy_n,14
,98a30e4ffca511eac37303284aa1c39f66efbc6c2e5055c42126297e9ec45299,NEW_REPAIRED_CHUNK,TARGETED_REPAIR_QUALITY_GATE,REPAIRED_CHUNK,1Xdpgr2VTsOTLw4W7P2uNID4SJnrOwDvc,2
,2a7c207b6ea7402b2cbd8776078b4da66b6120ae47995c020c3caac0e877dba8,NEW_REPAIRED_CHUNK,TARGETED_REPAIR_QUALITY_GATE,REPAIRED_CHUNK,1Xdpgr2VTsOTLw4W7P2uNID4SJnrOwDvc,2
,a9157dcbd021a044cc11e5762168877bce99700292b8b24a17d1bcf09b9fbbba,NEW_REPAIRED_CHUNK,TARGETED_REPAIR_QUALITY_GATE,REPAIRED_CHUNK,1Xdpgr2VTsOTLw4W7P2uNID4SJnrOwDvc,2
,1f8da0db266a5531e149d61729c7c2680a13c850f25a19464706ea8c6e1658ac,NEW_REPAIRED_CHUNK,TARGETED_REPAIR_QUALITY_GATE,REPAIRED_CHUNK,1Z0Xj34r2HOSeI0BY35tCKQ8vspbcjbIO,11
,263aa56448d5c54096fb9172044799f695e4a040a3d05ae0c724d55c73317c04,NEW_REPAIRED_CHUNK,TARGETED_REPAIR_QUALITY_GATE,REPAIRED_CHUNK,1Z0Xj34r2HOSeI0BY35tCKQ8vspbcjbIO,11
,c730c4522ccd73d2d536357cd87950dc2321f98979ecc909427486ea0e8d155a,NEW_REPAIRED_CHUNK,TARGETED_REPAIR_QUALITY_GATE,REPAIRED_CHUNK,1Z0Xj34r2HOSeI0BY35tCKQ8vspbcjbIO,11
,1ff0287fc5ca586c6bc71da14ba7f8178e3bc673bf87defc2fff29bd22cb3404,NEW_REPAIRED_CHUNK,TARGETED_REPAIR_QUALITY_GATE,REPAIRED_CHUNK,1Z0Xj34r2HOSeI0BY35tCKQ8vspbcjbIO,11
,b2a1b55062ec103270979fdaa2aa58def86dbf161cef2d9abb98595286437bc9,NEW_REPAIRED_CHUNK,TARGETED_REPAIR_QUALITY_GATE,REPAIRED_CHUNK,1Rh0QTa2bVdQ_mjwWK0FDRMUcoa9hMo6L,4
,9bca3d49cee3a6709a28a6d29c13493794ac02a5e0d52a087da09559843d5d4a,NEW_REPAIRED_CHUNK,TARGETED_REPAIR_QUALITY_GATE,REPAIRED_CHUNK,1Rh0QTa2bVdQ_mjwWK0FDRMUcoa9hMo6L,4
,4001230396f1f964961f7cf4599d196ad0fb0475425758fcbefc60e960b41c42,NEW_REPAIRED_CHUNK,TARGETED_REPAIR_QUALITY_GATE,REPAIRED_CHUNK,1ON0dJL3WcgheEKQowjhBiLbAUSaq4oGG,12
,0ff510c9fd2989eed57a8ad539e000c4ee6de149566670149b96d3483dadf23e,NEW_REPAIRED_CHUNK,TARGETED_REPAIR_QUALITY_GATE,REPAIRED_CHUNK,1lrqoN0Ca3ciBwE3dGGiILXPONKWwyM-o,1
,06197b0abb6e207fbed5ea801b22bcefd7f706dabe2c615fe3c450ee7a525684,NEW_REPAIRED_CHUNK,TARGETED_REPAIR_QUALITY_GATE,REPAIRED_CHUNK,1lrqoN0Ca3ciBwE3dGGiILXPONKWwyM-o,1
,6a96dc792576a1dfac95fb0bebe41bca9ed774c52f73c9a910e311e20e43168e,NEW_REPAIRED_CHUNK,TARGETED_REPAIR_QUALITY_GATE,REPAIRED_CHUNK,1W9zVSEb6VA9w-sNbuU656eqesc0PpmYX,12
,28781054cb31a12546a0e5ae2bf3450c9a3790f95facd9570e3a2830bba81980,NEW_REPAIRED_CHUNK,TARGETED_REPAIR_QUALITY_GATE,REPAIRED_CHUNK,1W9zVSEb6VA9w-sNbuU656eqesc0PpmYX,12
,d4383c788252cad380f4987f4088b706e809d0bb2569b0ea223808692f0e51c4,NEW_REPAIRED_CHUNK,TARGETED_REPAIR_QUALITY_GATE,REPAIRED_CHUNK,1W9zVSEb6VA9w-sNbuU656eqesc0PpmYX,12
,2a417febe9863ab42a66090f74431c3d023e9743e8aaa7528b57033b0e4c1d0e,NEW_REPAIRED_CHUNK,TARGETED_REPAIR_QUALITY_GATE,REPAIRED_CHUNK,1W9zVSEb6VA9w-sNbuU656eqesc0PpmYX,12
,de0c91bc734187b9e487d046f440f905f1ec851424f17f62f29e1ad534191786,NEW_REPAIRED_CHUNK,TARGETED_REPAIR_QUALITY_GATE,REPAIRED_CHUNK,1Y00_IZEFBzWh2VtPl6ROFtEawHVXyJB-,14
,3b33e0786c21609196bb119863249adb2cec8ae4d97f8924805453bfaf08a8b4,NEW_REPAIRED_CHUNK,TARGETED_REPAIR_QUALITY_GATE,REPAIRED_CHUNK,1Y00_IZEFBzWh2VtPl6ROFtEawHVXyJB-,23
,916ec179d9da235e006c49e4f3b6f1cb33e5a53f4183faf0a545307900df0045,NEW_REPAIRED_CHUNK,TARGETED_REPAIR_QUALITY_GATE,REPAIRED_CHUNK,1Y00_IZEFBzWh2VtPl6ROFtEawHVXyJB-,23
,c1bb26b2ad7f5dfbcd676460f651d4a9291241e4ff18591c1f1d06c7a89aa540,NEW_REPAIRED_CHUNK,TARGETED_REPAIR_QUALITY_GATE,REPAIRED_CHUNK,1Y00_IZEFBzWh2VtPl6ROFtEawHVXyJB-,23
,a5942afad846c98d11aaf703fb13750af224a5d8160a6a7c25c1bba78b8c4513,NEW_REPAIRED_CHUNK,TARGETED_REPAIR_QUALITY_GATE,REPAIRED_CHUNK,1Y00_IZEFBzWh2VtPl6ROFtEawHVXyJB-,23
,ed71e91eba183590aefeb44f420344f95174d2ba42679aaa640c066a44bd5043,NEW_REPAIRED_CHUNK,TARGETED_REPAIR_QUALITY_GATE,REPAIRED_CHUNK,1Y00_IZEFBzWh2VtPl6ROFtEawHVXyJB-,23
,b8d4c47c3b71b2d6385a546668bb15df283ab700b566bb9ceb37ed8e8bbb4f27,NEW_REPAIRED_CHUNK,TARGETED_REPAIR_QUALITY_GATE,REPAIRED_CHUNK,1Y00_IZEFBzWh2VtPl6ROFtEawHVXyJB-,23
,f78ef928bbebe03c1e06d5accfdf7ab563bfb4132fbf5c1d9e3cc721900fc65a,NEW_REPAIRED_CHUNK,TARGETED_REPAIR_QUALITY_GATE,REPAIRED_CHUNK,1Y00_IZEFBzWh2VtPl6ROFtEawHVXyJB-,23
,5c962bd03756c7e44ec477fc9047e15271edf127fba0fa7dde245e64608c4724,NEW_REPAIRED_CHUNK,TARGETED_REPAIR_QUALITY_GATE,REPAIRED_CHUNK,1Y00_IZEFBzWh2VtPl6ROFtEawHVXyJB-,23
,4f9c4605d2e49b5445444005eb08b686bbd48936ab2885d61347ffa736274636,NEW_REPAIRED_CHUNK,TARGETED_REPAIR_QUALITY_GATE,REPAIRED_CHUNK,1Y00_IZEFBzWh2VtPl6ROFtEawHVXyJB-,23
,6b32337ae819592dba6ec1458aec14c17f3a8b23e8a73ae5d1b8ed2abaea5a6c,NEW_REPAIRED_CHUNK,TARGETED_REPAIR_QUALITY_GATE,REPAIRED_CHUNK,1Y00_IZEFBzWh2VtPl6ROFtEawHVXyJB-,23
,132aa1a2344d87c92d12c4a1c1b44cfec61a3f861bba7dcaffe3dbc2f2a8c65c,NEW_REPAIRED_CHUNK,TARGETED_REPAIR_QUALITY_GATE,REPAIRED_CHUNK,1Y00_IZEFBzWh2VtPl6ROFtEawHVXyJB-,23
,2a4f682f7ec7782e74ac8fc2131a1611ef7a84599273b3c5005be27e6d4a3701,NEW_REPAIRED_CHUNK,TARGETED_REPAIR_QUALITY_GATE,REPAIRED_CHUNK,1Y00_IZEFBzWh2VtPl6ROFtEawHVXyJB-,23
,40fd3b47915d725e34185801ea8b585baeb9c6e9daa885dbd8f34f945f0ded82,NEW_REPAIRED_CHUNK,TARGETED_REPAIR_QUALITY_GATE,REPAIRED_CHUNK,1Y00_IZEFBzWh2VtPl6ROFtEawHVXyJB-,23
,7d6d845192ba6284cb5be271c920bc1c8d0c56c61eb5210e7fe8d070131f8c9e,NEW_REPAIRED_CHUNK,TARGETED_REPAIR_QUALITY_GATE,REPAIRED_CHUNK,1Y00_IZEFBzWh2VtPl6ROFtEawHVXyJB-,23
,c952c71e6355f2cbdf9c4520e02cf3231e4416bc297a93872a03db7ba9bcf560,NEW_REPAIRED_CHUNK,TARGETED_REPAIR_QUALITY_GATE,REPAIRED_CHUNK,1Y00_IZEFBzWh2VtPl6ROFtEawHVXyJB-,24
,046e34b307d452468278ddbdf1b501c37e86eba019116c4d773c84a435fabf55,NEW_REPAIRED_CHUNK,TARGETED_REPAIR_QUALITY_GATE,REPAIRED_CHUNK,1Y00_IZEFBzWh2VtPl6ROFtEawHVXyJB-,24
,18a557f34838d6fcb7c408614581b951be5b498250ee7b12b9f062d1903a786b,NEW_REPAIRED_CHUNK,TARGETED_REPAIR_QUALITY_GATE,REPAIRED_CHUNK,1Y00_IZEFBzWh2VtPl6ROFtEawHVXyJB-,24
,845880664c6c6ae41361871706713e4fafa02f23f9d841b2e4f8800afdcf0e66,NEW_REPAIRED_CHUNK,TARGETED_REPAIR_QUALITY_GATE,REPAIRED_CHUNK,1Y00_IZEFBzWh2VtPl6ROFtEawHVXyJB-,24
,f28e0a885230f69d4fedc042f2bab8c60fc292fd8872638ea364e16722b891d2,NEW_REPAIRED_CHUNK,TARGETED_REPAIR_QUALITY_GATE,REPAIRED_CHUNK,1Y00_IZEFBzWh2VtPl6ROFtEawHVXyJB-,24
,1c73ec96bb63db75c0816c2a5a337d2e19f68ae563f2a9451132b36098c16241,NEW_REPAIRED_CHUNK,TARGETED_REPAIR_QUALITY_GATE,REPAIRED_CHUNK,1Y00_IZEFBzWh2VtPl6ROFtEawHVXyJB-,24
,ed10c98729416f6e1b7333231e662b3fc0c30605ba70e7c1cdc7cd1d2dcc20f0,NEW_REPAIRED_CHUNK,TARGETED_REPAIR_QUALITY_GATE,REPAIRED_CHUNK,1Y00_IZEFBzWh2VtPl6ROFtEawHVXyJB-,24
,4ec670bed125e2eda1b6b5bf06099a67543439b3a96a4f118d9f01d8711b1bb3,NEW_REPAIRED_CHUNK,TARGETED_REPAIR_QUALITY_GATE,REPAIRED_CHUNK,1Y00_IZEFBzWh2VtPl6ROFtEawHVXyJB-,24
,aa40a3833494c64b502e02ddd1e252b0a2aae10090b259e86460244ff516c504,NEW_REPAIRED_CHUNK,TARGETED_REPAIR_QUALITY_GATE,REPAIRED_CHUNK,1Y00_IZEFBzWh2VtPl6ROFtEawHVXyJB-,24
,e4cae00d6479640879953570d28b9ec5b7fe184a87a7863d77e6a0d96a3592d5,NEW_REPAIRED_CHUNK,TARGETED_REPAIR_QUALITY_GATE,REPAIRED_CHUNK,1Y00_IZEFBzWh2VtPl6ROFtEawHVXyJB-,24
,96f349dc805a6b900304f254e3aeca45f0635295ea2507380a8fd9ac685abed8,NEW_REPAIRED_CHUNK,TARGETED_REPAIR_QUALITY_GATE,REPAIRED_CHUNK,1Y00_IZEFBzWh2VtPl6ROFtEawHVXyJB-,24
,9728821fc65fb5e38d7dfd5d90aeee1bf585156d55bd8a8b3e7aacb8dfb327d4,NEW_REPAIRED_CHUNK,TARGETED_REPAIR_QUALITY_GATE,REPAIRED_CHUNK,1Y00_IZEFBzWh2VtPl6ROFtEawHVXyJB-,24
,157b438101dabb9d87f3732f695fe1e372ad8df0946572da74c8f5dda74c60c3,NEW_REPAIRED_CHUNK,TARGETED_REPAIR_QUALITY_GATE,REPAIRED_CHUNK,1Y00_IZEFBzWh2VtPl6ROFtEawHVXyJB-,24
,8ce1e6966ca9f795b565bb949f2e02ad407f4cc60822863567e1f0eaf25d837f,NEW_REPAIRED_CHUNK,TARGETED_REPAIR_QUALITY_GATE,REPAIRED_CHUNK,1Y00_IZEFBzWh2VtPl6ROFtEawHVXyJB-,24
,b79badcc055f591e56608202d866245a50de1acfc3203d8597a73088a66e910a,NEW_REPAIRED_CHUNK,TARGETED_REPAIR_QUALITY_GATE,REPAIRED_CHUNK,1Y00_IZEFBzWh2VtPl6ROFtEawHVXyJB-,24
,35776b6e3cd2f77993d7e43f4918bc57cf65e9e3a3c026fad126932bfd5aa5fe,NEW_REPAIRED_CHUNK,TARGETED_REPAIR_QUALITY_GATE,REPAIRED_CHUNK,1Y00_IZEFBzWh2VtPl6ROFtEawHVXyJB-,24
,7df0474ddcf5766a2941363a842137893928b5f704ac347c6e2a9a5cd02ffea9,NEW_REPAIRED_CHUNK,TARGETED_REPAIR_QUALITY_GATE,REPAIRED_CHUNK,1Y00_IZEFBzWh2VtPl6ROFtEawHVXyJB-,24
,1d4685979fdab381b0a7616f488edde62df18aeaf0747dafeee89721f1a2c45f,NEW_REPAIRED_CHUNK,TARGETED_REPAIR_QUALITY_GATE,REPAIRED_CHUNK,1Y00_IZEFBzWh2VtPl6ROFtEawHVXyJB-,24
,b5e9560b61eaeb9fcf6daa986b3c5311138db2aaa7728e6887d03be0b83f7122,NEW_REPAIRED_CHUNK,TARGETED_REPAIR_QUALITY_GATE,REPAIRED_CHUNK,1Y00_IZEFBzWh2VtPl6ROFtEawHVXyJB-,24
,0074d54302be6ee75a9bb9d96cc0526f8279f42d34dacbd0e46b45c5b3bedbdb,NEW_REPAIRED_CHUNK,TARGETED_REPAIR_QUALITY_GATE,REPAIRED_CHUNK,1Y00_IZEFBzWh2VtPl6ROFtEawHVXyJB-,4
,967abb567c17c06d7909cabe09376ce41a5860da84f961c9189d6085df79db8b,NEW_REPAIRED_CHUNK,TARGETED_REPAIR_QUALITY_GATE,REPAIRED_CHUNK,1E3ipo7b2wDHt3w6ppVkgp4p20PCO4qjC,21
,cbbfedf086ab0c60d4cbfdc258b0df312ca11c18302b1fb77fcde53b0a517be7,NEW_REPAIRED_CHUNK,TARGETED_REPAIR_QUALITY_GATE,REPAIRED_CHUNK,1E3ipo7b2wDHt3w6ppVkgp4p20PCO4qjC,21
,eb13758f582ed91857fe7eec5bc05825c83a29ce2cea1e330dc50ce781b385e5,NEW_REPAIRED_CHUNK,TARGETED_REPAIR_QUALITY_GATE,REPAIRED_CHUNK,1-mlwDmE3-y5lr7V6_wqfinIM-Zx1Rifr,1
,269281336e935055ec59d7f2083e4703035f1a558505d4d301b978084d906817,NEW_REPAIRED_CHUNK,TARGETED_REPAIR_QUALITY_GATE,REPAIRED_CHUNK,1-mlwDmE3-y5lr7V6_wqfinIM-Zx1Rifr,1
